{
  "001_\uc0bc\uc131\uc804\uc790(005930)": 502.90291043224624,
  "002_SK\ud558\uc774\ub2c9\uc2a4(000660)": 582.2367744384599,
  "003_LG\uc5d0\ub108\uc9c0\uc194\ub8e8\uc158(373220)": 3620.1768711640034,
  "004_\uc0bc\uc131\ubc14\uc774\uc624\ub85c\uc9c1\uc2a4(207940)": 7093.977732948544,
  "005_\uc0bc\uc131\uc804\uc790\uc6b0(005935)": 328.4902056989565,
  "006_\ud604\ub300\ucc28(005380)": 1238.7966202466787,
  "007_\uae30\uc544(000270)": 688.7778424768936,
  "008_\uc140\ud2b8\ub9ac\uc628(068270)": 3244.8845584411456,
  "009_POSCO\ud640\ub529\uc2a4(005490)": 72770.73799840349,
  "010_KB\uae08\uc735(105560)": 155.69063727846205,
  "011_NAVER(035420)": 1438.2852636547689,
  "012_\uc0bc\uc131SDI(006400)": 6075.302730703153,
  "013_LG\ud654\ud559(051910)": 7046.754689520499,
  "014_\uc0bc\uc131\ubb3c\uc0b0(028260)": 605.0855730561428,
  "015_\uc2e0\ud55c\uc9c0\uc8fc(055550)": 183.05948722028364,
  "016_\ud3ec\uc2a4\ucf54\ud4e8\ucc98\uc5e0(003670)": 53693.98759200102,
  "017_\uce74\uce74\uc624(035720)": 1058.1002020235517,
  "018_\ud604\ub300\ubaa8\ube44\uc2a4(012330)": 1230.0138833968508,
  "019_\uc0bc\uc131\uc0dd\uba85(032830)": 237.7443908541051,
  "020_\ud558\ub098\uae08\uc735\uc9c0\uc8fc(086790)": 240.11571286423649,
  "021_LG\uc804\uc790(066570)": 732.0922380193097,
  "022_\uba54\ub9ac\uce20\uae08\uc735\uc9c0\uc8fc(138040)": 7876.397907576443,
  "023_\uc0bc\uc131\ud654\uc7ac(000810)": 13393.753938696707,
  "024_\ud55c\uad6d\uc804\ub825(015760)": 189.01188177566578,
  "025_\ud55c\ubbf8\ubc18\ub3c4\uccb4(042700)": 27355.71903450906,
  "026_LG(003550)": 442.6700977536845,
  "027_\uc0bc\uc131\uc5d0\uc2a4\ub514\uc5d0\uc2a4(018260)": 817.7208821130337,
  "028_HD\ud604\ub300\uc911\uacf5\uc5c5(329180)": 1134.207535584405,
  "029_SK(034730)": 16953.8821033009,
  "030_\uce74\uce74\uc624\ubc45\ud06c(323410)": 264.1136692752979,
  "031_KT&G(033780)": 398.95239375042,
  "032_\uc0bc\uc131\uc804\uae30(009150)": 1300.2273258784462,
  "033_\ud06c\ub798\ud504\ud1a4(259960)": 5124.786865175736,
  "034_\uae30\uc5c5\uc740\ud589(024110)": 105.11004082208977,
  "035_SK\ud154\ub808\ucf64(017670)": 616.712241997153,
  "036_HMM(011200)": 578.1347496150794,
  "037_\ub450\uc0b0\uc5d0\ub108\ube4c\ub9ac\ud2f0(034020)": 176.94553869315834,
  "038_\ud55c\ud654\uc5d0\uc5b4\ub85c\uc2a4\ud398\uc774\uc2a4(012450)": 22830.627747028233,
  "039_SK\uc774\ub178\ubca0\uc774\uc158(096770)": 1592.128767413304,
  "040_\uc6b0\ub9ac\uae08\uc735\uc9c0\uc8fc(316140)": 78.04495891276017,
  "041_SK\uc2a4\ud018\uc5b4(402340)": 443.7543059484701,
  "042_\uc544\ubaa8\ub808\ud37c\uc2dc\ud53d(090430)": 2068.2923770564885,
  "043_\ud55c\ud654\uc624\uc158(042660)": 754.6935968019194,
  "044_\uace0\ub824\uc544\uc5f0(010130)": 3855.081858436119,
  "045_HD\ud55c\uad6d\uc870\uc120\ud574\uc591(009540)": 1111.5673691631673,
  "046_HD\ud604\ub300\uc77c\ub809\ud2b8\ub9ad(267260)": 29318.15262164771,
  "047_KT(030200)": 191.94303444633124,
  "048_\ud558\uc774\ube0c(352820)": 4478.49536675658,
  "049_\uc0bc\uc131\uc911\uacf5\uc5c5(010140)": 566.0400080523963,
  "050_S-Oil(010950)": 820.9146192795363,
  "051_\ud3ec\uc2a4\ucf54\uc778\ud130\ub0b4\uc154\ub110(047050)": 18941.651041612655,
  "052_\uc5d0\ucf54\ud504\ub85c\uba38\ud2f0(450080)": null,
  "053_\ub300\ud55c\ud56d\uacf5(003490)": 267.6384785847277,
  "054_\ud55c\uad6d\ud0c0\uc774\uc5b4\uc564\ud14c\ud06c\ub180\ub85c\uc9c0(161390)": 299.27623434236716,
  "055_DB\uc190\ud574\ubcf4\ud5d8(005830)": 9599.434538370775,
  "056_SK\ubc14\uc774\uc624\ud31c(326030)": 880.2896565085947,
  "057_\ud604\ub300\uae00\ub85c\ube44\uc2a4(086280)": 859.0743270295714,
  "058_LG\uc0dd\ud65c\uac74\uac15(051900)": 116800.9380137212,
  "059_\ud3ec\uc2a4\ucf54DX(022100)": 25145.30956042425,
  "060_\uc5d8\uc564\uc5d0\ud504(066970)": 4415.402364201408,
  "061_\uc720\ud55c\uc591\ud589(000100)": 2930.149047779311,
  "062_\ud604\ub300\ucc282\uc6b0B(005387)": 256.32380943133444,
  "063_\ub9e5\ucffc\ub9ac\uc778\ud504\ub77c(088980)": 29.067880087350396,
  "064_\uae08\uc591(001570)": 32575.342880045184,
  "065_HD\ud604\ub300(267250)": 385.7309788592353,
  "066_LS ELECTRIC(010120)": 9544.159400946275,
  "067_LG\ub514\uc2a4\ud50c\ub808\uc774(034220)": 125.82377277417463,
  "068_LG\uc774\ub178\ud14d(011070)": 2812.2571087833335,
  "069_\ub450\uc0b0\ubc25\ucea3(241560)": 1490.1002003865465,
  "070_\uc0bc\uc131E&A(028050)": 573.261506691996,
  "071_CJ\uc81c\uc77c\uc81c\ub2f9(097950)": 5766.985569014874,
  "072_\ud55c\uad6d\ud56d\uacf5\uc6b0\uc8fc(047810)": 469.9609183380352,
  "073_\ucf54\uc2a4\ubaa8\uc2e0\uc18c\uc7ac(005070)": 22483.867450065034,
  "074_\ub137\ub9c8\ube14(251270)": 2772.113333119726,
  "075_\uce74\uce74\uc624\ud398\uc774(377300)": 1870.730140256879,
  "076_\ub450\uc0b0\ub85c\ubcf4\ud2f1\uc2a4(454910)": null,
  "077_\ub86f\ub370\ucf00\ubbf8\uce7c(011170)": 4838.139187373264,
  "078_\uc0bc\uc131\uce74\ub4dc(029780)": 82.22195585474351,
  "079_\ubbf8\ub798\uc5d0\uc14b\uc99d\uad8c(006800)": 60.11410116622785,
  "080_SK\ubc14\uc774\uc624\uc0ac\uc774\uc5b8\uc2a4(302440)": 3180.212430711011,
  "081_LS(006260)": 8350.967371081284,
  "082_\ud55c\ud654\uc194\ub8e8\uc158(009830)": 1601.0924508630553,
  "083_\ud604\ub300\uc81c\ucca0(004020)": 283.73785462127597,
  "084_LG\uc720\ud50c\ub7ec\uc2a4(032640)": 289.2997341539592,
  "085_\ud604\ub300\uc624\ud1a0\uc5d0\ubc84(307950)": 32808.42373996869,
  "086_SK\uc544\uc774\uc774\ud14c\ud06c\ub180\ub85c\uc9c0(361610)": 1688.8711491839765,
  "087_SKC(011790)": 1357.2673487005477,
  "088_GS(078930)": 152.81121070001743,
  "089_\ucf54\uc6e8\uc774(021240)": 7651.607673145207,
  "090_NH\ud22c\uc790\uc99d\uad8c(005940)": 49.151570636845435,
  "091_\ud604\ub300\ub85c\ud15c(064350)": 394.3371046469437,
  "092_\ud55c\ubbf8\uc57d\ud488(128940)": 2244.45143477525,
  "093_\ud55c\uc9c4\uce7c(180640)": 796.168394296163,
  "094_\ud604\ub300\uac74\uc124(000720)": 141.98332206940023,
  "095_\uc5d4\uc528\uc18c\ud504\ud2b8(036570)": 54327.9083026929,
  "096_\uae08\ud638\uc11d\uc720(011780)": 1242.9327559498447,
  "097_\ud604\ub300\ucc28\uc6b0(005385)": 378.01356640104075,
  "098_\ud55c\uad6d\uae08\uc735\uc9c0\uc8fc(071050)": 673.1141160796864,
  "099_CJ(001040)": 830.0575024738648,
  "100_\ud55c\ud654\uc2dc\uc2a4\ud15c(272210)": 105.41939756226105,
  "101_\uc624\ub9ac\uc628(271560)": 787.4047901203327,
  "102_LIG\ub125\uc2a4\uc6d0(079550)": 5227.95979000501,
  "103_\uc30d\uc6a9C&E(003410)": 171.86878936399842,
  "104_\ud0a4\uc6c0\uc99d\uad8c(039490)": 1412.320133138227,
  "105_\uc0bc\uc131\uc99d\uad8c(016360)": 301.81844720710336,
  "106_\uac15\uc6d0\ub79c\ub4dc(035250)": 5793.123799780853,
  "107_HD\ud604\ub300\ubbf8\ud3ec(010620)": 537.432676179285,
  "108_\ud55c\uc628\uc2dc\uc2a4\ud15c(018880)": 428.3979021968923,
  "109_\ud6a8\uc131\uc911\uacf5\uc5c5(298040)": 84419.13444266321,
  "110_\ub86f\ub370\uc9c0\uc8fc(004990)": 621.5488821703705,
  "111_\ud604\ub300\ud574\uc0c1(001450)": 171.35890529098833,
  "112_CJ\ub300\ud55c\ud1b5\uc6b4(000120)": 8892.648005590956,
  "113_\uc544\ubaa8\ub808G(002790)": 1342.2308181227227,
  "114_BNK\uae08\uc735\uc9c0\uc8fc(138930)": 29.186815014940006,
  "115_JB\uae08\uc735\uc9c0\uc8fc(175330)": 834.734934494685,
  "116_\ub300\ud55c\uc804\uc120(001440)": 287.20923654574995,
  "117_\ud55c\ud654\uc0dd\uba85(088350)": 21.348911138346274,
  "118_\ud55c\uad6d\uac00\uc2a4\uacf5\uc0ac(036460)": 378.080677188663,
  "119_\uc774\uc218\ud398\ud0c0\uc2dc\uc2a4(007660)": 14285.895002827632,
  "120_F&F(383220)": 27781.009541134456,
  "121_\ub450\uc0b0(000150)": 3136.037936136968,
  "122_\ud55c\uc804\uae30\uc220(052690)": 478.4861445260371,
  "123_\ud720\ub77c\ud640\ub529\uc2a4(081660)": 306.01300249882036,
  "124_\ub18d\uc2ec(004370)": 70022.33837557926,
  "125_\ud55c\ubbf8\uc0ac\uc774\uc5b8\uc2a4(008930)": 241.7755054946841,
  "126_\ud638\ud154\uc2e0\ub77c(008770)": 1297.805738844237,
  "127_\uc5d0\uc2a4\uc6d0(012750)": 265.1927797461414,
  "128_BGF\ub9ac\ud14c\uc77c(282330)": 1467.2816786042715,
  "129_KCC(002380)": 2449.133852420644,