{
  "001_\uc0bc\uc131\uc804\uc790(005930)": 0.0071602738700046594,
  "002_SK\ud558\uc774\ub2c9\uc2a4(000660)": 0.004517993261153258,
  "003_LG\uc5d0\ub108\uc9c0\uc194\ub8e8\uc158(373220)": 0.008548966630707288,
  "004_\uc0bc\uc131\ubc14\uc774\uc624\ub85c\uc9c1\uc2a4(207940)": 0.009917551548098006,
  "005_\uc0bc\uc131\uc804\uc790\uc6b0(005935)": 0.005708741750112837,
  "006_\ud604\ub300\ucc28(005380)": 0.006685993159291078,
  "007_\uae30\uc544(000270)": 0.007922187753239855,
  "008_\uc140\ud2b8\ub9ac\uc628(068270)": 0.021168668174559337,
  "009_POSCO\ud640\ub529\uc2a4(005490)": 0.1457795782742946,
  "010_KB\uae08\uc735(105560)": 0.002883122011118575,
  "011_NAVER(035420)": 0.007171011359634344,
  "012_\uc0bc\uc131SDI(006400)": 0.013048574579716614,
  "013_LG\ud654\ud559(051910)": 0.014527023225445464,
  "014_\uc0bc\uc131\ubb3c\uc0b0(028260)": 0.0051186397400688165,
  "015_\uc2e0\ud55c\uc9c0\uc8fc(055550)": 0.0050958304413880546,
  "016_\ud3ec\uc2a4\ucf54\ud4e8\ucc98\uc5e0(003670)": 0.15614604435650756,
  "017_\uce74\uce74\uc624(035720)": 0.024281747923852706,
  "018_\ud604\ub300\ubaa8\ube44\uc2a4(012330)": 0.0054108692454229255,
  "019_\uc0bc\uc131\uc0dd\uba85(032830)": 0.003360275144300659,
  "020_\ud558\ub098\uae08\uc735\uc9c0\uc8fc(086790)": 0.005758690900830358,
  "021_LG\uc804\uc790(066570)": 0.0071721520412298175,
  "022_\uba54\ub9ac\uce20\uae08\uc735\uc9c0\uc8fc(138040)": 0.14345982088216183,
  "023_\uc0bc\uc131\ud654\uc7ac(000810)": 0.05199164379512182,
  "024_\ud55c\uad6d\uc804\ub825(015760)": 0.010289719992221773,
  "025_\ud55c\ubbf8\ubc18\ub3c4\uccb4(042700)": 0.47466288888054575,
  "026_LG(003550)": 0.005320196416700021,
  "027_\uc0bc\uc131\uc5d0\uc2a4\ub514\uc5d0\uc2a4(018260)": 0.0054503298991781315,
  "028_HD\ud604\ub300\uc911\uacf5\uc5c5(329180)": 0.009179176765754261,
  "029_SK(034730)": 0.11074889193608271,
  "030_\uce74\uce74\uc624\ubc45\ud06c(323410)": 0.00999217657741315,
  "031_KT&G(033780)": 0.004459244381494545,
  "032_\uc0bc\uc131\uc804\uae30(009150)": 0.009645916320259025,
  "033_\ud06c\ub798\ud504\ud1a4(259960)": 0.024972012383393555,
  "034_\uae30\uc5c5\uc740\ud589(024110)": 0.008975227211272387,
  "035_SK\ud154\ub808\ucf64(017670)": 0.012278715330067785,
  "036_HMM(011200)": 0.035366733289202354,
  "037_\ub450\uc0b0\uc5d0\ub108\ube4c\ub9ac\ud2f0(034020)": 0.011728532569575281,
  "038_\ud55c\ud654\uc5d0\uc5b4\ub85c\uc2a4\ud398\uc774\uc2a4(012450)": 0.19451202327993924,
  "039_SK\uc774\ub178\ubca0\uc774\uc158(096770)": 0.011160539352573464,
  "040_\uc6b0\ub9ac\uae08\uc735\uc9c0\uc8fc(316140)": 0.006174675622777876,
  "041_SK\uc2a4\ud018\uc5b4(402340)": 0.008949795830514177,
  "042_\uc544\ubaa8\ub808\ud37c\uc2dc\ud53d(090430)": 0.016345263821241015,
  "043_\ud55c\ud654\uc624\uc158(042660)": 0.029427129283980693,
  "044_\uace0\ub824\uc544\uc5f0(010130)": 0.007833969718786492,
  "045_HD\ud55c\uad6d\uc870\uc120\ud574\uc591(009540)": 0.010641113503944245,
  "046_HD\ud604\ub300\uc77c\ub809\ud2b8\ub9ad(267260)": 0.371375973239019,
  "047_KT(030200)": 0.005664302534702391,
  "048_\ud558\uc774\ube0c(352820)": 0.02082693697285006,
  "049_\uc0bc\uc131\uc911\uacf5\uc5c5(010140)": 0.07218566452401035,
  "050_S-Oil(010950)": 0.011722820111028008,
  "051_\ud3ec\uc2a4\ucf54\uc778\ud130\ub0b4\uc154\ub110(047050)": 0.30262210786136967,
  "052_\uc5d0\ucf54\ud504\ub85c\uba38\ud2f0(450080)": null,
  "053_\ub300\ud55c\ud56d\uacf5(003490)": 0.012817140319620416,
  "054_\ud55c\uad6d\ud0c0\uc774\uc5b4\uc564\ud14c\ud06c\ub180\ub85c\uc9c0(161390)": 0.007150633038873855,
  "055_DB\uc190\ud574\ubcf4\ud5d8(005830)": 0.11087826816110966,
  "056_SK\ubc14\uc774\uc624\ud31c(326030)": 0.01033464608468401,
  "057_\ud604\ub300\uae00\ub85c\ube44\uc2a4(086280)": 0.004894259349625356,
  "058_LG\uc0dd\ud65c\uac74\uac15(051900)": 0.32835062487061956,
  "059_\ud3ec\uc2a4\ucf54DX(022100)": 0.46729286399328285,
  "060_\uc5d8\uc564\uc5d0\ud504(066970)": 0.02791122276767873,
  "061_\uc720\ud55c\uc591\ud589(000100)": 0.04373192912847279,
  "062_\ud604\ub300\ucc282\uc6b0B(005387)": 0.002385918507861908,
  "063_\ub9e5\ucffc\ub9ac\uc778\ud504\ub77c(088980)": 0.002366725064475217,
  "064_\uae08\uc591(001570)": 0.2929015863813464,
  "065_HD\ud604\ub300(267250)": 0.006239736864759691,
  "066_LS ELECTRIC(010120)": 0.11223739698909281,
  "067_LG\ub514\uc2a4\ud50c\ub808\uc774(034220)": 0.010850356461149189,
  "068_LG\uc774\ub178\ud14d(011070)": 0.01187336242291234,
  "069_\ub450\uc0b0\ubc25\ucea3(241560)": 0.029871170042939314,
  "070_\uc0bc\uc131E&A(028050)": 0.020257981999092862,
  "071_CJ\uc81c\uc77c\uc81c\ub2f9(097950)": 0.019330930992880857,
  "072_\ud55c\uad6d\ud56d\uacf5\uc6b0\uc8fc(047810)": 0.009702868356731374,
  "073_\ucf54\uc2a4\ubaa8\uc2e0\uc18c\uc7ac(005070)": 0.14193895509437268,
  "074_\ub137\ub9c8\ube14(251270)": 0.05854486511248009,
  "075_\uce74\uce74\uc624\ud398\uc774(377300)": 0.03965627981772067,
  "076_\ub450\uc0b0\ub85c\ubcf4\ud2f1\uc2a4(454910)": null,
  "077_\ub86f\ub370\ucf00\ubbf8\uce7c(011170)": 0.0330365978370724,
  "078_\uc0bc\uc131\uce74\ub4dc(029780)": 0.002587590328271635,
  "079_\ubbf8\ub798\uc5d0\uc14b\uc99d\uad8c(006800)": 0.008556366025934604,
  "080_SK\ubc14\uc774\uc624\uc0ac\uc774\uc5b8\uc2a4(302440)": 0.04646018140060658,
  "081_LS(006260)": 0.09204941935357769,
  "082_\ud55c\ud654\uc194\ub8e8\uc158(009830)": 0.05161608411170592,
  "083_\ud604\ub300\uc81c\ucca0(004020)": 0.008144988605791501,
  "084_LG\uc720\ud50c\ub7ec\uc2a4(032640)": 0.027998286537780012,
  "085_\ud604\ub300\uc624\ud1a0\uc5d0\ubc84(307950)": 0.1878406063457173,
  "086_SK\uc544\uc774\uc774\ud14c\ud06c\ub180\ub85c\uc9c0(361610)": 0.021998471351161886,
  "087_SKC(011790)": 0.016713538049663402,
  "088_GS(078930)": 0.0036819107055414257,
  "089_\ucf54\uc6e8\uc774(021240)": 0.16967683525078694,
  "090_NH\ud22c\uc790\uc99d\uad8c(005940)": 0.004755718338875709,
  "091_\ud604\ub300\ub85c\ud15c(064350)": 0.014333159488586855,
  "092_\ud55c\ubbf8\uc57d\ud488(128940)": 0.007593525775970152,
  "093_\ud55c\uc9c4\uce7c(180640)": 0.016210698187246825,
  "094_\ud604\ub300\uac74\uc124(000720)": 0.0039726245288576045,
  "095_\uc5d4\uc528\uc18c\ud504\ud2b8(036570)": 0.22610971514771805,
  "096_\uae08\ud638\uc11d\uc720(011780)": 0.009669818482719245,
  "097_\ud604\ub300\ucc28\uc6b0(005385)": 0.0035491352226338546,
  "098_\ud55c\uad6d\uae08\uc735\uc9c0\uc8fc(071050)": 0.012112911144030613,
  "099_CJ(001040)": 0.009634440173581262,
  "100_\ud55c\ud654\uc2dc\uc2a4\ud15c(272210)": 0.007771313131710209,
  "101_\uc624\ub9ac\uc628(271560)": 0.006648765158321402,
  "102_LIG\ub125\uc2a4\uc6d0(079550)": 0.04162508990805279,
  "103_\uc30d\uc6a9C&E(003410)": 0.029834870793281856,
  "104_\ud0a4\uc6c0\uc99d\uad8c(039490)": 0.01641584430914836,
  "105_\uc0bc\uc131\uc99d\uad8c(016360)": 0.007932914059698362,
  "106_\uac15\uc6d0\ub79c\ub4dc(035250)": 0.37641507534676266,
  "107_HD\ud604\ub300\ubbf8\ud3ec(010620)": 0.006909877127532427,
  "108_\ud55c\uc628\uc2dc\uc2a4\ud15c(018880)": 0.05945190116868104,
  "109_\ud6a8\uc131\uc911\uacf5\uc5c5(298040)": 0.46483965711008424,
  "110_\ub86f\ub370\uc9c0\uc8fc(004990)": 0.023552787234927233,
  "111_\ud604\ub300\ud574\uc0c1(001450)": 0.005473243965947074,
  "112_CJ\ub300\ud55c\ud1b5\uc6b4(000120)": 0.09847726524587143,
  "113_\uc544\ubaa8\ub808G(002790)": 0.04715205766929908,
  "114_BNK\uae08\uc735\uc9c0\uc8fc(138930)": 0.004142001729929447,
  "115_JB\uae08\uc735\uc9c0\uc8fc(175330)": 0.07905276733987636,
  "116_\ub300\ud55c\uc804\uc120(001440)": 0.02726653632000826,
  "117_\ud55c\ud654\uc0dd\uba85(088350)": 0.007560145714999113,
  "118_\ud55c\uad6d\uac00\uc2a4\uacf5\uc0ac(036460)": 0.015434395006768454,
  "119_\uc774\uc218\ud398\ud0c0\uc2dc\uc2a4(007660)": 0.51420441627418,
  "120_F&F(383220)": 0.3242036641397992,
  "121_\ub450\uc0b0(000150)": 0.035055318821583074,
  "122_\ud55c\uc804\uae30\uc220(052690)": 0.008062655694524246,
  "123_\ud720\ub77c\ud640\ub529\uc2a4(081660)": 0.008105736768563012,
  "124_\ub18d\uc2ec(004370)": 0.15785099055221302,