{
  "loss": [
    0.6734685301780701, 0.08970887213945389, 0.05398024246096611,
    0.027216903865337372, 0.02495679259300232, 0.01564713381230831,
    0.0145035395398736, 0.011565622873604298, 0.010709413327276707,
    0.009572289884090424, 0.008986749686300755, 0.008246093057096004,
    0.008538571186363697, 0.00783831812441349, 0.007787179667502642,
    0.007320976350456476, 0.007425351534038782, 0.007145361974835396,
    0.00704651465639472, 0.0069482396356761456, 0.006936138030141592,
    0.006739270407706499, 0.006786561105400324, 0.006623952183872461,
    0.006606621667742729, 0.0064268880523741245, 0.006441642064601183,
    0.006318641826510429, 0.00628012465313077, 0.006173801142722368,
    0.006149938330054283, 0.006104390602558851
  ],
  "val_loss": [
    0.037091195583343506, 0.07251247018575668, 0.038673799484968185,
    0.03488071635365486, 0.0102622639387846, 0.01770932786166668,
    0.011454446241259575, 0.009859949350357056, 0.009350430220365524,
    0.008392255753278732, 0.008001959882676601, 0.007192967459559441,
    0.008855106309056282, 0.009495347738265991, 0.009470694698393345,
    0.008040842600166798, 0.010058416053652763, 0.0092700170353055,
    0.009920051321387291, 0.008759049698710442, 0.010088842362165451,
    0.009000766091048717, 0.00930831115692854, 0.008863710798323154,
    0.009600860066711903, 0.008955230936408043, 0.009130352176725864,
    0.009194322861731052, 0.00918008852750063, 0.009382002055644989,
    0.00932538602501154, 0.009533864445984364
  ]
}
