{"loss": [0.6705310344696045, 0.13871753215789795, 0.05207698419690132, 0.043739911168813705, 0.028887996450066566, 0.0230639036744833, 0.020682990550994873, 0.014033275656402111, 0.015221163630485535, 0.011537063866853714, 0.011701841838657856, 0.00994111131876707, 0.009878220967948437, 0.008835348300635815, 0.008632148616015911, 0.00794945191591978, 0.007886488921940327, 0.007422920316457748, 0.007342497352510691, 0.00707726227119565, 0.006910094525665045, 0.006787595804780722, 0.006640658248215914, 0.006504077464342117, 0.00644655292853713, 0.006339510437101126, 0.006267527583986521, 0.0062143802642822266, 0.006143951788544655, 0.006091257557272911, 0.006040783599019051, 0.005995903629809618], "val_loss": [0.04578071087598801, 0.03515014424920082, 0.0374726839363575, 0.02874789573252201, 0.024127965793013573, 0.020203037187457085, 0.008795161731541157, 0.012179257348179817, 0.007653761189430952, 0.00843771081417799, 0.010177566669881344, 0.007932538166642189, 0.009612205438315868, 0.0074322582222521305, 0.007517920807003975, 0.007271346170455217, 0.0072553507052361965, 0.007220012601464987, 0.007203353568911552, 0.00718227494508028, 0.007223742548376322, 0.007200723048299551, 0.007185733411461115, 0.007204803638160229, 0.0072356536984443665, 0.007227005437016487, 0.007247078698128462, 0.007246806286275387, 0.007246710825711489, 0.007298211567103863, 0.007302464917302132, 0.007374918553978205]}