{"loss": [0.5378838181495667, 0.061725128442049026, 0.046708911657333374, 0.032490771263837814, 0.022079451009631157, 0.01737760566174984, 0.014203700236976147, 0.012442546896636486, 0.011646684259176254, 0.009628831408917904, 0.008071773685514927, 0.008340456523001194, 0.007530930917710066, 0.007106418255716562, 0.006931943353265524, 0.006356654688715935, 0.006625210400670767, 0.006110514979809523, 0.006242036819458008, 0.00583334406837821, 0.005865827202796936, 0.0056860558688640594, 0.005667708348482847, 0.005608775187283754, 0.005435386206954718, 0.005555875599384308, 0.005299029406160116, 0.005459303501993418, 0.005252286791801453, 0.00527434004470706, 0.005219645798206329, 0.005167914088815451], "val_loss": [0.01665349304676056, 0.11574703454971313, 0.010627864859998226, 0.04853873699903488, 0.018194027245044708, 0.021953167393803596, 0.01908496581017971, 0.013350875116884708, 0.013272382318973541, 0.009770887903869152, 0.009790697135031223, 0.01059495285153389, 0.01107584498822689, 0.012882179580628872, 0.011747961863875389, 0.01273925881832838, 0.01077591348439455, 0.01253510545939207, 0.00949653796851635, 0.012245602905750275, 0.009904816746711731, 0.011157520115375519, 0.010209792293608189, 0.010124608874320984, 0.01062697358429432, 0.010092535056173801, 0.010958758182823658, 0.0106310760602355, 0.010664135217666626, 0.011118326336145401, 0.010638771578669548, 0.010981540195643902]}