{"loss": [0.4533435106277466, 0.05648774281144142, 0.04251481965184212, 0.0266223456710577, 0.025962037965655327, 0.018577182665467262, 0.016778262332081795, 0.012523750774562359, 0.013069010339677334, 0.01168083492666483, 0.009478495456278324, 0.00922609493136406, 0.00832942221313715, 0.00791901908814907, 0.0074368915520608425, 0.007266253232955933, 0.0069633969105780125, 0.00687845004722476, 0.006619439925998449, 0.0066374619491398335, 0.006470325868576765, 0.006420852150768042, 0.006371537689119577, 0.006275545805692673, 0.006218861322849989, 0.006210798863321543, 0.0061419191770255566, 0.006096689496189356, 0.0060744681395590305, 0.006006117910146713, 0.0059976219199597836, 0.005956405308097601], "val_loss": [0.015270978212356567, 0.08179540187120438, 0.045464061200618744, 0.017785392701625824, 0.02359619550406933, 0.01781476102769375, 0.013114476576447487, 0.01636470854282379, 0.008425621315836906, 0.00866102147847414, 0.011855748482048512, 0.007158372551202774, 0.012643998488783836, 0.007389863952994347, 0.009308485314249992, 0.008073356933891773, 0.007905303500592709, 0.009263836778700352, 0.008222442120313644, 0.008244245313107967, 0.008803391829133034, 0.008065423928201199, 0.008418664336204529, 0.008037853054702282, 0.007991533726453781, 0.008265852928161621, 0.007967493496835232, 0.008149899542331696, 0.008246978744864464, 0.00811712071299553, 0.008169987238943577, 0.008353103883564472]}