{
  "loss": [
    0.38334134221076965, 0.08782187104225159, 0.039858847856521606,
    0.03103768639266491, 0.020888200029730797, 0.015991443768143654,
    0.014155418612062931, 0.012803318910300732, 0.01133075449615717,
    0.010374353267252445, 0.009676702320575714, 0.008890923112630844,
    0.008697175420820713, 0.008335486054420471, 0.008041606284677982,
    0.008123024366796017, 0.007907346822321415, 0.007524251472204924,
    0.007663330063223839, 0.007523204665631056, 0.007384238764643669,
    0.007274143397808075, 0.007353262510150671, 0.007226041052490473,
    0.007102331146597862, 0.00706282677128911, 0.007097303401678801,
    0.007009079214185476, 0.006897367537021637, 0.006835221778601408,
    0.006836105138063431, 0.006775483023375273
  ],
  "val_loss": [
    0.02355479635298252, 0.050135016441345215, 0.02171541377902031,
    0.024847455322742462, 0.015374759212136269, 0.019228991121053696,
    0.017223674803972244, 0.017596445977687836, 0.015274417586624622,
    0.01650119759142399, 0.015980295836925507, 0.010941785760223866,
    0.011949744075536728, 0.011521331034600735, 0.012770461849868298,
    0.012082011438906193, 0.011062976904213428, 0.011646032333374023,
    0.011259060353040695, 0.011637615971267223, 0.011307019740343094,
    0.0119673116132617, 0.011615241877734661, 0.011597449891269207,
    0.011242115870118141, 0.011510588228702545, 0.011510668322443962,
    0.011621927842497826, 0.011458017863333225, 0.011603063903748989,
    0.011527697555720806, 0.011546190828084946
  ]
}
