{"loss": [0.5700694918632507, 0.08182894438505173, 0.0465661883354187, 0.0314008928835392, 0.02503647841513157, 0.020476559177041054, 0.015723111107945442, 0.015413176268339157, 0.013102899305522442, 0.01028513815253973, 0.010994884185492992, 0.009956053458154202, 0.008873512037098408, 0.009134107269346714, 0.008423657156527042, 0.008218531496822834, 0.007948335260152817, 0.007550939451903105, 0.007764378562569618, 0.007327893283218145, 0.007514579221606255, 0.0072359503246843815, 0.007299734279513359, 0.007080288603901863, 0.00713198771700263, 0.00697004608809948, 0.0069998204708099365, 0.006840992718935013, 0.006891302298754454, 0.006744014099240303, 0.006734126713126898, 0.006685774773359299], "val_loss": [0.04548757150769234, 0.04358253628015518, 0.023420127108693123, 0.026455195620656013, 0.03758703172206879, 0.024210816249251366, 0.018642321228981018, 0.019949330016970634, 0.01487056165933609, 0.012840100564062595, 0.012465320527553558, 0.014683914370834827, 0.011741961352527142, 0.013019287958741188, 0.013398238457739353, 0.01397764217108488, 0.012696173042058945, 0.013692016713321209, 0.013851857744157314, 0.01314048282802105, 0.01377651747316122, 0.014256521128118038, 0.01424738485366106, 0.013685165904462337, 0.014149009250104427, 0.01390655804425478, 0.013639125041663647, 0.014029099605977535, 0.013991368934512138, 0.013959500938653946, 0.014273245818912983, 0.014218924567103386]}