{"loss": [1.8815033435821533, 0.2266453504562378, 0.05798964202404022, 0.04198698326945305, 0.0245254784822464, 0.022419895976781845, 0.024290617555379868, 0.026615522801876068, 0.038870688527822495, 0.03518419712781906, 0.02630489505827427, 0.022814754396677017, 0.025228381156921387, 0.016740180552005768, 0.013707456178963184, 0.015810679644346237, 0.011795207858085632, 0.008737888187170029, 0.009046783670783043, 0.007034920156002045, 0.0070050498470664024, 0.010101081803441048, 0.008910056203603745, 0.00838557444512844, 0.0077660479582846165, 0.006021929904818535, 0.005733330734074116, 0.007391727063804865, 0.006810794118791819, 0.006999494973570108, 0.007842153310775757, 0.00791687611490488], "val_loss": [0.6044518947601318, 0.07721132785081863, 0.09458459913730621, 0.07491176575422287, 0.08921284228563309, 0.12596061825752258, 0.06862989068031311, 0.033527057617902756, 0.05966835469007492, 0.06648462265729904, 0.07632263749837875, 0.04607512056827545, 0.043138857930898666, 0.03522829711437225, 0.021877318620681763, 0.027115168049931526, 0.04012210667133331, 0.02227805182337761, 0.02284957282245159, 0.01996990665793419, 0.02982235513627529, 0.04034823179244995, 0.020280422642827034, 0.022828780114650726, 0.022705912590026855, 0.03056601621210575, 0.03925047814846039, 0.038448888808488846, 0.017978908494114876, 0.01963546685874462, 0.011999005451798439, 0.016737334430217743]}