{"loss": [0.5763748288154602, 0.17347274720668793, 0.09258239716291428, 0.05792660638689995, 0.03293517604470253, 0.028275227174162865, 0.01808568648993969, 0.011486317962408066, 0.011406075209379196, 0.008818759582936764, 0.007602705154567957, 0.006959548685699701, 0.005760677624493837, 0.005125273019075394, 0.004837764427065849, 0.004231028258800507, 0.003834720700979233, 0.0036011200863868, 0.003150978358462453, 0.002940298058092594, 0.002764413133263588, 0.0025411483366042376, 0.002276690909639001, 0.0021372688934206963, 0.001966371200978756, 0.0017821666551753879, 0.0016690194606781006, 0.001517295720987022, 0.0014132688520476222, 0.0013125110417604446, 0.0011958259856328368, 0.0011269648093730211], "val_loss": [0.020382549613714218, 0.08305676281452179, 0.01874426379799843, 0.014396575279533863, 0.010309635661542416, 0.014678633771836758, 0.013442049734294415, 0.016582144424319267, 0.007058188784867525, 0.006682516075670719, 0.0086514288559556, 0.008333186618983746, 0.00971844233572483, 0.008943954482674599, 0.0076484703458845615, 0.007165989372879267, 0.007743064314126968, 0.009033854119479656, 0.007927946746349335, 0.00786218885332346, 0.006576921790838242, 0.0063300663605332375, 0.0067668515257537365, 0.006601431407034397, 0.006245339289307594, 0.0057335360907018185, 0.005254865624010563, 0.005349666345864534, 0.005270704161375761, 0.005163932219147682, 0.004822185263037682, 0.0046210563741624355]}