{"loss": [0.327348530292511, 0.08017434924840927, 0.042925067245960236, 0.02844010852277279, 0.022629771381616592, 0.015724020078778267, 0.01611255295574665, 0.013080981560051441, 0.011832568794488907, 0.011843468062579632, 0.009928411804139614, 0.009868444874882698, 0.009276150725781918, 0.009106787852942944, 0.008977353572845459, 0.008608013391494751, 0.008603990077972412, 0.008436628617346287, 0.008302255533635616, 0.008120736107230186, 0.008151911199092865, 0.008049135096371174, 0.00800789799541235, 0.007788891904056072, 0.007755921222269535, 0.007770424708724022, 0.007772164419293404, 0.008060784079134464, 0.008096595294773579, 0.0075744097121059895, 0.007680777460336685, 0.008398795500397682], "val_loss": [0.06972581148147583, 0.017981568351387978, 0.022235184907913208, 0.018656287342309952, 0.016664784401655197, 0.016938794404268265, 0.013523838482797146, 0.011774837039411068, 0.012332839891314507, 0.010251417756080627, 0.010495745576918125, 0.010276866145431995, 0.010304177179932594, 0.010366704314947128, 0.009764621965587139, 0.009624127298593521, 0.009582526981830597, 0.00961038377135992, 0.009382747113704681, 0.009437931701540947, 0.009284637868404388, 0.009353802539408207, 0.009272846393287182, 0.009305535815656185, 0.009297173470258713, 0.009312625974416733, 0.009415111504495144, 0.009398759342730045, 0.009482295252382755, 0.009361031465232372, 0.009346997365355492, 0.00954456441104412]}