{"loss": [3.2259914875030518, 0.20337142050266266, 0.10647863894701004, 0.05822455510497093, 0.050375357270240784, 0.029226941987872124, 0.025172390043735504, 0.01687898486852646, 0.01595042087137699, 0.014288587495684624, 0.01274189818650484, 0.012081584893167019, 0.011632091365754604, 0.00918896310031414, 0.008470301516354084, 0.008846639655530453, 0.00837002694606781, 0.0072989086620509624, 0.00962822139263153, 0.008284687995910645, 0.008858073502779007, 0.0072647202759981155, 0.0074730669148266315, 0.006108207628130913, 0.005926425103098154, 0.0057477341033518314, 0.005882045719772577, 0.005900218617171049, 0.005315715912729502, 0.006361925043165684, 0.006143459118902683, 0.005201376508921385], "val_loss": [0.19174768030643463, 0.06273803114891052, 0.08474723994731903, 0.07314508408308029, 0.10082355886697769, 0.03447588160634041, 0.034869611263275146, 0.02999759465456009, 0.0284192506223917, 0.02832401916384697, 0.019883884117007256, 0.02690802700817585, 0.017805663868784904, 0.021595872938632965, 0.03472520411014557, 0.032033175230026245, 0.0169741939753294, 0.025819281116127968, 0.02139216847717762, 0.04123013839125633, 0.028766073286533356, 0.016844546422362328, 0.023009220138192177, 0.028571700677275658, 0.018047910183668137, 0.0169032234698534, 0.023112289607524872, 0.021836675703525543, 0.01733972877264023, 0.020000772550702095, 0.022260382771492004, 0.01910778135061264]}