{"loss": [0.5915810465812683, 0.13294896483421326, 0.07787994295358658, 0.05866560339927673, 0.031857822090387344, 0.027065791189670563, 0.025574155151844025, 0.016322053968906403, 0.013601474463939667, 0.013310910202562809, 0.00923742726445198, 0.008778491988778114, 0.0083779850974679, 0.006787569727748632, 0.006189284846186638, 0.005658987909555435, 0.004798084031790495, 0.004202520940452814, 0.0038758001755923033, 0.003529586596414447, 0.0031716565135866404, 0.00282103824429214, 0.0025697273667901754, 0.0023323195055127144, 0.0021278494969010353, 0.0019162934040650725, 0.0017535140505060554, 0.0015993500128388405, 0.001476700883358717, 0.001367369550280273, 0.0012733378680422902, 0.0011891740141436458], "val_loss": [0.11864123493432999, 0.17113132774829865, 0.025355223566293716, 0.03293219953775406, 0.07112134248018265, 0.02199297770857811, 0.023782942444086075, 0.037201084196567535, 0.012335618026554585, 0.01630651392042637, 0.021502410992980003, 0.012462888844311237, 0.01419742126017809, 0.012690883129835129, 0.009334775619208813, 0.00920099951326847, 0.009479097090661526, 0.0076310038566589355, 0.008123358711600304, 0.007282537873834372, 0.006438119802623987, 0.006790759973227978, 0.005646744277328253, 0.0057167899794876575, 0.005274720955640078, 0.004874105099588633, 0.0048035928048193455, 0.00436912477016449, 0.004390132147818804, 0.004077520687133074, 0.004120299126952887, 0.0039337314665317535]}