{"loss": [0.38223886489868164, 0.1018972098827362, 0.07647179812192917, 0.04643982648849487, 0.03944012522697449, 0.032248713076114655, 0.023227326571941376, 0.0209830179810524, 0.018710630014538765, 0.01813260279595852, 0.01666785404086113, 0.015588747337460518, 0.01540546678006649, 0.014254024252295494, 0.014331081882119179, 0.013521621935069561, 0.013486052863299847, 0.013021745719015598, 0.012824160046875477, 0.012593173421919346, 0.012522643432021141, 0.012390624731779099, 0.012009532190859318, 0.01176121924072504, 0.011552552692592144, 0.011777878738939762, 0.011961600743234158, 0.011972131207585335, 0.011668875813484192, 0.011304824613034725, 0.011059746146202087, 0.011651990935206413], "val_loss": [0.09780357033014297, 0.11681114882230759, 0.03430626541376114, 0.05968492850661278, 0.05314373970031738, 0.02643224596977234, 0.028868211433291435, 0.022745784372091293, 0.025086840614676476, 0.021133428439497948, 0.022213229909539223, 0.025973115116357803, 0.020321499556303024, 0.024482589215040207, 0.021451611071825027, 0.023220838978886604, 0.025400366634130478, 0.024885034188628197, 0.02464584819972515, 0.02796817384660244, 0.03185325488448143, 0.029244741424918175, 0.028514618054032326, 0.02849326841533184, 0.03482085466384888, 0.04175476357340813, 0.04500493034720421, 0.02640451304614544, 0.02773309499025345, 0.03467841073870659, 0.05355400964617729, 0.03862786665558815]}