{"loss": [0.6629275679588318, 0.14588741958141327, 0.10162022709846497, 0.07896925508975983, 0.07077749818563461, 0.046802327036857605, 0.04623754695057869, 0.03926625847816467, 0.037325821816921234, 0.03310656547546387, 0.030605418607592583, 0.029607800766825676, 0.028374169021844864, 0.026938769966363907, 0.02635366842150688, 0.025417190045118332, 0.025040633976459503, 0.024624545127153397, 0.023742515593767166, 0.02330806478857994, 0.022988051176071167, 0.022653164342045784, 0.021960051730275154, 0.02186964452266693, 0.02151227556169033, 0.021042918786406517, 0.02072993479669094, 0.020529506728053093, 0.020236697047948837, 0.019834551960229874, 0.01963629201054573, 0.019315605983138084], "val_loss": [0.07972701638936996, 0.09012068063020706, 0.09443826973438263, 0.1125408187508583, 0.09669310599565506, 0.08238311111927032, 0.11128085851669312, 0.0609150193631649, 0.06122725456953049, 0.07061678916215897, 0.09027212113142014, 0.07992237061262131, 0.07012545317411423, 0.06978174299001694, 0.07550342381000519, 0.07939866930246353, 0.07657637447118759, 0.08024273067712784, 0.0942162275314331, 0.10240735858678818, 0.09917117655277252, 0.09688202291727066, 0.0996345803141594, 0.09997019171714783, 0.09992832690477371, 0.10067310184240341, 0.1019858568906784, 0.10390413552522659, 0.10447081178426743, 0.10767156630754471, 0.1086372509598732, 0.11041048169136047]}