{"loss": [0.9031230211257935, 0.17871175706386566, 0.10377727448940277, 0.07397777587175369, 0.06461673974990845, 0.03687426820397377, 0.03505236655473709, 0.028360219672322273, 0.028896603733301163, 0.021521665155887604, 0.02201017551124096, 0.019151020795106888, 0.017846761271357536, 0.013755209743976593, 0.014443345367908478, 0.012178042903542519, 0.011328784748911858, 0.0102481534704566, 0.009630474261939526, 0.008897016756236553, 0.008026969619095325, 0.007534942589700222, 0.006779205985367298, 0.006296902894973755, 0.005719940643757582, 0.005127133801579475, 0.0047356607392430305, 0.004191123880445957, 0.0038473058957606554, 0.003537932178005576, 0.003074073698371649, 0.002912515541538596], "val_loss": [0.1961219608783722, 0.10413707047700882, 0.15587477385997772, 0.10393986850976944, 0.05875787138938904, 0.03729313984513283, 0.03231486678123474, 0.04190252348780632, 0.024316877126693726, 0.02196180261671543, 0.01826249249279499, 0.017364993691444397, 0.018606310710310936, 0.021271275356411934, 0.025909388437867165, 0.029798654839396477, 0.02549661323428154, 0.02293314039707184, 0.024184152483940125, 0.023598352447152138, 0.023455321788787842, 0.024933353066444397, 0.02400837652385235, 0.02254079096019268, 0.022904053330421448, 0.021587098017334938, 0.020188108086586, 0.02000095136463642, 0.019208254292607307, 0.019085213541984558, 0.019164374098181725, 0.018451906740665436]}