{"loss": [6.565876483917236, 1.508230447769165, 0.5116391777992249, 0.40759074687957764, 0.3766351640224457, 0.3066180944442749, 0.1950652003288269, 0.11218071728944778, 0.08446070551872253, 0.06460603326559067, 0.05817429721355438, 0.045738670974969864, 0.039042599499225616, 0.029294747859239578, 0.0314968042075634, 0.07019663602113724, 0.1124449223279953, 0.21347829699516296, 0.13975399732589722, 0.08375490456819534, 0.06985357403755188, 0.04628254473209381, 0.03952295333147049, 0.07535755634307861, 0.0507134310901165, 0.04143070802092552, 0.02814844623208046, 0.028497226536273956, 0.018773313611745834, 0.01916487142443657, 0.01782931759953499, 0.015646852552890778], "val_loss": [6.61890983581543, 0.2837560176849365, 0.06044542044401169, 0.04138847067952156, 0.05260687693953514, 0.07720304280519485, 0.059614039957523346, 0.052830010652542114, 0.054175473749637604, 0.037319134920835495, 0.029886003583669662, 0.030610982328653336, 0.02772810123860836, 0.02639496885240078, 0.07451266795396805, 0.03914070129394531, 0.05236995592713356, 0.06392097473144531, 0.05464421957731247, 0.0771259143948555, 0.044044118374586105, 0.03770015388727188, 0.03771579638123512, 0.03841670975089073, 0.039576224982738495, 0.05288649722933769, 0.05001075193285942, 0.04441296309232712, 0.046334341168403625, 0.047787055373191833, 0.05131406709551811, 0.062010977417230606]}