{"loss": [1.9181854724884033, 0.23888781666755676, 0.19077426195144653, 0.16286231577396393, 0.18409796059131622, 0.19270558655261993, 0.224879190325737, 0.11920832842588425, 0.1074359118938446, 0.06930702924728394, 0.04964296892285347, 0.051348116248846054, 0.050070006400346756, 0.05811864137649536, 0.042352113872766495, 0.04085487127304077, 0.057981375604867935, 0.04474237188696861, 0.03412313759326935, 0.02958228997886181, 0.025294199585914612, 0.02578788250684738, 0.024697400629520416, 0.0210065059363842, 0.019121170043945312, 0.019069768488407135, 0.01866808906197548, 0.019640948623418808, 0.0213216133415699, 0.026348087936639786, 0.030429858714342117, 0.04368339106440544], "val_loss": [0.19057127833366394, 0.36127907037734985, 0.23113982379436493, 0.30301323533058167, 0.08565247058868408, 0.09050529450178146, 0.12774980068206787, 0.21548616886138916, 0.14578428864479065, 0.19172437489032745, 0.09100234508514404, 0.04414721950888634, 0.22967523336410522, 0.175050750374794, 0.17753054201602936, 0.1254052072763443, 0.460086852312088, 0.30944061279296875, 0.14884884655475616, 0.1866406798362732, 0.2229582518339157, 0.17009365558624268, 0.15532201528549194, 0.2023230493068695, 0.17675262689590454, 0.16573816537857056, 0.17536741495132446, 0.17436692118644714, 0.17515569925308228, 0.18769574165344238, 0.187208890914917, 0.19240298867225647]}