{"loss": [0.3316068649291992, 0.10113756358623505, 0.08701533079147339, 0.051913417875766754, 0.0437898263335228, 0.03844594210386276, 0.03427267447113991, 0.03394307196140289, 0.031301990151405334, 0.031036756932735443, 0.029773136600852013, 0.029368503019213676, 0.028549781069159508, 0.02823537401854992, 0.02770153246819973, 0.027393978089094162, 0.02689555287361145, 0.026555046439170837, 0.026094596832990646, 0.025692718103528023, 0.025371169671416283, 0.024959899485111237, 0.02447918988764286, 0.02404194511473179, 0.023834338411688805, 0.023534543812274933, 0.02278813347220421, 0.02237851172685623, 0.0221576951444149, 0.022221749648451805, 0.0218247938901186, 0.020367896184325218], "val_loss": [0.07179287075996399, 0.24161741137504578, 0.040131598711013794, 0.04087033122777939, 0.0455862358212471, 0.02684769406914711, 0.0333276130259037, 0.023384789004921913, 0.023420482873916626, 0.022290781140327454, 0.023461943492293358, 0.02500530704855919, 0.026495615020394325, 0.027417676523327827, 0.029226351529359818, 0.0319632887840271, 0.0332360602915287, 0.03773202747106552, 0.039851751178503036, 0.04432319104671478, 0.04981856793165207, 0.054466914385557175, 0.0614435039460659, 0.06824521720409393, 0.07683303952217102, 0.08588795363903046, 0.08987783640623093, 0.10116363316774368, 0.11109644919633865, 0.12000086158514023, 0.12746725976467133, 0.1272425800561905]}