{"loss": [0.4567815065383911, 0.1397157907485962, 0.05602077767252922, 0.034964073449373245, 0.0314389131963253, 0.02197098545730114, 0.021071404218673706, 0.017113881185650826, 0.0170242041349411, 0.01644367165863514, 0.01590760238468647, 0.013607560656964779, 0.011692773550748825, 0.010833295993506908, 0.010090433992445469, 0.008713080547749996, 0.007900051772594452, 0.0073004490695893764, 0.0062836636789143085, 0.005549741443246603, 0.004658784717321396, 0.0041007427498698235, 0.003485499881207943, 0.0029935806524008512, 0.0028505660593509674, 0.0023726611398160458, 0.002079114317893982, 0.0019309098133817315, 0.0019317129626870155, 0.0018048429628834128, 0.0014480681857094169, 0.0013015834847465158], "val_loss": [0.0548274964094162, 0.01898508332669735, 0.015097514726221561, 0.021783605217933655, 0.014203946106135845, 0.012309370562434196, 0.010282422415912151, 0.01090977992862463, 0.0122376075014472, 0.008574025705456734, 0.008194530382752419, 0.009831943549215794, 0.0082338722422719, 0.008113212883472443, 0.00712963379919529, 0.006905389949679375, 0.007263129111379385, 0.006376917008310556, 0.006178580690175295, 0.0061166733503341675, 0.005584191996604204, 0.005401988048106432, 0.005067733582109213, 0.004640734288841486, 0.004499219357967377, 0.004355703014880419, 0.0040529281832277775, 0.0037500401958823204, 0.003545579733327031, 0.00345670897513628, 0.0033584758639335632, 0.003115181578323245]}