{"loss": [2.137373208999634, 0.36717939376831055, 0.25163745880126953, 0.1544301062822342, 0.11497530341148376, 0.06086459383368492, 0.029059838503599167, 0.02356891520321369, 0.029111426323652267, 0.01738971285521984, 0.014832179993391037, 0.01293981820344925, 0.01098296046257019, 0.00901689101010561, 0.007493032608181238, 0.006262179929763079, 0.007478649728000164, 0.010841017588973045, 0.014046071097254753, 0.01422945037484169, 0.009949380531907082, 0.009569878689944744, 0.008267758414149284, 0.010482948273420334, 0.009252336807549, 0.00722230039536953, 0.012743547558784485, 0.016169359907507896, 0.010858654975891113, 0.007742177229374647, 0.008230095729231834, 0.007215945050120354], "val_loss": [0.534607470035553, 0.39575764536857605, 0.04600358381867409, 0.27360302209854126, 0.10790134221315384, 0.047249119728803635, 0.01879929192364216, 0.0393490307033062, 0.00812977459281683, 0.009880350902676582, 0.011034763418138027, 0.011657165363430977, 0.0090409554541111, 0.03016638569533825, 0.007645390462130308, 0.007921243086457253, 0.012570023536682129, 0.014050884172320366, 0.007604095619171858, 0.009019080549478531, 0.02065279334783554, 0.017853230237960815, 0.032927900552749634, 0.012677192687988281, 0.008471905253827572, 0.01748088374733925, 0.015266939997673035, 0.008103234693408012, 0.02324698492884636, 0.01766376569867134, 0.010746224783360958, 0.005212376359850168]}