{"loss": [0.28185102343559265, 0.050547000020742416, 0.028019167482852936, 0.02672259882092476, 0.01655540056526661, 0.014498775824904442, 0.011169671081006527, 0.00932964775711298, 0.008777093142271042, 0.0077032106928527355, 0.007651313208043575, 0.007194917183369398, 0.0070081003941595554, 0.006606262642890215, 0.006588313728570938, 0.006268070545047522, 0.006207900587469339, 0.006115211173892021, 0.0059515442699193954, 0.005898325238376856, 0.005832327995449305, 0.005735932849347591, 0.005693306215107441, 0.0056349546648561954, 0.005552808754146099, 0.005518518388271332, 0.005493739619851112, 0.005419615190476179, 0.005331232212483883, 0.005298774689435959, 0.005314185284078121, 0.005319240037351847], "val_loss": [0.020922331139445305, 0.007832386530935764, 0.011307650245726109, 0.009391373954713345, 0.006763494107872248, 0.013704397715628147, 0.008430056273937225, 0.007821181789040565, 0.008575882762670517, 0.00798675324767828, 0.006204054690897465, 0.007570487447082996, 0.006118524819612503, 0.006649373564869165, 0.006292721256613731, 0.0061378274112939835, 0.006460247561335564, 0.006136976182460785, 0.00627119792625308, 0.0063060880638659, 0.006171870976686478, 0.0061693210154771805, 0.006278577260673046, 0.0062194508500397205, 0.006136391777545214, 0.006224670447409153, 0.006318498868495226, 0.0062492722645401955, 0.006218342110514641, 0.006359020713716745, 0.006475203670561314, 0.00636347196996212]}