{"loss": [0.45587781071662903, 0.09563235193490982, 0.05196951702237129, 0.03025953657925129, 0.02431805431842804, 0.016601426526904106, 0.012400428764522076, 0.010963140986859798, 0.008329969830811024, 0.006357175763696432, 0.005756858736276627, 0.004537390079349279, 0.004081409424543381, 0.0036344428081065416, 0.0033558036666363478, 0.0027627211529761553, 0.0027052464429289103, 0.0023607152979820967, 0.002214752836152911, 0.002046148991212249, 0.0018574342830106616, 0.0017646796768531203, 0.0016061713686212897, 0.0015297761419788003, 0.0013884693617001176, 0.0013005490181967616, 0.001217960030771792, 0.0011173406383022666, 0.0010473740985617042, 0.0009601625497452915, 0.0008975264499895275, 0.0008307105745188892], "val_loss": [0.10742240399122238, 0.017207225784659386, 0.014049218036234379, 0.009075446054339409, 0.011666242964565754, 0.010944114066660404, 0.008973298594355583, 0.008854430168867111, 0.007591706234961748, 0.00640851678326726, 0.0060997577384114265, 0.0049518984742462635, 0.0036307983100414276, 0.003674199106171727, 0.003110339865088463, 0.0028610313311219215, 0.002830687677487731, 0.0024543788749724627, 0.0022887433879077435, 0.002252931473776698, 0.0021921556908637285, 0.0020794423762708902, 0.0021033717785030603, 0.002064695116132498, 0.0020000783260911703, 0.0018953102407976985, 0.0018591678235679865, 0.0018561717588454485, 0.0017120722914114594, 0.0016913595609366894, 0.0017157886177301407, 0.0016249275067821145]}