{"loss": [0.5680157542228699, 0.163431778550148, 0.06418400257825851, 0.03640107810497284, 0.02183992601931095, 0.016698231920599937, 0.015476908534765244, 0.011032876558601856, 0.009083234705030918, 0.009148280136287212, 0.007216656114906073, 0.006050197407603264, 0.005914982873946428, 0.005266502033919096, 0.004808701109141111, 0.004515846725553274, 0.003989098127931356, 0.0037699767854064703, 0.003539660247042775, 0.003259481629356742, 0.0030490774661302567, 0.0027952014934271574, 0.0026426613330841064, 0.0024886056780815125, 0.0023329192772507668, 0.0021804356947541237, 0.00206308183260262, 0.0019310720963403583, 0.0018372234189882874, 0.0017245928756892681, 0.0016459963517263532, 0.0015493599930778146], "val_loss": [0.021835029125213623, 0.0393926240503788, 0.06810057163238525, 0.020196374505758286, 0.010097943246364594, 0.016790596768260002, 0.008983232080936432, 0.0042952983640134335, 0.0031563255470246077, 0.004499648232012987, 0.0029000446666032076, 0.0025018067099153996, 0.003640413284301758, 0.0031146786641329527, 0.0034592999145388603, 0.0035314501728862524, 0.0021889274939894676, 0.002491364721208811, 0.0021067264024168253, 0.0024312762543559074, 0.0024466593749821186, 0.002074576448649168, 0.0020150355994701385, 0.0017540083499625325, 0.0019173227483406663, 0.001696666469797492, 0.0016188803128898144, 0.001396490610204637, 0.0014041911344975233, 0.0013147908030077815, 0.0012391817290335894, 0.001111897872760892]}