{"loss": [0.3615793287754059, 0.07886792719364166, 0.04488196223974228, 0.04319864511489868, 0.024755671620368958, 0.02135540544986725, 0.016190972179174423, 0.016128715127706528, 0.013962301425635815, 0.014385160058736801, 0.011580330319702625, 0.011353339068591595, 0.010163949802517891, 0.009890163317322731, 0.009530637413263321, 0.009835714474320412, 0.009362942539155483, 0.008842019364237785, 0.008492926135659218, 0.008486724458634853, 0.008203670382499695, 0.008136884309351444, 0.007992868311703205, 0.008001686073839664, 0.007842237129807472, 0.007987141609191895, 0.007867886684834957, 0.008176643401384354, 0.00807123351842165, 0.008303295820951462, 0.009197209030389786, 0.008128378540277481], "val_loss": [0.014222468249499798, 0.01847534067928791, 0.01668991707265377, 0.009032141417264938, 0.02075215056538582, 0.01012376043945551, 0.005791735835373402, 0.00439384626224637, 0.00869081448763609, 0.005322001874446869, 0.004655173979699612, 0.004697667434811592, 0.005845252890139818, 0.0051690321415662766, 0.004594135098159313, 0.004948791582137346, 0.004874533042311668, 0.004700290970504284, 0.004519625101238489, 0.00456410413607955, 0.004626351408660412, 0.004500649403780699, 0.004502347204834223, 0.004600983113050461, 0.004586158785969019, 0.0045455689541995525, 0.004725287202745676, 0.004950183909386396, 0.00474874023348093, 0.004718801472336054, 0.005205926951020956, 0.00503878016024828]}