{"loss": [1.7583094835281372, 0.4297972321510315, 0.23033584654331207, 0.11735904216766357, 0.0686405673623085, 0.04551608860492706, 0.03948616236448288, 0.032589662820100784, 0.026640702039003372, 0.02670716680586338, 0.053370460867881775, 0.06388461589813232, 0.08848939836025238, 0.1308758705854416, 0.1014285609126091, 0.06885633617639542, 0.1077347844839096, 0.11356299370527267, 0.08686511218547821, 0.0697980523109436, 0.06440433859825134, 0.047877050936222076, 0.05052482709288597, 0.056442346423864365, 0.05108228325843811, 0.03895929828286171, 0.03459781035780907, 0.029185837134718895, 0.025872904807329178, 0.020697081461548805, 0.017139432951807976, 0.014983471482992172], "val_loss": [0.37060844898223877, 0.11434773355722427, 0.03638269007205963, 0.036691486835479736, 0.02292884700000286, 0.03456408903002739, 0.025633348152041435, 0.023753099143505096, 0.01856992021203041, 0.11593078821897507, 0.07275883853435516, 0.04618493840098381, 0.11232930421829224, 0.0602838508784771, 0.08016600459814072, 0.023857254534959793, 0.04055703058838844, 0.03504674881696701, 0.046285778284072876, 0.058783158659935, 0.05363580957055092, 0.021784620359539986, 0.026681333780288696, 0.023946383967995644, 0.022624799981713295, 0.027923326939344406, 0.02195124141871929, 0.020160717889666557, 0.024572184309363365, 0.01933804526925087, 0.019849412143230438, 0.021151751279830933]}