{"loss": [4.3240647315979, 0.25093570351600647, 0.27122393250465393, 0.26817259192466736, 0.1730884462594986, 0.16425728797912598, 0.14602774381637573, 0.11909614503383636, 0.12927395105361938, 0.09767640382051468, 0.08912881463766098, 0.08116468787193298, 0.07281236350536346, 0.05975709855556488, 0.053523529320955276, 0.045240968465805054, 0.04270971938967705, 0.036935269832611084, 0.03251824527978897, 0.02897452376782894, 0.024967890232801437, 0.021507222205400467, 0.018701497465372086, 0.015349267981946468, 0.013330184854567051, 0.012886556796729565, 0.011823226697742939, 0.011728696525096893, 0.011795397847890854, 0.011853070929646492, 0.01156546175479889, 0.01142612099647522], "val_loss": [0.06484150141477585, 0.07618851959705353, 0.06707052886486053, 0.17482218146324158, 0.05801405385136604, 0.05687544122338295, 0.06510810554027557, 0.06695529818534851, 0.05692664161324501, 0.0664329007267952, 0.05856167525053024, 0.07113254070281982, 0.0543624572455883, 0.057210393249988556, 0.05908648297190666, 0.05236954614520073, 0.04422127082943916, 0.03059200756251812, 0.028948238119482994, 0.02389518730342388, 0.023845458403229713, 0.018518373370170593, 0.016118615865707397, 0.017422214150428772, 0.018201686441898346, 0.01831517554819584, 0.018273748457431793, 0.018588220700621605, 0.01795864850282669, 0.01767449639737606, 0.01782022789120674, 0.01995192840695381]}