{"loss": [0.5555639266967773, 0.11559105664491653, 0.054284945130348206, 0.030986621975898743, 0.027670428156852722, 0.018569596111774445, 0.014771826565265656, 0.011597740463912487, 0.010226915590465069, 0.008760535158216953, 0.006791784893721342, 0.00623681815341115, 0.00501106446608901, 0.004687255248427391, 0.0040030996315181255, 0.003697747364640236, 0.0035407058894634247, 0.0030731360893696547, 0.0030197876039892435, 0.002804316347464919, 0.00254449644125998, 0.0024584191851317883, 0.0022881035692989826, 0.002129781059920788, 0.0020248794462531805, 0.0018817115342244506, 0.0017828341806307435, 0.0016750622307881713, 0.0015548672527074814, 0.0014744916697964072, 0.0013592384057119489, 0.0012719751102849841], "val_loss": [0.3786892890930176, 0.009106307290494442, 0.01617603935301304, 0.10335301607847214, 0.027005575597286224, 0.008291508071124554, 0.02157583460211754, 0.032850783318281174, 0.0069200871512293816, 0.004772083833813667, 0.014171021990478039, 0.011328347027301788, 0.004026321228593588, 0.005292733199894428, 0.007462367881089449, 0.003598922397941351, 0.0032721117604523897, 0.005070600192993879, 0.0029356773011386395, 0.0027446735184639692, 0.0032140566036105156, 0.002357734367251396, 0.002522611292079091, 0.0026565256994217634, 0.002098731929436326, 0.002360384212806821, 0.002052191412076354, 0.0019951562862843275, 0.0020432742312550545, 0.0017928308807313442, 0.001827907981351018, 0.0016152993775904179]}