{"loss": [0.3052666187286377, 0.07916435599327087, 0.03778359293937683, 0.025693651288747787, 0.018747981637716293, 0.015171857550740242, 0.012187475338578224, 0.011458929628133774, 0.009579034522175789, 0.00895666889846325, 0.0076617589220404625, 0.007987440563738346, 0.007099628448486328, 0.007208249531686306, 0.006698611192405224, 0.0066693932749331, 0.006514847278594971, 0.0063428753055632114, 0.006278750486671925, 0.0061133308336138725, 0.006077049300074577, 0.005963804665952921, 0.005823589861392975, 0.00580017501488328, 0.0057204971089959145, 0.005613497458398342, 0.005547388456761837, 0.005481950473040342, 0.005415996536612511, 0.005351923406124115, 0.005285630933940411, 0.005217000842094421], "val_loss": [0.019252199679613113, 0.06431610882282257, 0.014858560636639595, 0.017917387187480927, 0.016687029972672462, 0.017720356583595276, 0.017196882516145706, 0.012023555114865303, 0.0155215198174119, 0.012108090333640575, 0.0166933611035347, 0.010298003442585468, 0.014515050686895847, 0.011248914524912834, 0.01343879010528326, 0.013103554025292397, 0.012620358727872372, 0.013676080852746964, 0.01323761511594057, 0.014057689346373081, 0.014090534299612045, 0.014079337939620018, 0.014687344431877136, 0.014689573086798191, 0.014422410167753696, 0.014812244102358818, 0.015071501024067402, 0.014984400942921638, 0.015127144753932953, 0.015052362345159054, 0.01516728661954403, 0.015208300203084946]}