{"loss": [0.48006534576416016, 0.08656769245862961, 0.06011970713734627, 0.039913360029459, 0.030492028221488, 0.022534936666488647, 0.018914541229605675, 0.01413049828261137, 0.013039068318903446, 0.010642479173839092, 0.009732876904308796, 0.008250121958553791, 0.007139349356293678, 0.006377896759659052, 0.005574793089181185, 0.005052827298641205, 0.004395575728267431, 0.004025677219033241, 0.0033932123333215714, 0.0030476960819214582, 0.0026059160009026527, 0.0022555459290742874, 0.0019331597723066807, 0.0017181201837956905, 0.0014950437471270561, 0.0013519899221137166, 0.0012242989614605904, 0.0011423970572650433, 0.0010794983245432377, 0.0010121010709553957, 0.0009667635895311832, 0.0009074234403669834], "val_loss": [0.15402942895889282, 0.05438094586133957, 0.04745595529675484, 0.011727686040103436, 0.017230400815606117, 0.006755069829523563, 0.0025769260246306658, 0.008928220719099045, 0.005089942365884781, 0.005645909812301397, 0.0021956246346235275, 0.0020667430944740772, 0.002810743870213628, 0.002143314341083169, 0.0022962226066738367, 0.0019211169565096498, 0.0017641737358644605, 0.001390537479892373, 0.0012900324072688818, 0.00104442925658077, 0.0013148071011528373, 0.0009202143992297351, 0.001126601011492312, 0.0006595337763428688, 0.0009371184860356152, 0.0006501315510831773, 0.0008422000100836158, 0.000845855160150677, 0.0006749211461283267, 0.0008569277124479413, 0.0006486193160526454, 0.0006524270283989608]}