{"loss": [1.7125155925750732, 0.5974730253219604, 0.5732292532920837, 0.1768161952495575, 0.10020889341831207, 0.0601063072681427, 0.05230221152305603, 0.04405312240123749, 0.03174806013703346, 0.031439412385225296, 0.021489694714546204, 0.021522466093301773, 0.018023252487182617, 0.014449672773480415, 0.011548997834324837, 0.010529174469411373, 0.008432885631918907, 0.006637503392994404, 0.005888016894459724, 0.005876803770661354, 0.004985074978321791, 0.004624558612704277, 0.004073488526046276, 0.0038983523845672607, 0.003628178732469678, 0.0034450460225343704, 0.0038807408418506384, 0.0032473241444677114, 0.003258588258177042, 0.003181014209985733, 0.0030863871797919273, 0.0030250081326812506], "val_loss": [0.5015441179275513, 0.6365765333175659, 0.028436364606022835, 0.07107223570346832, 0.17932730913162231, 0.058746956288814545, 0.041344400495290756, 0.07220059633255005, 0.027270862832665443, 0.026902100071310997, 0.017302675172686577, 0.008188936859369278, 0.007988541387021542, 0.007182900328189135, 0.007108496967703104, 0.008697278797626495, 0.009337554685771465, 0.009742257185280323, 0.007720368914306164, 0.006037174258381128, 0.004857678432017565, 0.0055336360819637775, 0.005323863588273525, 0.004720410332083702, 0.005055434536188841, 0.00484404806047678, 0.005073677282780409, 0.004830426070839167, 0.00477604242041707, 0.00491078058257699, 0.004599176812916994, 0.004596739541739225]}