{"loss": [0.44014474749565125, 0.05003199353814125, 0.0403560996055603, 0.031808335334062576, 0.024235472083091736, 0.019818995147943497, 0.015115701593458652, 0.013523804023861885, 0.011694577522575855, 0.011253470554947853, 0.010569080710411072, 0.010207857936620712, 0.009983799420297146, 0.00943004246801138, 0.009541726671159267, 0.009367716498672962, 0.009081247262656689, 0.009170357137918472, 0.009061295539140701, 0.008822253905236721, 0.008857284672558308, 0.008885310031473637, 0.008717675693333149, 0.008587345480918884, 0.0085420748218894, 0.008590683341026306, 0.008530758321285248, 0.008372400887310505, 0.008249713107943535, 0.008273424580693245, 0.008350959978997707, 0.008266872726380825], "val_loss": [0.11279766261577606, 0.09109298884868622, 0.05019325762987137, 0.02169390209019184, 0.08377831429243088, 0.020938362926244736, 0.03580794483423233, 0.013311228714883327, 0.015620852820575237, 0.020216288045048714, 0.012970560230314732, 0.01981407217681408, 0.0119542321190238, 0.011398525908589363, 0.015531552955508232, 0.012473788112401962, 0.011970268562436104, 0.013660455122590065, 0.012552606873214245, 0.011534886434674263, 0.012176338583230972, 0.012842720374464989, 0.012345219030976295, 0.011469325982034206, 0.01137549988925457, 0.011960838921368122, 0.012536006048321724, 0.01252340991050005, 0.011894479393959045, 0.011440977454185486, 0.011556899175047874, 0.011885188519954681]}