{"loss": [3.6984751224517822, 0.5595822334289551, 0.26819315552711487, 0.27127447724342346, 0.23209673166275024, 0.2296012043952942, 0.21220192313194275, 0.20590712130069733, 0.18993844091892242, 0.17418111860752106, 0.14511403441429138, 0.12504902482032776, 0.09906812757253647, 0.0773029774427414, 0.05792386829853058, 0.04192449897527695, 0.030936704948544502, 0.020339567214250565, 0.017042411491274834, 0.0147536126896739, 0.013614905066788197, 0.011507673189043999, 0.010030904784798622, 0.008106710389256477, 0.011386608704924583, 0.009001865051686764, 0.010235386900603771, 0.007872150279581547, 0.010790901258587837, 0.008889910764992237, 0.010871678590774536, 0.007441066205501556], "val_loss": [2.0071678161621094, 0.824976921081543, 0.5266932845115662, 0.2870476543903351, 0.3072233498096466, 0.44839155673980713, 0.5294495224952698, 0.6075896620750427, 0.554304838180542, 0.8392860293388367, 0.6825022101402283, 0.4927520453929901, 0.8196924924850464, 0.6202868223190308, 0.473232239484787, 0.38682806491851807, 0.33881083130836487, 0.39485085010528564, 0.4074232876300812, 0.26442986726760864, 0.23786841332912445, 0.26796528697013855, 0.2618270516395569, 0.278983473777771, 0.2680416405200958, 0.3484031558036804, 0.34710705280303955, 0.25407806038856506, 0.41046303510665894, 0.2774081826210022, 0.2827894687652588, 0.38162824511528015]}