{"loss": [0.3030349612236023, 0.06977662444114685, 0.03338555991649628, 0.019719872623682022, 0.021486317738890648, 0.01044282503426075, 0.008447178639471531, 0.0073644802905619144, 0.006582722999155521, 0.00643639313057065, 0.005796311888843775, 0.005420072004199028, 0.005281487014144659, 0.004974504001438618, 0.004943524952977896, 0.0046899463050067425, 0.004622737877070904, 0.004571133758872747, 0.004586180206388235, 0.00442159827798605, 0.004431112669408321, 0.004324477165937424, 0.004225668963044882, 0.004715379793196917, 0.004705070052295923, 0.004423263482749462, 0.004549679812043905, 0.004997131414711475, 0.005323794670403004, 0.005134322680532932, 0.004483177792280912, 0.004947266541421413], "val_loss": [1.418703317642212, 0.8128274083137512, 0.35404202342033386, 0.5189028382301331, 0.2256074845790863, 0.330080509185791, 0.25507622957229614, 0.3606458008289337, 0.18137849867343903, 0.21469908952713013, 0.15488503873348236, 0.17215697467327118, 0.1529727280139923, 0.1347462385892868, 0.11491494625806808, 0.10252124071121216, 0.08263437449932098, 0.09200181812047958, 0.07049306482076645, 0.07043483853340149, 0.06963983923196793, 0.05474346876144409, 0.07562849670648575, 0.052256230264902115, 0.058165714144706726, 0.074528768658638, 0.05398555472493172, 0.12910236418247223, 0.0749407634139061, 0.12782590091228485, 0.14910770952701569, 0.10392440110445023]}