{"loss": [0.3242362439632416, 0.12529559433460236, 0.04318952560424805, 0.025136379525065422, 0.02394014410674572, 0.01009988971054554, 0.012355108745396137, 0.007157833781093359, 0.006306505296379328, 0.0041895415633916855, 0.004099846817553043, 0.003321457654237747, 0.0029519719537347555, 0.0027996189892292023, 0.002243755618110299, 0.0022097835317254066, 0.0019393969560042024, 0.0019275752129033208, 0.0018042325973510742, 0.001641625538468361, 0.001614683773368597, 0.0015013216761872172, 0.0014638802967965603, 0.0014025764539837837, 0.001344254706054926, 0.0013002898776903749, 0.0012500957818701863, 0.0012009580386802554, 0.0011627947678789496, 0.0011211278615519404, 0.0010787618812173605, 0.0010354589903727174], "val_loss": [0.8453381061553955, 0.548846960067749, 0.6033076643943787, 0.9077286124229431, 0.9600989818572998, 0.8075482249259949, 0.7278854846954346, 0.7382088899612427, 0.7303674817085266, 0.7122350335121155, 0.6963808536529541, 0.6638773083686829, 0.6419008374214172, 0.653921365737915, 0.6396824717521667, 0.582331657409668, 0.5594667196273804, 0.5826075673103333, 0.5853403210639954, 0.5642221570014954, 0.5710073709487915, 0.5912384390830994, 0.5874277353286743, 0.5785934925079346, 0.5819540619850159, 0.5840669274330139, 0.5825260281562805, 0.580299437046051, 0.5789442658424377, 0.5826566219329834, 0.5822671055793762, 0.577941358089447]}