{"loss": [0.616168737411499, 0.06492974609136581, 0.041757456958293915, 0.03288950026035309, 0.017894327640533447, 0.014413696713745594, 0.011436796747148037, 0.00871691107749939, 0.00788649171590805, 0.007313940674066544, 0.007030516862869263, 0.006243129726499319, 0.006273381412029266, 0.005790510680526495, 0.005758756306022406, 0.005417820066213608, 0.005351475439965725, 0.005267041735351086, 0.005133528262376785, 0.005079248454421759, 0.004997206386178732, 0.004893233068287373, 0.004855155013501644, 0.004786431789398193, 0.004720721393823624, 0.004676245618611574, 0.004618121776729822, 0.00456066383048892, 0.0045237429440021515, 0.0044774264097213745, 0.004427241161465645, 0.004391935188323259], "val_loss": [0.07033198326826096, 0.08157771825790405, 0.049636125564575195, 0.018691876903176308, 0.009832767769694328, 0.00936649739742279, 0.0038902321830391884, 0.005535817705094814, 0.004985959269106388, 0.00477141747251153, 0.003952506463974714, 0.003734197001904249, 0.0036715788301080465, 0.0033935396932065487, 0.003171521471813321, 0.003152638440951705, 0.003133224556222558, 0.0030852400232106447, 0.003037478309124708, 0.003078026231378317, 0.003073223400861025, 0.003104793606325984, 0.003048528218641877, 0.003051790175959468, 0.003051371080800891, 0.003031814005225897, 0.003027738770470023, 0.0030052619986236095, 0.0030093551613390446, 0.0030114096589386463, 0.0029798783361911774, 0.002999362302944064]}