{"loss": [3.0926008224487305, 0.38028988242149353, 0.28566911816596985, 0.24382558465003967, 0.21639947593212128, 0.17706289887428284, 0.12692105770111084, 0.0947393923997879, 0.06875161826610565, 0.042595274746418, 0.03231627121567726, 0.03029008023440838, 0.03279474005103111, 0.03138052672147751, 0.020560555160045624, 0.031732216477394104, 0.017804034054279327, 0.01917111687362194, 0.015290074050426483, 0.009958365932106972, 0.007371069863438606, 0.005141671281307936, 0.004931947682052851, 0.006934608332812786, 0.006832141894847155, 0.005107881501317024, 0.005521928425878286, 0.0065628597512841225, 0.006348669063299894, 0.004440926015377045, 0.0038410834968090057, 0.006930472794920206], "val_loss": [0.046848125755786896, 0.05368826165795326, 0.023092051967978477, 0.02974405512213707, 0.010084014385938644, 0.010695488192141056, 0.006223612930625677, 0.006008820608258247, 0.0066935415379703045, 0.010267523117363453, 0.0038743787445127964, 0.003158182604238391, 0.003972089849412441, 0.0028914588037878275, 0.002844712696969509, 0.002542169066146016, 0.0028908427339047194, 0.0026014670729637146, 0.002846307819709182, 0.0024618490133434534, 0.0025653925258666277, 0.0025704882573336363, 0.0023994569201022387, 0.0024693605955690145, 0.0021206289529800415, 0.00212079007178545, 0.002350730122998357, 0.003207012079656124, 0.0019829985685646534, 0.00225058663636446, 0.002674807095900178, 0.0027136439457535744]}