{"loss": [0.548447847366333, 0.09300907701253891, 0.0526820570230484, 0.0374152809381485, 0.023131070658564568, 0.0162963829934597, 0.015312660485506058, 0.012564520351588726, 0.010381053201854229, 0.008799038827419281, 0.008247812278568745, 0.006604718044400215, 0.0060861073434352875, 0.005395812913775444, 0.004683691542595625, 0.004207268822938204, 0.003759122686460614, 0.0032472386956214905, 0.0028786249458789825, 0.002517004730179906, 0.002247500466182828, 0.00192917266394943, 0.0016914927400648594, 0.001483514322899282, 0.0013261862332001328, 0.0011883174302056432, 0.0010617153020575643, 0.0009521637693978846, 0.0008693351410329342, 0.0008001806563697755, 0.0007535237818956375, 0.0007001589983701706], "val_loss": [0.030575042590498924, 0.016213780269026756, 0.01314539648592472, 0.013046100735664368, 0.010997410863637924, 0.008351867087185383, 0.008093651384115219, 0.00701663875952363, 0.006552309729158878, 0.006781339645385742, 0.0069094761274755, 0.00583539018407464, 0.005317114759236574, 0.004378559533506632, 0.004129054956138134, 0.004085967317223549, 0.0037984091322869062, 0.0035795746371150017, 0.0035245297476649284, 0.00348827987909317, 0.0032557956874370575, 0.0030330857262015343, 0.0029269992373883724, 0.0028053331188857555, 0.0026570409536361694, 0.0024914981331676245, 0.0022870232351124287, 0.0021387531887739897, 0.0020529362373054028, 0.0019433720735833049, 0.0018005529418587685, 0.0016795254778116941]}