{"loss": [3.2268943786621094, 0.48031747341156006, 0.3487180471420288, 0.2900793254375458, 0.17167231440544128, 0.07954351603984833, 0.05380529165267944, 0.03949928283691406, 0.0324251651763916, 0.0250325296074152, 0.024175163358449936, 0.02402472123503685, 0.018871530890464783, 0.012764496728777885, 0.011086439713835716, 0.00985957495868206, 0.007919101044535637, 0.007279874756932259, 0.0069779627956449986, 0.0057456414215266705, 0.005308112595230341, 0.0050554340705275536, 0.005392048973590136, 0.005146414041519165, 0.005011177156120539, 0.004356311168521643, 0.005274584982544184, 0.005846341140568256, 0.005998835898935795, 0.005319047719240189, 0.005405604839324951, 0.005841449834406376], "val_loss": [0.7951173782348633, 0.345730721950531, 0.22914475202560425, 0.18313679099082947, 0.21120433509349823, 0.020239392295479774, 0.05665048956871033, 0.03676823899149895, 0.03531632944941521, 0.05071702599525452, 0.05858100950717926, 0.09243743866682053, 0.039649803191423416, 0.03208911046385765, 0.06413117796182632, 0.048294804990291595, 0.034753236919641495, 0.034782398492097855, 0.049782928079366684, 0.04200555756688118, 0.031031852588057518, 0.0317733958363533, 0.037526633590459824, 0.050547998398542404, 0.03762087970972061, 0.03164568915963173, 0.03677039220929146, 0.053221866488456726, 0.0554189458489418, 0.05680346488952637, 0.038038745522499084, 0.03423485904932022]}