{"loss": [0.630413293838501, 0.09103097766637802, 0.04958076775074005, 0.02958074025809765, 0.026739394292235374, 0.016870196908712387, 0.012398802675306797, 0.011647194623947144, 0.008085250854492188, 0.00692254351451993, 0.005887946113944054, 0.004661895800381899, 0.003762319451197982, 0.003788960864767432, 0.0033179419115185738, 0.0026638777926564217, 0.002479230985045433, 0.002249540761113167, 0.0020162509754300117, 0.0018915407126769423, 0.0016434384742751718, 0.0015695835463702679, 0.001400106935761869, 0.001308783539570868, 0.001191165647469461, 0.001095989253371954, 0.0010092067532241344, 0.0009247530251741409, 0.00086158886551857, 0.0007836293079890311, 0.0007384107448160648, 0.0006766589358448982], "val_loss": [0.018608327955007553, 0.023597924038767815, 0.012383390218019485, 0.0035414081066846848, 0.029792174696922302, 0.004786352626979351, 0.04675682634115219, 0.005058197304606438, 0.029536765068769455, 0.004614759236574173, 0.02053847163915634, 0.0029539549723267555, 0.01566130854189396, 0.002134729875251651, 0.006813196465373039, 0.0027780819218605757, 0.006812604609876871, 0.002487640595063567, 0.006082101725041866, 0.0021203879732638597, 0.005477678030729294, 0.001827028812840581, 0.005081734154373407, 0.0020051414612680674, 0.003950139507651329, 0.002578045940026641, 0.002954472554847598, 0.0029313669074326754, 0.0021901626605540514, 0.003128942335024476, 0.0020446397829800844, 0.002520669251680374]}