{"loss": [0.2804216742515564, 0.06470631062984467, 0.045697711408138275, 0.025706693530082703, 0.024131352081894875, 0.017089035362005234, 0.0184014942497015, 0.013049738481640816, 0.01442734058946371, 0.011298083700239658, 0.012414549477398396, 0.010474147275090218, 0.011436217464506626, 0.01009300909936428, 0.01062150951474905, 0.009582921862602234, 0.010222135111689568, 0.00928875245153904, 0.009928194805979729, 0.009093603119254112, 0.00957451667636633, 0.008926549926400185, 0.00917797815054655, 0.008931547403335571, 0.00883596483618021, 0.008876103907823563, 0.008601675741374493, 0.008645421825349331, 0.008587717078626156, 0.008481130003929138, 0.008584991097450256, 0.00849725678563118], "val_loss": [0.0537429079413414, 0.03742162138223648, 0.04959654435515404, 0.034433819353580475, 0.03668416664004326, 0.03130682185292244, 0.028971169143915176, 0.017262514680624008, 0.034409794956445694, 0.018701376393437386, 0.021300185471773148, 0.020113350823521614, 0.02459569461643696, 0.017413947731256485, 0.02338341623544693, 0.020933523774147034, 0.023813920095562935, 0.02205446921288967, 0.02563994936645031, 0.022219490259885788, 0.02603423409163952, 0.02504579722881317, 0.027413081377744675, 0.02818981558084488, 0.028309660032391548, 0.029693635180592537, 0.030621865764260292, 0.03271294757723808, 0.034462492913007736, 0.03701261803507805, 0.03853018954396248, 0.041610199958086014]}