{"loss": [0.4674251079559326, 0.11815094947814941, 0.05008412152528763, 0.045194122940301895, 0.03382965922355652, 0.02483275905251503, 0.022437479346990585, 0.01988479681313038, 0.017609190195798874, 0.016979027539491653, 0.015849167481064796, 0.014700227417051792, 0.014491278678178787, 0.01404760405421257, 0.013408198021352291, 0.013269267976284027, 0.013069912791252136, 0.01260560192167759, 0.01231908705085516, 0.012184681370854378, 0.012063623405992985, 0.011685720644891262, 0.011502730660140514, 0.01133060920983553, 0.011232375167310238, 0.01116599515080452, 0.010944272391498089, 0.010677337646484375, 0.010450271889567375, 0.0102916294708848, 0.010263461619615555, 0.010368794202804565], "val_loss": [0.08287423104047775, 0.12077368795871735, 0.02426321431994438, 0.03962424024939537, 0.028557173907756805, 0.015724211931228638, 0.026340408250689507, 0.015420014038681984, 0.015470285899937153, 0.01627315767109394, 0.016782326623797417, 0.01713211089372635, 0.016314348205924034, 0.016690565273165703, 0.016551107168197632, 0.016914768144488335, 0.016747087240219116, 0.01698397286236286, 0.01690705679357052, 0.01759461872279644, 0.017370065674185753, 0.017907878383994102, 0.018073251470923424, 0.01845679245889187, 0.01874026656150818, 0.01890118047595024, 0.019181419163942337, 0.019414838403463364, 0.019601237028837204, 0.019820241257548332, 0.020168757066130638, 0.020613480359315872]}