{"loss": [0.5543572306632996, 0.1440454125404358, 0.058821070939302444, 0.03396904096007347, 0.027376631274819374, 0.020112812519073486, 0.01423654705286026, 0.014654840342700481, 0.011759631335735321, 0.009857669472694397, 0.008141238242387772, 0.007680056616663933, 0.007353706751018763, 0.0059158094227313995, 0.005987797398120165, 0.005482322070747614, 0.005038218107074499, 0.004823193419724703, 0.004522061441093683, 0.004233126994222403, 0.004013559315353632, 0.0037849266082048416, 0.003545729210600257, 0.0033778694923967123, 0.0031429342925548553, 0.0029887135606259108, 0.00276940711773932, 0.0026102138217538595, 0.0024288573767989874, 0.00225907564163208, 0.002100974554196, 0.0019493455765768886], "val_loss": [0.36670199036598206, 0.02192625217139721, 0.03935478627681732, 0.03385792672634125, 0.016338897868990898, 0.022962426766753197, 0.011015024967491627, 0.010328857228159904, 0.010391231626272202, 0.008145852945744991, 0.00879975501447916, 0.007432549260556698, 0.0067208306863904, 0.0075568147003650665, 0.00551735470071435, 0.005404899828135967, 0.005471272859722376, 0.00489780493080616, 0.004645778331905603, 0.004579325206577778, 0.0046156481839716434, 0.003993618302047253, 0.0037020642776042223, 0.003516501747071743, 0.0032440449576824903, 0.0030446855816990137, 0.0027207222301512957, 0.0024734241887927055, 0.0022242050617933273, 0.0019798160064965487, 0.0017595932586118579, 0.0015444286400452256]}