{"loss": [3.2974324226379395, 0.3157123327255249, 0.26481038331985474, 0.16686615347862244, 0.11367949098348618, 0.08033373951911926, 0.06865726411342621, 0.06757190823554993, 0.05487653240561485, 0.056055761873722076, 0.03569483011960983, 0.029790950939059258, 0.030331768095493317, 0.025532487779855728, 0.02887694165110588, 0.030456745997071266, 0.030017057433724403, 0.033193785697221756, 0.026909388601779938, 0.030244987457990646, 0.03871353343129158, 0.02745148353278637, 0.020081035792827606, 0.01805160753428936, 0.016558058559894562, 0.012771864421665668, 0.011643577367067337, 0.010879289358854294, 0.012330804020166397, 0.011862069368362427, 0.008646504022181034, 0.008153975941240788], "val_loss": [0.3242923617362976, 0.06258978694677353, 0.033186137676239014, 0.04781221225857735, 0.055539198219776154, 0.03322336822748184, 0.030904360115528107, 0.023848550394177437, 0.023167207837104797, 0.01931144669651985, 0.021251771599054337, 0.023494606837630272, 0.014112024568021297, 0.016290508210659027, 0.02244182489812374, 0.01969435252249241, 0.01884603500366211, 0.013193597085773945, 0.03590647131204605, 0.019827190786600113, 0.01974570006132126, 0.011750414967536926, 0.015599234029650688, 0.01517815887928009, 0.019094238057732582, 0.013139895163476467, 0.012079937383532524, 0.014569769613444805, 0.016217656433582306, 0.013304060325026512, 0.00993052776902914, 0.009591024369001389]}