{"loss": [0.40247491002082825, 0.08109865337610245, 0.05206926167011261, 0.033365365117788315, 0.026220424100756645, 0.016953226178884506, 0.016028163954615593, 0.011840603314340115, 0.011013547889888287, 0.009456055238842964, 0.00813448429107666, 0.00752764567732811, 0.006670309230685234, 0.006161430850625038, 0.005427524447441101, 0.005075494293123484, 0.004585139453411102, 0.004168948158621788, 0.003762618638575077, 0.0033808862790465355, 0.0030666880775243044, 0.002723824232816696, 0.0024501464795321226, 0.0021977173164486885, 0.0019900407642126083, 0.0017929122550413013, 0.0016279827104881406, 0.0014935870422050357, 0.00137278251349926, 0.0012420971179381013, 0.001137901097536087, 0.001039234222844243], "val_loss": [0.062183719128370285, 0.037197452038526535, 0.015337379649281502, 0.015008268877863884, 0.01643509976565838, 0.013763532973825932, 0.01107872650027275, 0.00817127525806427, 0.006668526213616133, 0.006818055175244808, 0.007369934115558863, 0.006105547305196524, 0.005372912622988224, 0.006002475041896105, 0.004871521145105362, 0.004655839875340462, 0.0043279933743178844, 0.0042825909331440926, 0.003866110695526004, 0.0032341766636818647, 0.003054073778912425, 0.0026187412440776825, 0.0023553716018795967, 0.002155326073989272, 0.0019533783197402954, 0.0017523556016385555, 0.0015786465955898166, 0.0014430491719394922, 0.0013707991456612945, 0.0012836774112656713, 0.0012066258350387216, 0.0011424977565184236]}