{"loss": [0.3231961727142334, 0.0741453617811203, 0.05082104355096817, 0.03413807600736618, 0.02751034125685692, 0.02205425128340721, 0.020037921145558357, 0.01814175769686699, 0.016626883298158646, 0.015955956652760506, 0.015694282948970795, 0.014992711134254932, 0.014707190915942192, 0.014226517640054226, 0.013908286578953266, 0.013660164549946785, 0.013484776020050049, 0.013182912021875381, 0.013107678852975368, 0.012820678763091564, 0.012598156929016113, 0.012482347898185253, 0.01233728788793087, 0.012134779244661331, 0.011887487955391407, 0.01172330230474472, 0.01147437933832407, 0.011316104792058468, 0.011166599579155445, 0.011035095900297165, 0.011104976758360863, 0.011291076429188251], "val_loss": [0.14883993566036224, 0.048297252506017685, 0.013461464084684849, 0.03767833858728409, 0.014885231852531433, 0.012611182406544685, 0.021393487229943275, 0.011627438478171825, 0.009559005498886108, 0.010737628675997257, 0.008876423351466656, 0.008918985724449158, 0.008473651483654976, 0.008322624489665031, 0.008064682595431805, 0.00822148285806179, 0.008037696592509747, 0.008342540822923183, 0.008201384916901588, 0.008783563040196896, 0.008095143362879753, 0.008810917846858501, 0.008198793046176434, 0.008471270091831684, 0.00845018308609724, 0.008090364746749401, 0.008557806722819805, 0.008317353203892708, 0.008243015967309475, 0.008941346779465675, 0.008099374361336231, 0.008294607512652874]}