{"loss": [2.2298805713653564, 0.4184426963329315, 0.17034253478050232, 0.15911607444286346, 0.10205256938934326, 0.060820505023002625, 0.06075426936149597, 0.054290950298309326, 0.032396554946899414, 0.02125038392841816, 0.018363546580076218, 0.01638701930642128, 0.014334868639707565, 0.014494587667286396, 0.014531748369336128, 0.016040490940213203, 0.015136035159230232, 0.012094606645405293, 0.013311384245753288, 0.023348543792963028, 0.04059380292892456, 0.05682792142033577, 0.04531876742839813, 0.0385623574256897, 0.034621067345142365, 0.03032921999692917, 0.0328407809138298, 0.02715919353067875, 0.03005906566977501, 0.033175330609083176, 0.028944650664925575, 0.03686937317252159], "val_loss": [0.8243682980537415, 0.06773260235786438, 0.45466744899749756, 0.055205486714839935, 0.08193055540323257, 0.1347282975912094, 0.04967137426137924, 0.04160239174962044, 0.03542834520339966, 0.04262208193540573, 0.05176220089197159, 0.026772260665893555, 0.047661617398262024, 0.02728905715048313, 0.04125024005770683, 0.024638917297124863, 0.023247215896844864, 0.029609836637973785, 0.03685862571001053, 0.03356017544865608, 0.030619032680988312, 0.03797725960612297, 0.018054408952593803, 0.04010093957185745, 0.03587080538272858, 0.12533311545848846, 0.10431254655122757, 0.04465525597333908, 0.052192509174346924, 0.04388875514268875, 0.05749586969614029, 0.025513505563139915]}