{"loss": [0.46328499913215637, 0.15642067790031433, 0.08029495924711227, 0.050508737564086914, 0.04773158207535744, 0.031795892864465714, 0.028793595731258392, 0.02548629231750965, 0.020974809303879738, 0.020462416112422943, 0.018517671152949333, 0.015227957628667355, 0.015106421895325184, 0.013143341057002544, 0.011812861077487469, 0.010544384829699993, 0.00916519295424223, 0.008254681713879108, 0.0071329823695123196, 0.006121908780187368, 0.0053323241882026196, 0.004578934516757727, 0.0039772167801856995, 0.003371261991560459, 0.002839445136487484, 0.0024601009208709, 0.0021715930197387934, 0.001833740039728582, 0.0015947666252031922, 0.0013827000511810184, 0.001217448036186397, 0.001080684014596045], "val_loss": [0.12865987420082092, 0.01633324660360813, 0.032294657081365585, 0.03988843038678169, 0.01198174711316824, 0.010180006735026836, 0.004839214030653238, 0.006459285505115986, 0.008051819168031216, 0.006902267225086689, 0.004048143047839403, 0.0028602383099496365, 0.006743268575519323, 0.0028469348326325417, 0.005251236259937286, 0.00341326673515141, 0.002553226426243782, 0.0022840232122689486, 0.0023844854440540075, 0.002434090944007039, 0.0015124581987038255, 0.00163038051687181, 0.001802954007871449, 0.001701098051853478, 0.001335491077043116, 0.0012421532301232219, 0.0014332206919789314, 0.0012451900402083993, 0.0012225580867379904, 0.0011165268952026963, 0.0009181186906062067, 0.0008879016968421638]}