{"loss": [0.3965552747249603, 0.09357719123363495, 0.09700233489274979, 0.05188772454857826, 0.04466106742620468, 0.04107110574841499, 0.035504523664712906, 0.03374575823545456, 0.032432783395051956, 0.03209622576832771, 0.030891533941030502, 0.03027356043457985, 0.03012808971107006, 0.028933217748999596, 0.028324661776423454, 0.02760041132569313, 0.027381911873817444, 0.026664936915040016, 0.02622106298804283, 0.025788558647036552, 0.025206496939063072, 0.024880612269043922, 0.02434326522052288, 0.023892300203442574, 0.02370474301278591, 0.02305714599788189, 0.022759409621357918, 0.022688796743750572, 0.022091606631875038, 0.02164456434547901, 0.02269500121474266, 0.02248905412852764], "val_loss": [0.06777315586805344, 0.23003633320331573, 0.07179354876279831, 0.02714887633919716, 0.02455456182360649, 0.02870410494506359, 0.027831392362713814, 0.03133184835314751, 0.029385477304458618, 0.022597167640924454, 0.028119005262851715, 0.02875596098601818, 0.029227057471871376, 0.02706567943096161, 0.03374204784631729, 0.03525214642286301, 0.033784545958042145, 0.03613176569342613, 0.038376081734895706, 0.03991376981139183, 0.04123662784695625, 0.042515646666288376, 0.04557220637798309, 0.04373268410563469, 0.047162216156721115, 0.05029059574007988, 0.0484815388917923, 0.05307266488671303, 0.05868589133024216, 0.05274401232600212, 0.05974174663424492, 0.07971841841936111]}