{"loss": [2.1280245780944824, 0.39576154947280884, 0.2402109056711197, 0.14611485600471497, 0.0921265110373497, 0.06671648472547531, 0.04103894904255867, 0.03978833183646202, 0.030680257827043533, 0.034813739359378815, 0.023266324773430824, 0.025571230798959732, 0.01913449913263321, 0.01662483438849449, 0.015329340472817421, 0.012773238122463226, 0.011962911114096642, 0.012499191798269749, 0.012404296547174454, 0.014370748773217201, 0.013633666560053825, 0.011856043711304665, 0.011109603568911552, 0.011243495158851147, 0.010390509851276875, 0.010269365273416042, 0.009428671561181545, 0.010486294515430927, 0.010020834393799305, 0.010339783504605293, 0.0090330233797431, 0.01039784587919712], "val_loss": [0.231167733669281, 0.1394815295934677, 0.0738859474658966, 0.09809290617704391, 0.04562632367014885, 0.042525820434093475, 0.026328396052122116, 0.028009789064526558, 0.015480716712772846, 0.018542006611824036, 0.010995437391102314, 0.013106649741530418, 0.011704325675964355, 0.00849459134042263, 0.010977930389344692, 0.008653189986944199, 0.008879333734512329, 0.00798589177429676, 0.008540533483028412, 0.009953301399946213, 0.008705230429768562, 0.010502724908292294, 0.010484719648957253, 0.01020727027207613, 0.0111683439463377, 0.009753416292369366, 0.012880830094218254, 0.009420915506780148, 0.0094322944059968, 0.008781117387115955, 0.01088006142526865, 0.011242282576858997]}