{"loss": [0.6341013312339783, 0.13059768080711365, 0.07086833566427231, 0.04859158396720886, 0.03265686705708504, 0.025586673989892006, 0.022222211584448814, 0.019038213416934013, 0.017349431291222572, 0.014826775528490543, 0.014212064445018768, 0.012722239829599857, 0.01164968591183424, 0.010597537271678448, 0.009255941025912762, 0.008437489159405231, 0.007298426702618599, 0.006342054810374975, 0.005487652029842138, 0.004704936873167753, 0.004128639120608568, 0.0036127392668277025, 0.003147953422740102, 0.002831197576597333, 0.002439802745357156, 0.002171050291508436, 0.0019375697011128068, 0.00170185009483248, 0.0015301137464120984, 0.0014028804143890738, 0.001278217532671988, 0.0011720447801053524], "val_loss": [0.04621604457497597, 0.08268484473228455, 0.021979687735438347, 0.016653506085276604, 0.00995912216603756, 0.010001283138990402, 0.011677025817334652, 0.010398639366030693, 0.009880430996418, 0.008887436240911484, 0.01010829582810402, 0.009847063571214676, 0.011996515095233917, 0.011706064455211163, 0.010229253210127354, 0.00903550535440445, 0.008135226555168629, 0.008307790383696556, 0.008722875267267227, 0.008704571053385735, 0.008133191615343094, 0.007102797739207745, 0.007504712324589491, 0.00679650017991662, 0.006070488132536411, 0.005583453457802534, 0.005022854544222355, 0.004786679986864328, 0.004718471318483353, 0.004630859941244125, 0.004799340385943651, 0.0048307389952242374]}