{"loss": [0.42553582787513733, 0.1279965490102768, 0.06938744336366653, 0.04875127971172333, 0.038979724049568176, 0.03462832048535347, 0.030430611222982407, 0.028613099828362465, 0.02613682858645916, 0.025086501613259315, 0.023211652413010597, 0.023104364052414894, 0.02260354533791542, 0.022093044593930244, 0.021783679723739624, 0.021264465525746346, 0.021355435252189636, 0.02069624327123165, 0.020542670041322708, 0.020269356667995453, 0.019918065518140793, 0.0196619164198637, 0.01939479634165764, 0.019097894430160522, 0.018794884905219078, 0.018528850749135017, 0.01829296350479126, 0.017911609262228012, 0.01753774657845497, 0.017306383699178696, 0.017248669639229774, 0.01683998294174671], "val_loss": [0.07980705052614212, 0.053743861615657806, 0.03132004663348198, 0.029492279514670372, 0.03566720709204674, 0.022476233541965485, 0.0194197129458189, 0.018933018669486046, 0.02368941344320774, 0.025524523109197617, 0.023687180131673813, 0.025860564783215523, 0.02873823046684265, 0.03175012022256851, 0.029487885534763336, 0.03026294708251953, 0.031209280714392662, 0.03213202580809593, 0.031770747154951096, 0.03259912505745888, 0.0335664376616478, 0.03372649475932121, 0.03541604056954384, 0.037059273570775986, 0.03845026344060898, 0.04109814390540123, 0.043878939002752304, 0.04696919023990631, 0.04988636076450348, 0.05305396765470505, 0.05646520107984543, 0.06088334694504738]}