{"loss": [1.6647738218307495, 0.5254966020584106, 0.26052460074424744, 0.15316525101661682, 0.1996748447418213, 0.1613156944513321, 0.21338866651058197, 0.1532975286245346, 0.12444935739040375, 0.09014289826154709, 0.09464752674102783, 0.07101966440677643, 0.06217174977064133, 0.05705905705690384, 0.053331125527620316, 0.044889260083436966, 0.03818877413868904, 0.04025556892156601, 0.0497906468808651, 0.04159718379378319, 0.036953121423721313, 0.035327836871147156, 0.03171062842011452, 0.028798691928386688, 0.024851880967617035, 0.02259596809744835, 0.02063019573688507, 0.018283167853951454, 0.0174269862473011, 0.01720554009079933, 0.015637988224625587, 0.014126613736152649], "val_loss": [0.4714633822441101, 0.20996791124343872, 0.2442287653684616, 0.32451966404914856, 0.15404163300991058, 0.3321838974952698, 0.21998201310634613, 0.1566363275051117, 0.0821090042591095, 0.11998104304075241, 0.08580883592367172, 0.0904880240559578, 0.07180517911911011, 0.0648396760225296, 0.05671493709087372, 0.07286806404590607, 0.08784681558609009, 0.07074306160211563, 0.05931491404771805, 0.05983032286167145, 0.07381284981966019, 0.056702177971601486, 0.06777903437614441, 0.06378428637981415, 0.07242611795663834, 0.07704994082450867, 0.06911921501159668, 0.06344414502382278, 0.06775477528572083, 0.06547075510025024, 0.06496749818325043, 0.07118356972932816]}