{"loss": [2.184687614440918, 0.22022154927253723, 0.26958560943603516, 0.2003011703491211, 0.18140698969364166, 0.13135282695293427, 0.08814438432455063, 0.045490264892578125, 0.04003438353538513, 0.0338037870824337, 0.0254166629165411, 0.02560092881321907, 0.0237151850014925, 0.02136390283703804, 0.02258053421974182, 0.01921856962144375, 0.022959740832448006, 0.013759013265371323, 0.01125121209770441, 0.013591602444648743, 0.039986081421375275, 0.03237683326005936, 0.024592554196715355, 0.023320458829402924, 0.018219050019979477, 0.017387626692652702, 0.015102796256542206, 0.01602005586028099, 0.014125007204711437, 0.009118922054767609, 0.005595925729721785, 0.006286758929491043], "val_loss": [0.6635286211967468, 0.34872469305992126, 0.2855282127857208, 0.2454880177974701, 0.24694527685642242, 0.36840420961380005, 0.38833796977996826, 0.3363010883331299, 0.2999155819416046, 0.17797419428825378, 0.2301998734474182, 0.23591376841068268, 0.2004588395357132, 0.28514131903648376, 0.3202173411846161, 0.18296201527118683, 0.1560666859149933, 0.1871144026517868, 0.16690132021903992, 0.28999364376068115, 0.5070841312408447, 0.5840699076652527, 0.4288279712200165, 0.421922892332077, 0.10061819106340408, 0.14269019663333893, 0.17796364426612854, 0.1010008156299591, 0.11200986802577972, 0.13548992574214935, 0.10830973833799362, 0.15574881434440613]}