{"loss": [0.42844799160957336, 0.1247137263417244, 0.0424635224044323, 0.02788359485566616, 0.02415352500975132, 0.00970951933413744, 0.012485846877098083, 0.005428168457001448, 0.007001325488090515, 0.003914013504981995, 0.004014470148831606, 0.0029500441160053015, 0.002485346980392933, 0.002021085936576128, 0.00172338355332613, 0.0015420358395203948, 0.001287055085413158, 0.0011854800395667553, 0.0010345596820116043, 0.0009585402440279722, 0.0008374408935196698, 0.0007958697970025241, 0.0007634254288859665, 0.0006885140319354832, 0.0006717282813042402, 0.0006266685086302459, 0.0006106279906816781, 0.0005723650683648884, 0.0005590389482676983, 0.0005376865738071501, 0.0005122649017721415, 0.0004978790530003607], "val_loss": [2.772223472595215, 2.218285083770752, 1.7663410902023315, 2.2159852981567383, 2.1637959480285645, 1.753642201423645, 1.609370231628418, 1.6990712881088257, 1.6555724143981934, 1.4916938543319702, 1.4748083353042603, 1.5620744228363037, 1.4950028657913208, 1.3251200914382935, 1.3074058294296265, 1.4218685626983643, 1.4560644626617432, 1.3679490089416504, 1.3084880113601685, 1.3303003311157227, 1.34330415725708, 1.3022633790969849, 1.2643803358078003, 1.2616181373596191, 1.2621433734893799, 1.2486987113952637, 1.232728123664856, 1.2128390073776245, 1.192888617515564, 1.1887718439102173, 1.1885348558425903, 1.173553705215454]}