{"loss": [0.38963377475738525, 0.06105346232652664, 0.03463597968220711, 0.019249530509114265, 0.012493651360273361, 0.010388431139290333, 0.007750219665467739, 0.007675004191696644, 0.005791933741420507, 0.005110961385071278, 0.004978282377123833, 0.004333297722041607, 0.004088850226253271, 0.004125745967030525, 0.003874171292409301, 0.003781271167099476, 0.003584287129342556, 0.0037007350474596024, 0.0036577312275767326, 0.0035235926043242216, 0.0033412605989724398, 0.003551563248038292, 0.0033197577577084303, 0.003273972310125828, 0.003155804704874754, 0.0031653763726353645, 0.0031539571937173605, 0.0032145478762686253, 0.0029665278270840645, 0.00314889894798398, 0.0031269073951989412, 0.00317416712641716], "val_loss": [0.21665695309638977, 0.11955104768276215, 0.203005850315094, 0.16102340817451477, 0.10531171411275864, 0.10713288187980652, 0.10539689660072327, 0.07158705592155457, 0.0884472131729126, 0.1025446280837059, 0.08661716431379318, 0.0999578908085823, 0.1094256192445755, 0.1018240824341774, 0.09535674005746841, 0.10559288412332535, 0.11865361779928207, 0.10664934664964676, 0.09854773432016373, 0.11100221425294876, 0.12294342368841171, 0.10551110655069351, 0.10111480206251144, 0.11861657351255417, 0.12149368971586227, 0.10988981276750565, 0.10303424298763275, 0.11032528430223465, 0.12907107174396515, 0.12230847775936127, 0.10041575133800507, 0.10488788783550262]}