{"loss": [0.484723836183548, 0.11878222227096558, 0.059701185673475266, 0.031411200761795044, 0.022494405508041382, 0.01569652184844017, 0.011724330484867096, 0.009429379366338253, 0.006708405911922455, 0.0058982702903449535, 0.005168172996491194, 0.0042227571830153465, 0.0037014612462371588, 0.00298459199257195, 0.002867266768589616, 0.0024642504286020994, 0.002171201864257455, 0.0020696509163826704, 0.0017968323081731796, 0.0017673700349405408, 0.0015351589536294341, 0.001469899551011622, 0.0013496332103386521, 0.0012281873496249318, 0.0011586952023208141, 0.0010535757755860686, 0.000998302479274571, 0.0008993012015707791, 0.0008514904766343534, 0.0007673692889511585, 0.0007322493474930525, 0.0006572066922672093], "val_loss": [0.01735175959765911, 0.006984554696828127, 0.027547301724553108, 0.005011177621781826, 0.02183728851377964, 0.009527139365673065, 0.019301537424325943, 0.001359207322821021, 0.018835335969924927, 0.0010278939735144377, 0.015472859144210815, 0.0013431878760457039, 0.004560952074825764, 0.0029188264161348343, 0.004508799873292446, 0.0020239828154444695, 0.006298481486737728, 0.001368774683214724, 0.004363029729574919, 0.001881118630990386, 0.0033224616199731827, 0.0010960359359160066, 0.0024609812535345554, 0.0010451710550114512, 0.0020772835705429316, 0.0012527110520750284, 0.001224916777573526, 0.0014640525914728642, 0.0009014520328491926, 0.00154033990111202, 0.0007384259370155632, 0.001386537915095687]}