{"loss": [6.2437968254089355, 0.37802404165267944, 0.3570999503135681, 0.2467542588710785, 0.2509640157222748, 0.2952684760093689, 0.19383671879768372, 0.15657466650009155, 0.10616545379161835, 0.07257720082998276, 0.06462350487709045, 0.053170230239629745, 0.04011457785964012, 0.036437615752220154, 0.03061995655298233, 0.03086504153907299, 0.025000683963298798, 0.022517777979373932, 0.021094627678394318, 0.016940627247095108, 0.0149763822555542, 0.01353683415800333, 0.011935210786759853, 0.010317890904843807, 0.008799714036285877, 0.008115723729133606, 0.007353507447987795, 0.006458585150539875, 0.00615696469321847, 0.005339968483895063, 0.00513591431081295, 0.004548981320112944], "val_loss": [0.09940104186534882, 0.08706773817539215, 0.321125328540802, 0.24595262110233307, 0.24805735051631927, 0.21588721871376038, 0.113112673163414, 0.07782302051782608, 0.05366598814725876, 0.051749225705862045, 0.04296177625656128, 0.018648222088813782, 0.02465718239545822, 0.030449096113443375, 0.021944191306829453, 0.03888913244009018, 0.02034221962094307, 0.024537231773138046, 0.016671204939484596, 0.014501892030239105, 0.01728494092822075, 0.013383825309574604, 0.017552323639392853, 0.013278570026159286, 0.015411737374961376, 0.013109692372381687, 0.014168670400977135, 0.013447761535644531, 0.01280970685184002, 0.014044847339391708, 0.013123976066708565, 0.013483426533639431]}