{"loss": [0.4100888669490814, 0.06358592957258224, 0.03879155218601227, 0.03954688087105751, 0.03085135668516159, 0.02583906054496765, 0.02488645538687706, 0.02125619724392891, 0.020895056426525116, 0.019689075648784637, 0.018705716356635094, 0.018373368307948112, 0.017788197845220566, 0.017427677288651466, 0.01686510257422924, 0.016593892127275467, 0.016485359519720078, 0.01604538969695568, 0.01563594490289688, 0.015423907898366451, 0.015315797179937363, 0.015110605396330357, 0.01484543178230524, 0.01455639861524105, 0.014167329296469688, 0.013803372159600258, 0.013555899262428284, 0.013415799476206303, 0.013434086926281452, 0.013670815154910088, 0.013848147355020046, 0.01372603327035904], "val_loss": [0.02612554468214512, 0.0201339703053236, 0.01652880571782589, 0.014380212873220444, 0.011327586136758327, 0.010197029449045658, 0.009175832383334637, 0.008361981250345707, 0.008661949075758457, 0.00821309257298708, 0.008420291356742382, 0.008789166808128357, 0.009046990424394608, 0.00909367110580206, 0.009251201525330544, 0.00934138335287571, 0.00944190751761198, 0.009639386087656021, 0.009861219674348831, 0.010170255787670612, 0.010355393402278423, 0.010520916432142258, 0.01078376267105341, 0.011027190834283829, 0.0112157566472888, 0.011567902751266956, 0.011891220696270466, 0.012448793277144432, 0.013080772012472153, 0.01357361115515232, 0.014082909561693668, 0.013936388306319714]}