{"loss": [2.4347493648529053, 0.3407078981399536, 0.13153421878814697, 0.06267031282186508, 0.10199412703514099, 0.054728686809539795, 0.03797267749905586, 0.026180656626820564, 0.02017616108059883, 0.014806972816586494, 0.012525506317615509, 0.011910592205822468, 0.010513435117900372, 0.010073372162878513, 0.00866339635103941, 0.008005400188267231, 0.007945692166686058, 0.006422189995646477, 0.006018450483679771, 0.005633797030895948, 0.004930146504193544, 0.005339969880878925, 0.004521970171481371, 0.004481576383113861, 0.0044044796377420425, 0.004507410805672407, 0.0044694263488054276, 0.0042288657277822495, 0.004294326528906822, 0.004885530099272728, 0.004330576863139868, 0.004967329557985067], "val_loss": [1.763909101486206, 0.21881359815597534, 0.07331743836402893, 0.04337611794471741, 0.026666490361094475, 0.04276835545897484, 0.02696255035698414, 0.02715478651225567, 0.0177913885563612, 0.019413359463214874, 0.01998857967555523, 0.01697283238172531, 0.014046166092157364, 0.013469425961375237, 0.011802670545876026, 0.010490271262824535, 0.009727700613439083, 0.010511566884815693, 0.009162831120193005, 0.01063139270991087, 0.008981452323496342, 0.012024578638374805, 0.013148045167326927, 0.012086231261491776, 0.011988718993961811, 0.011544374749064445, 0.012034942395985126, 0.014796094037592411, 0.010667695663869381, 0.011090101674199104, 0.012609980069100857, 0.0116526884958148]}