{"loss": [0.30903542041778564, 0.0775827020406723, 0.04695512354373932, 0.03055626153945923, 0.022780772298574448, 0.019884616136550903, 0.017371583729982376, 0.01610305719077587, 0.015074148774147034, 0.014530722983181477, 0.013472629711031914, 0.013307075947523117, 0.012770204804837704, 0.012537293136119843, 0.01232757419347763, 0.011983274482190609, 0.01185933779925108, 0.011662926524877548, 0.011501003056764603, 0.011368170380592346, 0.01118486188352108, 0.011063759215176105, 0.01085811946541071, 0.010744940489530563, 0.010584292933344841, 0.010506047867238522, 0.010456455871462822, 0.010438423603773117, 0.010403130203485489, 0.010339927859604359, 0.01023468840867281, 0.010131767950952053], "val_loss": [0.06952136754989624, 0.019760919734835625, 0.026723504066467285, 0.016937846317887306, 0.013623814098536968, 0.012990644201636314, 0.011006413958966732, 0.01093966979533434, 0.011663472279906273, 0.011821002699434757, 0.011494172737002373, 0.012933319434523582, 0.012284191325306892, 0.012711070477962494, 0.01335952803492546, 0.013128545135259628, 0.013933413662016392, 0.01455281488597393, 0.014339619316160679, 0.014424066990613937, 0.014867185615003109, 0.015190848149359226, 0.015263591893017292, 0.01549385767430067, 0.015803255140781403, 0.01601240038871765, 0.016103798523545265, 0.016229910776019096, 0.016476908698678017, 0.016823992133140564, 0.017224708572030067, 0.0177102442830801]}