{"loss": [0.5869778990745544, 0.1688476800918579, 0.07298705726861954, 0.04411213472485542, 0.03648335859179497, 0.02994857169687748, 0.019232964143157005, 0.017627807334065437, 0.017335401847958565, 0.014500513672828674, 0.013416408561170101, 0.012089367024600506, 0.010260571725666523, 0.009508246555924416, 0.008457678370177746, 0.007638014853000641, 0.006795421242713928, 0.005908098537474871, 0.005433687474578619, 0.004607305396348238, 0.004218320827931166, 0.0035544587299227715, 0.003178192302584648, 0.002673822222277522, 0.0023909725714474916, 0.002040028339251876, 0.0018780631944537163, 0.0016774922842159867, 0.0015749152516946197, 0.001480264007113874, 0.0013981835218146443, 0.0013235750375315547], "val_loss": [0.06575054675340652, 0.05167757719755173, 0.03141525760293007, 0.020559387281537056, 0.018018782138824463, 0.010851532220840454, 0.009914305061101913, 0.008293712511658669, 0.008769072592258453, 0.0062260921113193035, 0.0060348487459123135, 0.0058110966347157955, 0.005597831681370735, 0.005348855629563332, 0.004734919872134924, 0.004395562689751387, 0.004159192554652691, 0.003953941166400909, 0.0038014166057109833, 0.0036583675537258387, 0.0035758994054049253, 0.0033151691313833, 0.0031990688294172287, 0.0029761549085378647, 0.002930691000074148, 0.0027295483741909266, 0.002620010869577527, 0.002520001959055662, 0.002423112513497472, 0.002346461871638894, 0.002261392306536436, 0.002186630154028535]}