{"loss": [0.3550145626068115, 0.05621819943189621, 0.03840470314025879, 0.03908277675509453, 0.02845652773976326, 0.023508206009864807, 0.019833698868751526, 0.019061243161559105, 0.01745125837624073, 0.01701030135154724, 0.015870651230216026, 0.01586930640041828, 0.014952410012483597, 0.015162333846092224, 0.014321161434054375, 0.014223241247236729, 0.013666504994034767, 0.013498971238732338, 0.013070517219603062, 0.01288050226867199, 0.012546363286674023, 0.012401517480611801, 0.012090478092432022, 0.011928891763091087, 0.011654691770672798, 0.011526594869792461, 0.011265492998063564, 0.01118595339357853, 0.010890055447816849, 0.010943764820694923, 0.01054111123085022, 0.010737800970673561], "val_loss": [0.022349176928400993, 0.018302392214536667, 0.025888286530971527, 0.020550979301333427, 0.017301948741078377, 0.01517854630947113, 0.01987404376268387, 0.013004974462091923, 0.015188619494438171, 0.012208581902086735, 0.01402330957353115, 0.011207702569663525, 0.012458311393857002, 0.011235848069190979, 0.012110701762139797, 0.011443856172263622, 0.011938079260289669, 0.012143000960350037, 0.01136447861790657, 0.011929857544600964, 0.011222297325730324, 0.012054860591888428, 0.011082381941378117, 0.011765966191887856, 0.011570695787668228, 0.01112669613212347, 0.012103266082704067, 0.01121364813297987, 0.012025664560496807, 0.012310953810811043, 0.011344696395099163, 0.01364265289157629]}