{"loss": [0.510770857334137, 0.10097702592611313, 0.05022184178233147, 0.039963074028491974, 0.025650374591350555, 0.020857350900769234, 0.017100054770708084, 0.014239445328712463, 0.01263331901282072, 0.011297445744276047, 0.0101194242015481, 0.009374666959047318, 0.007948827929794788, 0.0074434480629861355, 0.006288049276918173, 0.005934687796980143, 0.0051322816871106625, 0.004812673199921846, 0.004178293514996767, 0.0039029542822390795, 0.003421993926167488, 0.003137693740427494, 0.002755566267296672, 0.002540543442592025, 0.00221969629637897, 0.0020396884065121412, 0.0017968424363061786, 0.0016434298595413566, 0.0014595376560464501, 0.0013356659328565001, 0.0011962662683799863, 0.0010923341615125537], "val_loss": [0.03618653491139412, 0.016680827364325523, 0.02506614290177822, 0.009337988682091236, 0.014509771019220352, 0.012266828678548336, 0.006168228108435869, 0.005049554631114006, 0.004778768867254257, 0.004677180666476488, 0.00389387016184628, 0.003733274759724736, 0.0037683420814573765, 0.003853847738355398, 0.0033461754210293293, 0.003188223345205188, 0.0031773122027516365, 0.0029058707877993584, 0.002789367688819766, 0.0026823650114238262, 0.00264958618208766, 0.0024703515227884054, 0.002377733588218689, 0.002280121436342597, 0.00216059572994709, 0.002062856685370207, 0.0019630463793873787, 0.0018686969997361302, 0.0017693794798105955, 0.0016757167177274823, 0.0015778359957039356, 0.0014869647566229105]}