{"loss": [2.2736988067626953, 0.2622509300708771, 0.1287623941898346, 0.07652390003204346, 0.0529092438519001, 0.04565631225705147, 0.04683317244052887, 0.04023609682917595, 0.02993132174015045, 0.02186517044901848, 0.016875233501195908, 0.011881846003234386, 0.012811325490474701, 0.00911635160446167, 0.008912541903555393, 0.007356850430369377, 0.005927203223109245, 0.005143426358699799, 0.004738353192806244, 0.004148087464272976, 0.003798679681494832, 0.003610369050875306, 0.003449671668931842, 0.0035347628872841597, 0.003723583882674575, 0.003912529442459345, 0.0036436242517083883, 0.0034732555504888296, 0.0033223165664821863, 0.0031739361584186554, 0.002962325466796756, 0.0030032675713300705], "val_loss": [0.06566158682107925, 0.05423504859209061, 0.18865957856178284, 0.04802476614713669, 0.061377592384815216, 0.07723284512758255, 0.04553336650133133, 0.057095639407634735, 0.038830745965242386, 0.030625244602560997, 0.04330883175134659, 0.04616387560963631, 0.03253619745373726, 0.02629857510328293, 0.021513136103749275, 0.020002540200948715, 0.025235971435904503, 0.02580452524125576, 0.0230330228805542, 0.021364344283938408, 0.020296195521950722, 0.018251502886414528, 0.01644960790872574, 0.016552040353417397, 0.01787547580897808, 0.01781470701098442, 0.017432449385523796, 0.0171491876244545, 0.01717161200940609, 0.01748063787817955, 0.017774589359760284, 0.017734043300151825]}