{"loss": [2.2998504638671875, 0.5692529678344727, 0.2025507390499115, 0.10710660368204117, 0.07822324335575104, 0.04047872871160507, 0.03333090990781784, 0.021341152489185333, 0.01624423637986183, 0.01338564045727253, 0.010768016800284386, 0.008777052164077759, 0.007261426188051701, 0.006006903480738401, 0.00543533731251955, 0.004853732418268919, 0.004319360479712486, 0.0038246531039476395, 0.0037217135541141033, 0.005168271251022816, 0.003389538498595357, 0.0033070563804358244, 0.003029461484402418, 0.002890573348850012, 0.0023604505695402622, 0.002266110386699438, 0.001959629822522402, 0.0017663913313299417, 0.001682195346802473, 0.0017295030411332846, 0.0016079311026260257, 0.0014889993472024798], "val_loss": [4.482594013214111, 0.8154283165931702, 0.8775932192802429, 1.0544863939285278, 0.38533368706703186, 0.6891584396362305, 0.45859307050704956, 0.48460692167282104, 0.46561071276664734, 0.39053547382354736, 0.3395261764526367, 0.30226585268974304, 0.25475507974624634, 0.2606709599494934, 0.26917189359664917, 0.25813379883766174, 0.2272811233997345, 0.2090579718351364, 0.17169912159442902, 0.15591615438461304, 0.16011060774326324, 0.1531730741262436, 0.15838073194026947, 0.16621075570583344, 0.1499778926372528, 0.13587631285190582, 0.12380658090114594, 0.11402363330125809, 0.10577654093503952, 0.11058100312948227, 0.10478930920362473, 0.10486633330583572]}