{"loss": [0.7912868857383728, 0.14792592823505402, 0.065981425344944, 0.04743952676653862, 0.03420746698975563, 0.023475712165236473, 0.017623459920287132, 0.015382290817797184, 0.012855161912739277, 0.010627915151417255, 0.009694916196167469, 0.008774437941610813, 0.00816990714520216, 0.007199809420853853, 0.006354395300149918, 0.006186438724398613, 0.005706149619072676, 0.005420661065727472, 0.00500275706872344, 0.0045933229848742485, 0.004324637819081545, 0.003956354223191738, 0.0036901843268424273, 0.0033676233142614365, 0.0030739603098481894, 0.002790386788547039, 0.0025121895596385, 0.0022637208458036184, 0.002027291338890791, 0.0017879022052511573, 0.0015936875715851784, 0.0014330981066450477], "val_loss": [0.019225597381591797, 0.0726529061794281, 0.013420178554952145, 0.009677659720182419, 0.009863393381237984, 0.018495168536901474, 0.01015338022261858, 0.007251867558807135, 0.005550120025873184, 0.005653498228639364, 0.0066632055677473545, 0.006267623510211706, 0.006514973472803831, 0.00550585612654686, 0.004961166065186262, 0.004730468150228262, 0.00461170170456171, 0.004406800959259272, 0.004220494069159031, 0.003994334023445845, 0.0037895585410296917, 0.003649030579254031, 0.0035288792569190264, 0.0033518930431455374, 0.0031615092884749174, 0.003003200516104698, 0.002843837020918727, 0.002686480525881052, 0.0025420421734452248, 0.0023916095960885286, 0.0022338922135531902, 0.002109384862706065]}