{"loss": [0.41056394577026367, 0.0830969363451004, 0.03301728516817093, 0.020847519859671593, 0.014640403911471367, 0.010689698159694672, 0.00870994571596384, 0.0054100267589092255, 0.005218306090682745, 0.004366918466985226, 0.0036557388957589865, 0.0034400783479213715, 0.0030950899235904217, 0.0029528990853577852, 0.0028076423332095146, 0.0026644645258784294, 0.0025793067179620266, 0.002524612471461296, 0.0024588347878307104, 0.002402437385171652, 0.00235809781588614, 0.002328324830159545, 0.002293253783136606, 0.002246568910777569, 0.0022181428503245115, 0.002197704277932644, 0.0021585868671536446, 0.0021369631867855787, 0.0021144405473023653, 0.002080462174490094, 0.002066429238766432, 0.002042145933955908], "val_loss": [1.4388569593429565, 0.12354974448680878, 0.38742098212242126, 0.09905579686164856, 0.24605581164360046, 0.15065455436706543, 0.19585077464580536, 0.14225268363952637, 0.12658557295799255, 0.0946725532412529, 0.12857048213481903, 0.11061939597129822, 0.12686529755592346, 0.10182071477174759, 0.10256267338991165, 0.09621977061033249, 0.1007363349199295, 0.09864074736833572, 0.09865112602710724, 0.09845532476902008, 0.09019173681735992, 0.09752610325813293, 0.09793639928102493, 0.09180430322885513, 0.09737252444028854, 0.09488590061664581, 0.09213460236787796, 0.09818265587091446, 0.09565871208906174, 0.09312448650598526, 0.09578762948513031, 0.09742804616689682]}