{"loss": [2.4771909713745117, 0.27704960107803345, 0.14901724457740784, 0.18110787868499756, 0.09793399274349213, 0.07170922309160233, 0.05431963503360748, 0.04577966779470444, 0.04234134033322334, 0.03867172822356224, 0.03575164079666138, 0.029291749000549316, 0.02841273695230484, 0.031015828251838684, 0.02032621018588543, 0.020311575382947922, 0.017182419076561928, 0.0147932143881917, 0.011095244437456131, 0.010665680281817913, 0.012317683547735214, 0.00936923362314701, 0.008269435726106167, 0.01114648301154375, 0.009962177835404873, 0.010006067343056202, 0.009051172994077206, 0.008290326222777367, 0.007128546014428139, 0.007816222496330738, 0.007517595775425434, 0.006506842095404863], "val_loss": [0.19894374907016754, 0.09106282144784927, 0.1565423607826233, 0.0619238018989563, 0.3434498608112335, 0.3356129825115204, 0.30742010474205017, 0.1672012358903885, 0.05981213226914406, 0.05452826991677284, 0.02649492211639881, 0.04967917874455452, 0.018518446013331413, 0.02995261363685131, 0.04712551832199097, 0.06779990345239639, 0.04340347275137901, 0.022212106734514236, 0.024696512147784233, 0.04471361264586449, 0.013611436821520329, 0.019252769649028778, 0.036004338413476944, 0.022410862147808075, 0.014244028367102146, 0.022906122729182243, 0.031437408179044724, 0.01635456085205078, 0.013262598775327206, 0.017680972814559937, 0.0136781707406044, 0.018585562705993652]}