{"loss": [0.4977341890335083, 0.20173297822475433, 0.08907842636108398, 0.05373672768473625, 0.028538182377815247, 0.02295086532831192, 0.018838651478290558, 0.017134707421064377, 0.0128366993740201, 0.009885082952678204, 0.009804674424231052, 0.008336436934769154, 0.00711721321567893, 0.0067901997826993465, 0.005904050078243017, 0.005487615242600441, 0.005002893507480621, 0.004361275117844343, 0.004120083525776863, 0.0037025699857622385, 0.003372794948518276, 0.0030580295715481043, 0.0026925078127533197, 0.0024487220216542482, 0.002105443738400936, 0.001897658803500235, 0.0016194706549867988, 0.0014666557544842362, 0.0012721993261948228, 0.0011657999129965901, 0.0010310931829735637, 0.0009606970124877989], "val_loss": [0.06778459250926971, 0.10594459623098373, 0.009735661558806896, 0.009240119718015194, 0.008284827694296837, 0.009819171391427517, 0.006163895130157471, 0.0075424592941999435, 0.007434993050992489, 0.004704067949205637, 0.004413628950715065, 0.003718339139595628, 0.003781104926019907, 0.003193847369402647, 0.0029630837962031364, 0.002807732904329896, 0.0026208253111690283, 0.002447181846946478, 0.002434390364214778, 0.0023230090737342834, 0.002190905623137951, 0.0020675105042755604, 0.002012464450672269, 0.001942925970070064, 0.0018888401100412011, 0.001758340629749, 0.0016811436507850885, 0.0015941543970257044, 0.0015418441034853458, 0.0014566604513674974, 0.0013836055295541883, 0.0013316514668986201]}