{"loss": [0.4149373173713684, 0.09322820603847504, 0.05945427715778351, 0.03454289212822914, 0.02830728329718113, 0.021519001573324203, 0.01711316779255867, 0.014109511859714985, 0.013347465544939041, 0.012267564423382282, 0.011456766165792942, 0.010487045161426067, 0.010544851422309875, 0.009919327683746815, 0.00983487255871296, 0.009330205619335175, 0.009307767264544964, 0.00899975560605526, 0.008898314088582993, 0.008738691918551922, 0.008617493323981762, 0.008561277762055397, 0.008371509611606598, 0.008326607756316662, 0.00821998156607151, 0.008099909871816635, 0.008037133142352104, 0.007931331172585487, 0.007839939557015896, 0.007756419014185667, 0.007677434012293816, 0.007588942535221577], "val_loss": [0.05437568575143814, 0.02849179320037365, 0.006106806453317404, 0.04386815056204796, 0.00896536000072956, 0.008710634894669056, 0.01143965870141983, 0.009589253924787045, 0.0079430490732193, 0.006923031993210316, 0.007397692650556564, 0.008459305390715599, 0.008343921974301338, 0.008136161603033543, 0.008173413574695587, 0.007970022037625313, 0.007996782660484314, 0.007940382696688175, 0.007884831167757511, 0.007952461019158363, 0.007906562648713589, 0.008100725710391998, 0.008007912896573544, 0.008245483040809631, 0.008096352219581604, 0.00828462466597557, 0.00821179524064064, 0.008422162383794785, 0.008301052264869213, 0.008497809059917927, 0.008554365485906601, 0.008593335747718811]}