{"loss": [3.8970236778259277, 0.288946270942688, 0.12066974490880966, 0.0751991719007492, 0.05400928109884262, 0.04719999432563782, 0.03518766164779663, 0.033557992428541183, 0.0373411625623703, 0.029269792139530182, 0.03275449573993683, 0.02617724984884262, 0.02087671123445034, 0.019236354157328606, 0.018432771787047386, 0.016245707869529724, 0.015196114778518677, 0.012693478725850582, 0.011437628418207169, 0.01151359360665083, 0.010002510622143745, 0.01046024914830923, 0.009903566911816597, 0.0084312092512846, 0.00712452782317996, 0.009062946774065495, 0.007627858780324459, 0.006978117395192385, 0.00709501700475812, 0.0076621221378445625, 0.006085687316954136, 0.0071634408086538315], "val_loss": [8.126404762268066, 0.1429378092288971, 0.1458190530538559, 0.23311805725097656, 0.23346936702728271, 0.2601605951786041, 0.33007699251174927, 0.39421188831329346, 0.4503633677959442, 0.43593961000442505, 0.6104040145874023, 0.4623258411884308, 0.3869743049144745, 0.536969780921936, 0.371579110622406, 0.4268595278263092, 0.6708378195762634, 0.5000870823860168, 0.592576265335083, 0.775242030620575, 0.6034010648727417, 0.6340965032577515, 0.7610445022583008, 0.6611592173576355, 0.6175922155380249, 0.7198476791381836, 0.7769135236740112, 0.6740581393241882, 0.7088508009910583, 0.7867789268493652, 0.7464274168014526, 0.7217726707458496]}