{"loss": [0.3951438367366791, 0.15733325481414795, 0.048463236540555954, 0.04068698361515999, 0.017054615542292595, 0.013719421811401844, 0.010366600938141346, 0.008998208679258823, 0.004583293106406927, 0.005805335473269224, 0.0032905859407037497, 0.0037103721406310797, 0.0025327668990939856, 0.002572680590674281, 0.0019655986689031124, 0.001706026610918343, 0.001643171883188188, 0.0014164093881845474, 0.0013684658333659172, 0.001193651114590466, 0.0011586397886276245, 0.0010338235879316926, 0.0009940218878909945, 0.0009042035671882331, 0.0008739766199141741, 0.0008047519368119538, 0.000763267744332552, 0.0007126412820070982, 0.000667418644297868, 0.0006337566883303225, 0.0005913708009757102, 0.0005584547761827707], "val_loss": [0.5441685318946838, 0.047114964574575424, 0.16597172617912292, 0.053892433643341064, 0.013497771695256233, 0.06967044621706009, 0.030911164358258247, 0.010826818645000458, 0.029882729053497314, 0.019317161291837692, 0.014007025398314, 0.024776166304945946, 0.015041880309581757, 0.011080725118517876, 0.018565384671092033, 0.018707850947976112, 0.017610596492886543, 0.017633436247706413, 0.016439257189631462, 0.017550811171531677, 0.015092355199158192, 0.015288212336599827, 0.01741369068622589, 0.016511186957359314, 0.01802193745970726, 0.0166081041097641, 0.016920458525419235, 0.018325991928577423, 0.016508575528860092, 0.017427081242203712, 0.017047129571437836, 0.01695871353149414]}