{"loss": [0.2701159715652466, 0.08634302765130997, 0.05692346766591072, 0.033588957041502, 0.029191289097070694, 0.026506930589675903, 0.024376709014177322, 0.022522587329149246, 0.022209148854017258, 0.021547580137848854, 0.021287232637405396, 0.020231761038303375, 0.020026110112667084, 0.01935793086886406, 0.018864233046770096, 0.018584229052066803, 0.018054703250527382, 0.01801091805100441, 0.01751326397061348, 0.017598161473870277, 0.016929330304265022, 0.016804859042167664, 0.01629212312400341, 0.01600179821252823, 0.01561957597732544, 0.015373165719211102, 0.014995631761848927, 0.014727700501680374, 0.014711183495819569, 0.01444785576313734, 0.0142890103161335, 0.01384912058711052], "val_loss": [0.8272544145584106, 0.826619565486908, 0.49775126576423645, 0.667323112487793, 0.18784815073013306, 0.370613694190979, 0.1734989434480667, 0.3239707946777344, 0.16236364841461182, 0.2967316806316376, 0.18474292755126953, 0.2736494839191437, 0.17844854295253754, 0.1724597066640854, 0.17138215899467468, 0.14829987287521362, 0.19709455966949463, 0.1282593160867691, 0.20847365260124207, 0.13605977594852448, 0.18622565269470215, 0.15010452270507812, 0.16509519517421722, 0.15520301461219788, 0.17125475406646729, 0.165262371301651, 0.16629932820796967, 0.19615192711353302, 0.18507203459739685, 0.16653214395046234, 0.21100054681301117, 0.22873003780841827]}