{"loss": [1.394920825958252, 0.18272867798805237, 0.07655063271522522, 0.06403551995754242, 0.038209348917007446, 0.03680779039859772, 0.03512317314743996, 0.024357616901397705, 0.019653169438242912, 0.028177807107567787, 0.018867917358875275, 0.016422700136899948, 0.013315794989466667, 0.010190300643444061, 0.008830090053379536, 0.007694529369473457, 0.007413705810904503, 0.006607602350413799, 0.0060271755792200565, 0.004967488814145327, 0.0043947952799499035, 0.004594319965690374, 0.004564367234706879, 0.0047479006461799145, 0.004128362983465195, 0.005152528174221516, 0.004677506163716316, 0.0055348677560687065, 0.006852806080132723, 0.005448987241834402, 0.007155606523156166, 0.005212335381656885], "val_loss": [0.2528863549232483, 0.049478672444820404, 0.06943106651306152, 0.03949405252933502, 0.040959399193525314, 0.04170270636677742, 0.02216080017387867, 0.01539330743253231, 0.025775358080863953, 0.025747405365109444, 0.03610334172844887, 0.04008067771792412, 0.030703870579600334, 0.019637057557702065, 0.015588590875267982, 0.012110289186239243, 0.012272756546735764, 0.014065359719097614, 0.01416027545928955, 0.01161101832985878, 0.010902407579123974, 0.011725669726729393, 0.012032457627356052, 0.014460093341767788, 0.00992851797491312, 0.010103264823555946, 0.012632991187274456, 0.019010208547115326, 0.019043700769543648, 0.011310633271932602, 0.008969506248831749, 0.011494840495288372]}