{"loss": [0.35297891497612, 0.10464569181203842, 0.055590104311704636, 0.041656408458948135, 0.025217732414603233, 0.02021781913936138, 0.019910437986254692, 0.016478585079312325, 0.013455635868012905, 0.012447101064026356, 0.01137656718492508, 0.010044731199741364, 0.00916158128529787, 0.00855270680040121, 0.007831317372620106, 0.00699783256277442, 0.006330346688628197, 0.0055695511400699615, 0.0050345477648079395, 0.004446287639439106, 0.003987770527601242, 0.003536267438903451, 0.0030591425020247698, 0.002800586400553584, 0.0024572282563894987, 0.0023003381211310625, 0.002113035647198558, 0.0019007126102223992, 0.0017714019631966949, 0.0015887481858953834, 0.001630101935006678, 0.0019374905386939645], "val_loss": [0.1094793751835823, 0.03980526328086853, 0.057913877069950104, 0.02609945274889469, 0.033143095672130585, 0.0354592427611351, 0.025160932913422585, 0.026803243905305862, 0.012760679237544537, 0.021575529128313065, 0.011258469894528389, 0.01247909851372242, 0.01122631411999464, 0.010514474473893642, 0.008657306432723999, 0.009491113014519215, 0.006970712915062904, 0.009878991171717644, 0.006611903663724661, 0.010591007769107819, 0.005697683431208134, 0.009670436382293701, 0.005645428784191608, 0.005920353811234236, 0.00814667996019125, 0.007923371158540249, 0.005268470849841833, 0.004890376701951027, 0.005852425470948219, 0.010222806595265865, 0.018200555816292763, 0.014223705045878887]}