{"loss": [0.38178908824920654, 0.11032672226428986, 0.05360005795955658, 0.049703314900398254, 0.03916057571768761, 0.03419307619333267, 0.03060043230652809, 0.02944522723555565, 0.025827212259173393, 0.025211818516254425, 0.023991622030735016, 0.022787166759371758, 0.022651970386505127, 0.02179684303700924, 0.021213125437498093, 0.020861778408288956, 0.020385095849633217, 0.020134031772613525, 0.01979595050215721, 0.019438255578279495, 0.01914859004318714, 0.01892065815627575, 0.018508661538362503, 0.018199468031525612, 0.017938295379281044, 0.017666839063167572, 0.017337581142783165, 0.0170279610902071, 0.016798559576272964, 0.01675417274236679, 0.016406990587711334, 0.016445742920041084], "val_loss": [0.059318866580724716, 0.16173717379570007, 0.07783977687358856, 0.05452355369925499, 0.029601838439702988, 0.08477947115898132, 0.03007032908499241, 0.07934543490409851, 0.028952667489647865, 0.03859226778149605, 0.0409071110188961, 0.034184277057647705, 0.04869455099105835, 0.03614606708288193, 0.05200929194688797, 0.042273905128240585, 0.052865754812955856, 0.047693606466054916, 0.052866380661726, 0.051564645022153854, 0.055473946034908295, 0.05688497796654701, 0.05871042609214783, 0.060802433639764786, 0.062210120260715485, 0.06361552327871323, 0.06405077129602432, 0.06829807907342911, 0.06758902221918106, 0.06908620148897171, 0.07085496932268143, 0.06691717356443405]}