{"loss": [0.4807877838611603, 0.18056392669677734, 0.10954809188842773, 0.07323195785284042, 0.04130860045552254, 0.03923648223280907, 0.03253105655312538, 0.023728417232632637, 0.023382781073451042, 0.021305998787283897, 0.016837699338793755, 0.01674775779247284, 0.015192043967545033, 0.013118534348905087, 0.012612110935151577, 0.011417065747082233, 0.010268130339682102, 0.00959386769682169, 0.008502814918756485, 0.007895941846072674, 0.007173493970185518, 0.006358969956636429, 0.005850902292877436, 0.005149270873516798, 0.004722189623862505, 0.004170495551079512, 0.003794248215854168, 0.003351399675011635, 0.0030201105400919914, 0.002781370421871543, 0.0024602648336440325, 0.0022547284606844187], "val_loss": [0.28857046365737915, 0.04933199658989906, 0.032847773283720016, 0.018373360857367516, 0.06986167281866074, 0.010937395505607128, 0.009646660648286343, 0.015555815771222115, 0.008340050466358662, 0.010962793603539467, 0.006984771229326725, 0.005818868521600962, 0.007347195874899626, 0.005067866295576096, 0.007282772567123175, 0.004658746533095837, 0.005901447497308254, 0.003944917116314173, 0.004660651553422213, 0.0031074099242687225, 0.004231237340718508, 0.0025988053530454636, 0.005431411322206259, 0.002460966818034649, 0.005479253362864256, 0.002728245686739683, 0.003023238154128194, 0.004052417818456888, 0.0024519336875528097, 0.0036058127880096436, 0.0034067214000970125, 0.0023047644644975662]}