{"loss": [0.4480598568916321, 0.10258238762617111, 0.05415112152695656, 0.0382254533469677, 0.02816806733608246, 0.020813660696148872, 0.015259713865816593, 0.01609755866229534, 0.01266244426369667, 0.013876868411898613, 0.012505583465099335, 0.012789415195584297, 0.011835727840662003, 0.011603647843003273, 0.011595101095736027, 0.011083140037953854, 0.01125585287809372, 0.010873091407120228, 0.011061538942158222, 0.010664774104952812, 0.010746892541646957, 0.010470006614923477, 0.010611355304718018, 0.010326305404305458, 0.010327059775590897, 0.01006852462887764, 0.010114033706486225, 0.009939221665263176, 0.009952621534466743, 0.009843568317592144, 0.009774730540812016, 0.00968597736209631], "val_loss": [0.4045015573501587, 0.08331538736820221, 0.041868504136800766, 0.038656286895275116, 0.026845624670386314, 0.021717455238103867, 0.024413125589489937, 0.020111193880438805, 0.025954339653253555, 0.02589893527328968, 0.022039804607629776, 0.02019628882408142, 0.024724701419472694, 0.026395542547106743, 0.02293877676129341, 0.022315075621008873, 0.02390560507774353, 0.02444308251142502, 0.0222894586622715, 0.022654088214039803, 0.024320244789123535, 0.02465568669140339, 0.0236219372600317, 0.024444598704576492, 0.025240294635295868, 0.025401046499609947, 0.0257878378033638, 0.026764726266264915, 0.026980388909578323, 0.027538912370800972, 0.028137071058154106, 0.02835971862077713]}