{"loss": [1.2678321599960327, 0.46164026856422424, 0.16668576002120972, 0.156881645321846, 0.12067288160324097, 0.08739661425352097, 0.07801439613103867, 0.05913449823856354, 0.03645829111337662, 0.03089536726474762, 0.027124308049678802, 0.01987769640982151, 0.01497534941881895, 0.02111755684018135, 0.025375982746481895, 0.03289581835269928, 0.036387741565704346, 0.052247870713472366, 0.04273679479956627, 0.037520505487918854, 0.024747200310230255, 0.0383206345140934, 0.08348067104816437, 0.052699364721775055, 0.0525858998298645, 0.037839341908693314, 0.03959862142801285, 0.042748723179101944, 0.03425651788711548, 0.02626955322921276, 0.02210002765059471, 0.016195926815271378], "val_loss": [2.556257963180542, 0.0946611687541008, 0.4317623972892761, 0.1987028568983078, 0.9141805171966553, 0.33295318484306335, 0.4417128264904022, 0.1885158270597458, 0.17365038394927979, 0.30086982250213623, 0.24366112053394318, 0.15494278073310852, 0.20205175876617432, 0.14908219873905182, 0.11030558496713638, 0.10568451136350632, 0.06586457043886185, 0.04639144986867905, 0.02684098668396473, 0.03199423849582672, 0.03904702514410019, 0.04028898477554321, 0.06288851797580719, 0.0228333231061697, 0.018225621432065964, 0.019349228590726852, 0.02632107026875019, 0.06256493180990219, 0.028889397159218788, 0.04371587187051773, 0.02337949350476265, 0.03797655552625656]}