{"loss": [0.5661178827285767, 0.10372213274240494, 0.06315900385379791, 0.030801549553871155, 0.030203968286514282, 0.020521806553006172, 0.01991787925362587, 0.019773637875914574, 0.014839614741504192, 0.011515803635120392, 0.012143068015575409, 0.010320613160729408, 0.009096594527363777, 0.009900465607643127, 0.007685110904276371, 0.0075584398582577705, 0.007347425911575556, 0.005859476514160633, 0.006023349240422249, 0.005839175544679165, 0.005198887083679438, 0.005226887762546539, 0.005010519176721573, 0.0048088496550917625, 0.004663454834371805, 0.004498188383877277, 0.0044679488055408, 0.004244678653776646, 0.004225866869091988, 0.004146255552768707, 0.004068196285516024, 0.003949349280446768], "val_loss": [0.04732277989387512, 0.13171763718128204, 0.028960082679986954, 0.007220625877380371, 0.009981676004827023, 0.021959304809570312, 0.03830349072813988, 0.030007174238562584, 0.014490954577922821, 0.00933811441063881, 0.009479197673499584, 0.015739602968096733, 0.02226533740758896, 0.017591172829270363, 0.011200210079550743, 0.010891434736549854, 0.011371869593858719, 0.01454063318669796, 0.016849637031555176, 0.015456728637218475, 0.015730982646346092, 0.01672883704304695, 0.01701665110886097, 0.015590515919029713, 0.012938227504491806, 0.011373570188879967, 0.011247827671468258, 0.012016315013170242, 0.012318369001150131, 0.01186155341565609, 0.01106264628469944, 0.010402612388134003]}