{"loss": [5.932223796844482, 1.1254801750183105, 0.6926389336585999, 0.34501931071281433, 0.2582935690879822, 0.16675779223442078, 0.10901330411434174, 0.08063636720180511, 0.05718134343624115, 0.05050700902938843, 0.06013162061572075, 0.0637935921549797, 0.06593883037567139, 0.054666560143232346, 0.050714559853076935, 0.05434536933898926, 0.05342495068907738, 0.045993782579898834, 0.03917885199189186, 0.03181413188576698, 0.03077591210603714, 0.02536984719336033, 0.02428572252392769, 0.019854480400681496, 0.016884002834558487, 0.015369674190878868, 0.015132999047636986, 0.013676127418875694, 0.01195007935166359, 0.01116185076534748, 0.011007925495505333, 0.0093577541410923], "val_loss": [2.084928035736084, 0.46399831771850586, 0.36003246903419495, 0.1623934507369995, 0.11089000105857849, 0.09488800913095474, 0.0857381820678711, 0.06703820824623108, 0.09975623339414597, 0.16666047275066376, 0.0723176971077919, 0.08087165653705597, 0.09294610470533371, 0.08348287642002106, 0.058363545686006546, 0.0694064050912857, 0.08150157332420349, 0.08640830218791962, 0.0686267539858818, 0.053919460624456406, 0.0555180199444294, 0.054246705025434494, 0.05439309775829315, 0.06480463594198227, 0.05852659046649933, 0.05564896762371063, 0.05481927841901779, 0.0537879653275013, 0.05180436372756958, 0.050027865916490555, 0.037569865584373474, 0.040710292756557465]}