{"loss": [0.29004916548728943, 0.08224356174468994, 0.024403268471360207, 0.011176072061061859, 0.012535419315099716, 0.005632477346807718, 0.0052378312684595585, 0.003549891756847501, 0.0030858218669891357, 0.0018250690773129463, 0.002000663196668029, 0.0013825317146256566, 0.0014616138068959117, 0.0010136087657883763, 0.0011576423421502113, 0.0008980042184703052, 0.0008895887876860797, 0.0007452580030076206, 0.0007568110595457256, 0.00070232804864645, 0.0006473191897384822, 0.0006356816156767309, 0.0006007747142575681, 0.0005823105457238853, 0.0005393023602664471, 0.0005376962944865227, 0.0005163221503607929, 0.0004924272652715445, 0.00048052938655018806, 0.0004672034701798111, 0.000449181767180562, 0.00043570506386458874], "val_loss": [0.5483100414276123, 0.36405304074287415, 0.4291684627532959, 0.4694843590259552, 0.34265634417533875, 0.36085444688796997, 0.44083818793296814, 0.44247427582740784, 0.3997299075126648, 0.4082753360271454, 0.4698072373867035, 0.49919092655181885, 0.4671112298965454, 0.436446875333786, 0.43932047486305237, 0.438966304063797, 0.4073795974254608, 0.37126684188842773, 0.35802358388900757, 0.3570708632469177, 0.34959375858306885, 0.3382352888584137, 0.3338804244995117, 0.3349085748195648, 0.33371397852897644, 0.32849976420402527, 0.32293936610221863, 0.3198031783103943, 0.3171917200088501, 0.3119408190250397, 0.3067408800125122, 0.3052029013633728]}