{"loss": [0.6240640878677368, 0.1350652277469635, 0.08549871295690536, 0.032424893230199814, 0.049309879541397095, 0.026627197861671448, 0.021782077848911285, 0.018642978742718697, 0.0166148878633976, 0.018298566341400146, 0.011360990814864635, 0.011453704908490181, 0.009789290837943554, 0.007826333865523338, 0.007991079241037369, 0.006077411584556103, 0.006514028646051884, 0.0057054199278354645, 0.005575301591306925, 0.0051691168919205666, 0.004975044634193182, 0.004874329548329115, 0.004522899631410837, 0.004571615718305111, 0.004296940751373768, 0.004269154742360115, 0.0039946045726537704, 0.004007743205875158, 0.003911951556801796, 0.0038582198321819305, 0.003747023642063141, 0.003719981759786606], "val_loss": [0.017770733684301376, 0.20817802846431732, 0.014312392100691795, 0.038555875420570374, 0.018764063715934753, 0.02630658634006977, 0.03128344565629959, 0.01884106919169426, 0.013188937678933144, 0.009190601296722889, 0.010409049689769745, 0.008990623988211155, 0.004947434179484844, 0.005382501520216465, 0.004894737154245377, 0.006179628428071737, 0.006665798835456371, 0.006387796252965927, 0.0070695048198103905, 0.006163113750517368, 0.006252126302570105, 0.005895388312637806, 0.005988943390548229, 0.005698001477867365, 0.0062819235026836395, 0.005992824211716652, 0.0057014161720871925, 0.005666202865540981, 0.0057883672416210175, 0.005615541245788336, 0.005384563934057951, 0.005359162576496601]}