{"loss": [3.0937674045562744, 0.4174329340457916, 0.15879565477371216, 0.10172168910503387, 0.06068328022956848, 0.07078772783279419, 0.03910571709275246, 0.03101319447159767, 0.023720335215330124, 0.018593527376651764, 0.014067418873310089, 0.013555092737078667, 0.010943854227662086, 0.011474153026938438, 0.009409437887370586, 0.008110190741717815, 0.007905242964625359, 0.007035565562546253, 0.008375377394258976, 0.010272358544170856, 0.00786069966852665, 0.008364342153072357, 0.009223999455571175, 0.009029781445860863, 0.008009307086467743, 0.005980702582746744, 0.00900410395115614, 0.009599827229976654, 0.010651838965713978, 0.00860172975808382, 0.009179838001728058, 0.008925085887312889], "val_loss": [1.9903262853622437, 0.5215017795562744, 0.11088079959154129, 0.12139216810464859, 0.022013796493411064, 0.013930161483585835, 0.020023275166749954, 0.016191286966204643, 0.005242407787591219, 0.011007150635123253, 0.0075975582003593445, 0.01654251478612423, 0.034228429198265076, 0.015065876767039299, 0.03005855344235897, 0.01872878149151802, 0.014742258936166763, 0.044166650623083115, 0.025650229305028915, 0.007534814532846212, 0.05679415538907051, 0.006017051171511412, 0.041486211121082306, 0.011569079011678696, 0.020934369415044785, 0.014052917249500751, 0.018704818561673164, 0.02394988015294075, 0.017343487590551376, 0.014241371303796768, 0.02478089928627014, 0.06568315625190735]}