{"loss": [0.5594877600669861, 0.13792674243450165, 0.07334256172180176, 0.046904679387807846, 0.029420122504234314, 0.0259262565523386, 0.020554833114147186, 0.017629189416766167, 0.01655934378504753, 0.01438711304217577, 0.013088363222777843, 0.012469589710235596, 0.011512448079884052, 0.009950254112482071, 0.009150209836661816, 0.008481689728796482, 0.0077712335623800755, 0.006940893828868866, 0.006356365513056517, 0.005695892497897148, 0.0051225521601736546, 0.0046618287451565266, 0.004045490641146898, 0.0036456147208809853, 0.0032491397578269243, 0.002900641178712249, 0.002598800929263234, 0.0023012186866253614, 0.002122587990015745, 0.0018660365603864193, 0.0016733483644202352, 0.0015188491670414805], "val_loss": [0.10715994983911514, 0.04317934438586235, 0.016596246510744095, 0.023695722222328186, 0.02129882574081421, 0.011112384498119354, 0.008188820444047451, 0.008147423155605793, 0.008384397253394127, 0.00902575720101595, 0.00914841890335083, 0.008274897001683712, 0.00711538502946496, 0.007464144378900528, 0.006537705194205046, 0.006248063407838345, 0.0054718186147511005, 0.005090942606329918, 0.004884745460003614, 0.004701935686171055, 0.004335252568125725, 0.0038316254504024982, 0.0034737992100417614, 0.003284318372607231, 0.0030147512443363667, 0.0027598687447607517, 0.0026076079811900854, 0.002366395900025964, 0.0021538843866437674, 0.0020484968554228544, 0.0019850500393658876, 0.001787546556442976]}