{"loss": [0.42458808422088623, 0.11522972583770752, 0.06128482520580292, 0.03561956807971001, 0.024188106879591942, 0.018236592411994934, 0.016498053446412086, 0.012096780352294445, 0.009879899211227894, 0.00898520927876234, 0.007567779626697302, 0.0063086748123168945, 0.0058703613467514515, 0.004980156663805246, 0.004186760168522596, 0.0036546264309436083, 0.0033670663833618164, 0.002864224137738347, 0.0024913495872169733, 0.0021192331332713366, 0.0018460486317053437, 0.0016345921903848648, 0.0014311372069641948, 0.0012718456564471126, 0.0011325114173814654, 0.001042754389345646, 0.0009568372624926269, 0.0008899788372218609, 0.0008254845743067563, 0.0007823968189768493, 0.0007262839353643358, 0.0006767699378542602], "val_loss": [0.3898099958896637, 0.026657797396183014, 0.08000849187374115, 0.03888305276632309, 0.01656257174909115, 0.053636256605386734, 0.01436516735702753, 0.009692735970020294, 0.03223167732357979, 0.009422048926353455, 0.006763692479580641, 0.014665759168565273, 0.005322026088833809, 0.004345636814832687, 0.005988976452499628, 0.0029599538538604975, 0.0031130611896514893, 0.002042698673903942, 0.0018814902286976576, 0.002033219439908862, 0.0014242057222872972, 0.002400805475190282, 0.0014370519202202559, 0.0019773656968027353, 0.0013413737760856748, 0.0015847983304411173, 0.0013973970199003816, 0.00152607134077698, 0.0014704776694998145, 0.0014183123130351305, 0.0014793769223615527, 0.001490865950472653]}