{"loss": [0.652432382106781, 0.20334944128990173, 0.15202733874320984, 0.0990733951330185, 0.1013784408569336, 0.07388554513454437, 0.06456150114536285, 0.06491561233997345, 0.0569874607026577, 0.056410737335681915, 0.055222876369953156, 0.052232544869184494, 0.049581222236156464, 0.050554193556308746, 0.04817181080579758, 0.04732134938240051, 0.046636372804641724, 0.04541102424263954, 0.04407649487257004, 0.043570056557655334, 0.0428469255566597, 0.0417640246450901, 0.041194260120391846, 0.04032973200082779, 0.03933683782815933, 0.03860688954591751, 0.03820955380797386, 0.03707823529839516, 0.03698865324258804, 0.03561646491289139, 0.036008790135383606, 0.03467816859483719], "val_loss": [0.2426716834306717, 0.20436382293701172, 0.20622004568576813, 0.09059412032365799, 0.09242761880159378, 0.09265776723623276, 0.07973044365644455, 0.07818462699651718, 0.08281031996011734, 0.0821065902709961, 0.07721046358346939, 0.07415172457695007, 0.0739482045173645, 0.07433614134788513, 0.07277633249759674, 0.07474423199892044, 0.07855384051799774, 0.07772292196750641, 0.07778088003396988, 0.08235877007246017, 0.08446332812309265, 0.08506183326244354, 0.08940450847148895, 0.09016573429107666, 0.09034490585327148, 0.09514980763196945, 0.0982326865196228, 0.10249651968479156, 0.10628930479288101, 0.11090410500764847, 0.11506060510873795, 0.12258093059062958]}