{"loss": [3.2261624336242676, 0.6135342121124268, 0.40177053213119507, 0.2080899029970169, 0.13403677940368652, 0.15353669226169586, 0.08969493955373764, 0.06980963796377182, 0.07892933487892151, 0.05295532941818237, 0.06277228891849518, 0.0503959134221077, 0.0362091027200222, 0.031350553035736084, 0.022286826744675636, 0.02317770943045616, 0.018690554425120354, 0.018339596688747406, 0.01609269715845585, 0.014358695596456528, 0.01380498893558979, 0.014203330501914024, 0.012992293573915958, 0.012495368719100952, 0.011602162383496761, 0.010994898155331612, 0.010086949914693832, 0.009993700310587883, 0.010855318047106266, 0.009995149448513985, 0.009641077369451523, 0.009088430553674698], "val_loss": [1.655132532119751, 1.1088923215866089, 0.7036246657371521, 0.7011607885360718, 0.21252073347568512, 0.25456392765045166, 0.1229349672794342, 0.21761317551136017, 0.11871029436588287, 0.14980581402778625, 0.12499209493398666, 0.04747933894395828, 0.043814972043037415, 0.0367668941617012, 0.037495728582143784, 0.04039238393306732, 0.04709618538618088, 0.06358101218938828, 0.05298900976777077, 0.0441131554543972, 0.04979937896132469, 0.042163003236055374, 0.04371773824095726, 0.04023662582039833, 0.03762422502040863, 0.03776935860514641, 0.03591227903962135, 0.035916369408369064, 0.03508283570408821, 0.039275843650102615, 0.032389793545007706, 0.03155388683080673]}