{"loss": [0.6807178258895874, 0.20405226945877075, 0.14259600639343262, 0.10616039484739304, 0.07654422521591187, 0.07024684548377991, 0.05599654093384743, 0.04409833997488022, 0.04040756821632385, 0.03695482015609741, 0.03497219830751419, 0.028922244906425476, 0.028725432232022285, 0.02721802517771721, 0.02496452070772648, 0.023931361734867096, 0.021431807428598404, 0.02034207433462143, 0.018126454204320908, 0.016439754515886307, 0.014505671337246895, 0.013177863322198391, 0.011636491864919662, 0.01051233522593975, 0.009513161145150661, 0.008936198428273201, 0.007877755910158157, 0.007772546261548996, 0.007236512377858162, 0.006891591474413872, 0.006286263931542635, 0.006143517792224884], "val_loss": [0.2298801988363266, 0.20113468170166016, 0.12387839704751968, 0.0713856965303421, 0.05397270247340202, 0.0473250187933445, 0.06352435052394867, 0.07192347943782806, 0.050657860934734344, 0.05932549759745598, 0.05607716739177704, 0.05868855491280556, 0.07445763051509857, 0.05865723267197609, 0.06796767562627792, 0.04893139377236366, 0.06241521239280701, 0.0453343391418457, 0.04937282204627991, 0.03199483081698418, 0.03835316002368927, 0.0312790609896183, 0.03684231638908386, 0.027018524706363678, 0.029743846505880356, 0.022507760673761368, 0.02739633619785309, 0.020853590220212936, 0.02524736151099205, 0.01838412508368492, 0.023787831887602806, 0.01651766709983349]}