{"loss": [1.479546308517456, 1.5304099321365356, 0.15855282545089722, 0.1272014081478119, 0.16255544126033783, 0.10794048011302948, 0.1046236976981163, 0.09513136744499207, 0.3784772753715515, 0.21572352945804596, 0.2716953158378601, 0.11741414666175842, 0.19644691050052643, 0.10143271088600159, 0.11251792311668396, 0.094026580452919, 0.07891137897968292, 0.07939453423023224, 0.06562280654907227, 0.06456244736909866, 0.06322537362575531, 0.05791020393371582, 0.054452355951070786, 0.055893801152706146, 0.051604971289634705, 0.05307868868112564, 0.050592295825481415, 0.050058040767908096, 0.050331465899944305, 0.04846109822392464, 0.04876703768968582, 0.047591306269168854], "val_loss": [1.8159315586090088, 0.04536014422774315, 0.09578043967485428, 0.04553155601024628, 0.06134486198425293, 0.052208561450242996, 0.043782368302345276, 0.928892195224762, 0.050316210836172104, 0.3024108111858368, 0.06374992430210114, 0.34070128202438354, 0.08624257892370224, 0.06768076866865158, 0.04392783343791962, 0.08749589323997498, 0.06432665139436722, 0.04606413468718529, 0.057935457676649094, 0.057649631053209305, 0.04389774799346924, 0.04721543937921524, 0.07605627179145813, 0.06414847075939178, 0.04480431601405144, 0.04784541204571724, 0.0621936097741127, 0.05566010624170303, 0.04997694864869118, 0.0526965968310833, 0.051471251994371414, 0.051313627511262894]}