{"loss": [0.42159804701805115, 0.10080310702323914, 0.06631980836391449, 0.053766313940286636, 0.04245373606681824, 0.04060583934187889, 0.03807191178202629, 0.0358487032353878, 0.03363082557916641, 0.03331694006919861, 0.031319476664066315, 0.03175057843327522, 0.030113494023680687, 0.029691040515899658, 0.028054753318428993, 0.028110722079873085, 0.026061156764626503, 0.02738960273563862, 0.025113247334957123, 0.024914024397730827, 0.023969482630491257, 0.023668428882956505, 0.025209195911884308, 0.02923254296183586, 0.030833013355731964, 0.03475424274802208, 0.027069512754678726, 0.02634495124220848, 0.025694960728287697, 0.024228913709521294, 0.02532714419066906, 0.022760793566703796], "val_loss": [0.11283799260854721, 0.08636946976184845, 0.06727687269449234, 0.0599285326898098, 0.06828872859477997, 0.12459815293550491, 0.0732911229133606, 0.12463574856519699, 0.1030578687787056, 0.09006671607494354, 0.09773316979408264, 0.07521626353263855, 0.07865112274885178, 0.08959827572107315, 0.07086105644702911, 0.09729329496622086, 0.0757187157869339, 0.13645438849925995, 0.13080906867980957, 0.16512903571128845, 0.14290128648281097, 0.16337686777114868, 0.08793476223945618, 0.14622965455055237, 0.0749286487698555, 0.111530601978302, 0.07424696534872055, 0.07556460052728653, 0.11617495119571686, 0.06683138012886047, 0.16284096240997314, 0.07720164954662323]}