{"loss": [5.718008995056152, 0.568156898021698, 0.4254039525985718, 0.3045652508735657, 0.2450580596923828, 0.25499093532562256, 0.2542218565940857, 0.2403828203678131, 0.2384462058544159, 0.22425171732902527, 0.205296128988266, 0.18005309998989105, 0.16308869421482086, 0.14396922290325165, 0.12359020859003067, 0.11025100946426392, 0.10070909559726715, 0.09285329282283783, 0.08432355523109436, 0.07613901793956757, 0.06181652471423149, 0.05151784420013428, 0.04464198648929596, 0.03483843803405762, 0.027331072837114334, 0.02424078807234764, 0.02361755073070526, 0.018415529280900955, 0.013877233490347862, 0.011143466457724571, 0.009251803159713745, 0.008268751204013824], "val_loss": [0.2755435109138489, 0.09143614768981934, 0.07665403932332993, 0.0722128227353096, 0.0834420695900917, 0.07071270048618317, 0.06677191704511642, 0.07078971713781357, 0.07642039656639099, 0.0644998624920845, 0.04463261738419533, 0.027362026274204254, 0.01720951683819294, 0.019891725853085518, 0.005521601531654596, 0.005161292385309935, 0.010397790931165218, 0.0039749457500875, 0.017687181010842323, 0.0035795962903648615, 0.010272090323269367, 0.006437175441533327, 0.007227247580885887, 0.004734169691801071, 0.006170818582177162, 0.006508934311568737, 0.005946783348917961, 0.005119157489389181, 0.005546107422560453, 0.004946891684085131, 0.007028147112578154, 0.00480287941172719]}