{"loss": [0.40138983726501465, 0.15003341436386108, 0.09495905041694641, 0.053367096930742264, 0.03644417226314545, 0.026788489893078804, 0.018970472738146782, 0.014457658864557743, 0.012806490063667297, 0.010969541035592556, 0.00948282890021801, 0.0087277265265584, 0.007956785149872303, 0.006644480396062136, 0.006557824090123177, 0.0058440640568733215, 0.005202190950512886, 0.004826083313673735, 0.004343362525105476, 0.004038497805595398, 0.003632250474765897, 0.0033493873197585344, 0.003079357324168086, 0.0027571693062782288, 0.0025788091588765383, 0.0023663996253162622, 0.0022182862740010023, 0.0020843923557549715, 0.0019833266269415617, 0.0018707294948399067, 0.0017908881418406963, 0.0016926013631746173], "val_loss": [0.3800784945487976, 0.09263759851455688, 0.36041930317878723, 0.1632051169872284, 0.027062300592660904, 0.12251438945531845, 0.031197309494018555, 0.04180966317653656, 0.15904560685157776, 0.08366920053958893, 0.03325912728905678, 0.07243288308382034, 0.056050144135951996, 0.029092082753777504, 0.05800098553299904, 0.06521347910165787, 0.045013897120952606, 0.047579698264598846, 0.051642969250679016, 0.04224240779876709, 0.03714143857359886, 0.0470915250480175, 0.04351630434393883, 0.038788821548223495, 0.04451284557580948, 0.04117027297616005, 0.039868343621492386, 0.044415250420570374, 0.04310497269034386, 0.04121334105730057, 0.042632248252630234, 0.04015396907925606]}