{"loss": [0.3227313756942749, 0.07632104307413101, 0.0535975806415081, 0.036739423871040344, 0.025439666584134102, 0.01976509392261505, 0.017495878040790558, 0.015076888725161552, 0.01520475186407566, 0.013366950675845146, 0.013337414711713791, 0.012152919545769691, 0.012214153073728085, 0.011538321152329445, 0.011493155732750893, 0.010951611213386059, 0.011197271756827831, 0.010625386610627174, 0.010861668735742569, 0.010245107114315033, 0.010526024736464024, 0.01000149268656969, 0.010194869711995125, 0.009576990269124508, 0.009676948189735413, 0.009328212589025497, 0.009243033826351166, 0.009188844822347164, 0.009294025599956512, 0.009540569968521595, 0.009167804382741451, 0.008811837993562222], "val_loss": [0.055662281811237335, 0.02429715171456337, 0.37203124165534973, 0.03950202092528343, 0.01972533017396927, 0.014520369470119476, 0.012452480383217335, 0.03167552873492241, 0.008285565301775932, 0.004412527661770582, 0.011803323403000832, 0.008462476544082165, 0.00631096214056015, 0.006672925315797329, 0.012643003836274147, 0.006670226808637381, 0.005351421423256397, 0.004659726750105619, 0.008343982510268688, 0.007537607569247484, 0.008669640868902206, 0.004955135751515627, 0.004208797123283148, 0.0037702606059610844, 0.004269764292985201, 0.005341776646673679, 0.006484279874712229, 0.007107612211257219, 0.005440205801278353, 0.004227739293128252, 0.004114233888685703, 0.004197625443339348]}