{"loss": [1.9942492246627808, 0.3096754252910614, 0.2046295702457428, 0.1289547234773636, 0.13277262449264526, 0.12214180082082748, 0.06686245650053024, 0.08776615560054779, 0.09570285677909851, 0.0756235346198082, 0.048738982528448105, 0.04276033490896225, 0.038033127784729004, 0.044684071093797684, 0.04089728370308876, 0.0387195460498333, 0.037672434002161026, 0.03742065653204918, 0.04866744577884674, 0.03889153525233269, 0.03551247715950012, 0.03314466029405594, 0.03396650031208992, 0.024637386202812195, 0.018355857580900192, 0.02003408782184124, 0.019621580839157104, 0.02080697752535343, 0.02183600701391697, 0.016474757343530655, 0.015754634514451027, 0.014868440106511116], "val_loss": [0.0511670745909214, 0.17311204969882965, 0.06576307862997055, 0.033601053059101105, 0.05039188638329506, 0.055445346981287, 0.05739198625087738, 0.03006851114332676, 0.04695991426706314, 0.038229651749134064, 0.056710243225097656, 0.02480822615325451, 0.02393626607954502, 0.022541822865605354, 0.04155232757329941, 0.021776996552944183, 0.038669951260089874, 0.023585082963109016, 0.02568005956709385, 0.023522891104221344, 0.02284463495016098, 0.023586155846714973, 0.018449706956744194, 0.022046174854040146, 0.02718154527246952, 0.015653187409043312, 0.025338996201753616, 0.02440042421221733, 0.015858106315135956, 0.026797432452440262, 0.024315254762768745, 0.01556942705065012]}