{"loss": [0.3119644820690155, 0.12160342931747437, 0.06085094064474106, 0.04664288088679314, 0.028258999809622765, 0.02725682035088539, 0.023033417761325836, 0.021526779979467392, 0.020024074241518974, 0.018717028200626373, 0.01843329332768917, 0.017326759174466133, 0.017406461760401726, 0.016713181510567665, 0.01645497791469097, 0.01627274788916111, 0.016209743916988373, 0.015851061791181564, 0.01568777486681938, 0.01559036411345005, 0.015381177887320518, 0.015148451551795006, 0.014971462078392506, 0.014845788478851318, 0.014841520227491856, 0.014875085093080997, 0.014806819148361683, 0.014449586160480976, 0.013976994901895523, 0.014098994433879852, 0.014291951432824135, 0.013803110457956791], "val_loss": [0.25570452213287354, 0.038591060787439346, 0.05849754437804222, 0.02761317603290081, 0.030819853767752647, 0.031856175512075424, 0.02585558593273163, 0.02365351840853691, 0.023263590410351753, 0.024462543427944183, 0.024351052939891815, 0.024323638528585434, 0.025524301454424858, 0.024790046736598015, 0.025179423391819, 0.025116881355643272, 0.02535603754222393, 0.025002673268318176, 0.025071952491998672, 0.024991480633616447, 0.024967452511191368, 0.024992020800709724, 0.025025516748428345, 0.025160424411296844, 0.02530396729707718, 0.025566723197698593, 0.025356004014611244, 0.025491910055279732, 0.025218406692147255, 0.025007586926221848, 0.025071430951356888, 0.025005057454109192]}