{"loss": [0.5028140544891357, 0.11202405393123627, 0.05445761978626251, 0.060067418962717056, 0.036181434988975525, 0.0284450463950634, 0.021336380392313004, 0.015167823061347008, 0.012972179800271988, 0.014300072565674782, 0.008343522436916828, 0.00816863588988781, 0.007112695835530758, 0.005998875014483929, 0.006368337664753199, 0.004484865348786116, 0.0043868739157915115, 0.004369296133518219, 0.0033904004376381636, 0.003840224351733923, 0.002749823499470949, 0.00301910936832428, 0.0027542179450392723, 0.0024918746203184128, 0.0025242583360522985, 0.0020815737079828978, 0.002244149101898074, 0.0019633721094578505, 0.001992363017052412, 0.0017738229362294078, 0.0017633913084864616, 0.0016779976431280375], "val_loss": [0.015223843976855278, 0.011717533692717552, 0.051484283059835434, 0.002081792801618576, 0.019371850416064262, 0.001524662016890943, 0.012227307073771954, 0.00380842387676239, 0.010240205563604832, 0.006752842105925083, 0.002606502966955304, 0.004396860487759113, 0.001407445641234517, 0.004637706093490124, 0.0029647231567651033, 0.0032484775874763727, 0.0037872823886573315, 0.0019930244889110327, 0.0038500288501381874, 0.002172656124457717, 0.0013747161719948053, 0.0016993085155263543, 0.0013079060008749366, 0.0016932698199525476, 0.0012846251484006643, 0.0014626288320869207, 0.0010126740671694279, 0.0009883490856736898, 0.0008535361266694963, 0.0008685434004291892, 0.001057069399394095, 0.0008108341717161238]}