{"loss": [0.26887384057044983, 0.05382724478840828, 0.03506198525428772, 0.025727109983563423, 0.01591469720005989, 0.01128443330526352, 0.00935194082558155, 0.006844938732683659, 0.005233793519437313, 0.004525275900959969, 0.0039049338083714247, 0.003566580591723323, 0.0033946784678846598, 0.003028965089470148, 0.0031631984747946262, 0.0030951753724366426, 0.0028932620771229267, 0.002819332992658019, 0.0028934902511537075, 0.0028091296553611755, 0.0026631010696291924, 0.0028081429190933704, 0.0027488949708640575, 0.002543554175645113, 0.002619597828015685, 0.0026897855568677187, 0.002585118170827627, 0.0024058057460933924, 0.00253262254409492, 0.0025913743302226067, 0.0024901453871279955, 0.002334940480068326], "val_loss": [0.22846662998199463, 0.14168620109558105, 0.040218427777290344, 0.024160856381058693, 0.060051776468753815, 0.0412721112370491, 0.02300407551229, 0.02336651273071766, 0.01967514306306839, 0.015997203066945076, 0.02162832021713257, 0.013455132953822613, 0.014055631123483181, 0.02899913303554058, 0.02135138027369976, 0.014971529133617878, 0.02823573723435402, 0.021648161113262177, 0.01406397670507431, 0.023896774277091026, 0.02725261077284813, 0.015563462860882282, 0.019502868875861168, 0.02689320221543312, 0.020862681791186333, 0.016139023005962372, 0.02000577561557293, 0.026755139231681824, 0.02025161124765873, 0.015609894879162312, 0.020305756479501724, 0.02515503391623497]}