{"loss": [0.49989792704582214, 0.18821080029010773, 0.10036268830299377, 0.08520103245973587, 0.05304671451449394, 0.03790157660841942, 0.02973087690770626, 0.02854178287088871, 0.024238688871264458, 0.022472592070698738, 0.02036980167031288, 0.01889113523066044, 0.017718425020575523, 0.01611241139471531, 0.015107805840671062, 0.013742447830736637, 0.01291096955537796, 0.011763189919292927, 0.010738213546574116, 0.00972963310778141, 0.00889564398676157, 0.008020807057619095, 0.0073075913824141026, 0.006606325972825289, 0.006070361938327551, 0.005450693890452385, 0.004981404170393944, 0.004588183015584946, 0.0040314956568181515, 0.0036816231440752745, 0.0033709348645061255, 0.002945278538390994], "val_loss": [0.590782642364502, 0.1649460345506668, 0.02619968354701996, 0.07345228642225266, 0.07636962085962296, 0.026290029287338257, 0.02095906063914299, 0.020870795473456383, 0.020776331424713135, 0.0211618784815073, 0.02078600972890854, 0.02111058495938778, 0.019376536831259727, 0.019474856555461884, 0.016725437715649605, 0.014993935823440552, 0.014974058605730534, 0.015515489503741264, 0.014063013717532158, 0.012653416953980923, 0.012365189380943775, 0.012454467825591564, 0.011567801237106323, 0.0116047915071249, 0.011120771057903767, 0.0107454564422369, 0.010464691556990147, 0.009918010793626308, 0.009617851115763187, 0.00959037896245718, 0.009557129815220833, 0.009638497605919838]}