{"loss": [1.9633464813232422, 0.31239986419677734, 0.22228553891181946, 0.15510639548301697, 0.10271388292312622, 0.08245211839675903, 0.0636121928691864, 0.0574190579354763, 0.05103117227554321, 0.03626534342765808, 0.03959871456027031, 0.028698362410068512, 0.026227746158838272, 0.030879449099302292, 0.03034793771803379, 0.024090420454740524, 0.01999843120574951, 0.015205664560198784, 0.01689952239394188, 0.014157287776470184, 0.01118693221360445, 0.011499819345772266, 0.013940306380391121, 0.012169362977147102, 0.008598550222814083, 0.007229568436741829, 0.006274232640862465, 0.004736445378512144, 0.004803754854947329, 0.004777636379003525, 0.004075627774000168, 0.003749322844669223], "val_loss": [1.0825011730194092, 0.2763507068157196, 0.3580176532268524, 0.13699322938919067, 0.06593376398086548, 0.047816142439842224, 0.15255030989646912, 0.13905486464500427, 0.019047299399971962, 0.1360131949186325, 0.022078106179833412, 0.06466545164585114, 0.07632377743721008, 0.03103313222527504, 0.02972564660012722, 0.01992643065750599, 0.0271331574767828, 0.03081444837152958, 0.02821456268429756, 0.04023941233754158, 0.037939414381980896, 0.020009011030197144, 0.03296098858118057, 0.029598476365208626, 0.028662122786045074, 0.026423901319503784, 0.02447132021188736, 0.0258333683013916, 0.028779933229088783, 0.025011520832777023, 0.028718560934066772, 0.02915298193693161]}