{"loss": [3.534048557281494, 0.9801197052001953, 0.8345159292221069, 0.5594243407249451, 0.4054151177406311, 0.3745153546333313, 0.20933209359645844, 0.16923215985298157, 0.1038205698132515, 0.10175102949142456, 0.06379791349172592, 0.04671776294708252, 0.03906949609518051, 0.028706714510917664, 0.029312683269381523, 0.01782304234802723, 0.018400080502033234, 0.01628110744059086, 0.015809928998351097, 0.013755868189036846, 0.013340338133275509, 0.011873935349285603, 0.011662670411169529, 0.010772576555609703, 0.009345943108201027, 0.009180735796689987, 0.00931927002966404, 0.008483778685331345, 0.00902958121150732, 0.008176840841770172, 0.008425893262028694, 0.007984764873981476], "val_loss": [1.7931606769561768, 1.507318139076233, 1.772162914276123, 1.4209494590759277, 1.0982855558395386, 1.1865614652633667, 0.9441684484481812, 0.7230575680732727, 0.6769580245018005, 0.331092894077301, 0.24228248000144958, 0.15622662007808685, 0.14307643473148346, 0.11637675017118454, 0.15056626498699188, 0.1413339227437973, 0.1762060970067978, 0.17089152336120605, 0.19522622227668762, 0.17285077273845673, 0.18076083064079285, 0.1850891262292862, 0.1798025369644165, 0.17606468498706818, 0.17518167197704315, 0.16964203119277954, 0.1617138534784317, 0.15759624540805817, 0.15215560793876648, 0.15063485503196716, 0.14832302927970886, 0.14792309701442719]}