{"loss": [0.3503594994544983, 0.07458049058914185, 0.045018911361694336, 0.03568005934357643, 0.02865639515221119, 0.023087194189429283, 0.01761631853878498, 0.017245767638087273, 0.015513041988015175, 0.014104723930358887, 0.01358829252421856, 0.013285123743116856, 0.012735826894640923, 0.012734553776681423, 0.012040780857205391, 0.012117745354771614, 0.011711090803146362, 0.011577474884688854, 0.011447659693658352, 0.011177738197147846, 0.011131849139928818, 0.010928218252956867, 0.010805131867527962, 0.010670089162886143, 0.010546190664172173, 0.010374898090958595, 0.01027495414018631, 0.010123335756361485, 0.009977396577596664, 0.009827197529375553, 0.009705708362162113, 0.009557492099702358], "val_loss": [0.5823215246200562, 0.15159741044044495, 0.3606373369693756, 0.06912153214216232, 0.11712101101875305, 0.1442258358001709, 0.05288234353065491, 0.11716760694980621, 0.08851461857557297, 0.06685848534107208, 0.09517569094896317, 0.06817626953125, 0.0682322084903717, 0.077432781457901, 0.05813179165124893, 0.06938599795103073, 0.059630341827869415, 0.05918030068278313, 0.05904082581400871, 0.05511600524187088, 0.05844777077436447, 0.05458689108490944, 0.05704903602600098, 0.053400732576847076, 0.05574379488825798, 0.05320632830262184, 0.05517801642417908, 0.05426371842622757, 0.055972322821617126, 0.05553446710109711, 0.05703778192400932, 0.060309309512376785]}