{"loss": [0.5618915557861328, 0.17057621479034424, 0.09268338233232498, 0.05278543010354042, 0.03819834068417549, 0.029378652572631836, 0.021991321817040443, 0.016046052798628807, 0.015538175590336323, 0.013525719754397869, 0.011184252798557281, 0.009541497565805912, 0.008874859660863876, 0.007844184525310993, 0.006836757063865662, 0.0062198699451982975, 0.005227402318269014, 0.0047204019501805305, 0.00404735840857029, 0.0036580634769052267, 0.003217300632968545, 0.00283090490847826, 0.002544865943491459, 0.002246753079816699, 0.0020553471986204386, 0.0018653773004189134, 0.0017219226574525237, 0.0016020885668694973, 0.0014913370832800865, 0.0014056009240448475, 0.0013121049851179123, 0.001252231071703136], "val_loss": [0.04062749072909355, 0.038132160902023315, 0.03413883596658707, 0.011247222311794758, 0.02175617218017578, 0.011700202710926533, 0.006263102404773235, 0.009391806088387966, 0.007598589640110731, 0.007831926457583904, 0.00821866374462843, 0.005790791008621454, 0.005665510892868042, 0.005399635992944241, 0.005202190950512886, 0.005483612418174744, 0.0051542483270168304, 0.004620010498911142, 0.0047973995096981525, 0.00427631800994277, 0.0039850035682320595, 0.0037572947330772877, 0.003653234103694558, 0.003772058291360736, 0.0035036499612033367, 0.003531604539602995, 0.0032750130631029606, 0.0032158985268324614, 0.0030000784900039434, 0.002879840089008212, 0.002788129262626171, 0.0026920526288449764]}