{"loss": [0.42457008361816406, 0.04775940626859665, 0.03344561532139778, 0.018382910639047623, 0.012762187980115414, 0.012707852758467197, 0.009352318942546844, 0.009753510355949402, 0.007079585455358028, 0.006884668953716755, 0.006061623338609934, 0.005606490187346935, 0.005166502203792334, 0.004862101748585701, 0.004678890109062195, 0.004558764863759279, 0.0043563381768763065, 0.00427112216129899, 0.00422045961022377, 0.004147187806665897, 0.004101698752492666, 0.004013486672192812, 0.003968755714595318, 0.003910432104021311, 0.003857780247926712, 0.003844325663521886, 0.003813783638179302, 0.0038042538799345493, 0.0038094776682555676, 0.0038218656554818153, 0.003856448922306299, 0.003928554244339466], "val_loss": [0.0354757197201252, 0.029117438942193985, 0.03592411428689957, 0.008216061629354954, 0.014143758453428745, 0.008234254084527493, 0.014264903962612152, 0.008134414441883564, 0.0052726916037499905, 0.011509417556226254, 0.005497724283486605, 0.0075782286003232, 0.00608862703666091, 0.006752373185008764, 0.006360378582030535, 0.005734442267566919, 0.00607848446816206, 0.006414483767002821, 0.006539844907820225, 0.006612741854041815, 0.006448236294090748, 0.006492665968835354, 0.006325498688966036, 0.006281778682023287, 0.006324764806777239, 0.0062849996611475945, 0.006419357843697071, 0.006507211830466986, 0.0066416324116289616, 0.0068299127742648125, 0.007080563344061375, 0.007417342625558376]}