{"loss": [0.6948292255401611, 0.16221210360527039, 0.13603919744491577, 0.05602648854255676, 0.03848009184002876, 0.023478470742702484, 0.022728316485881805, 0.01486363634467125, 0.012518581002950668, 0.00910948682576418, 0.010333260521292686, 0.008236408233642578, 0.005834987387061119, 0.004858941771090031, 0.0048763039521873, 0.005380688235163689, 0.004224448464810848, 0.0039594415575265884, 0.0034671819303184748, 0.0035976250655949116, 0.0032509323209524155, 0.003049650462344289, 0.002845114329829812, 0.002805206924676895, 0.0027610899414867163, 0.0025993743911385536, 0.002527006668969989, 0.0024475182872265577, 0.0024146195501089096, 0.0022782618179917336, 0.002219186630100012, 0.0021274767350405455], "val_loss": [0.041695501655340195, 0.4733794629573822, 0.14181160926818848, 0.03708476573228836, 0.05561992898583412, 0.061325784772634506, 0.025326138362288475, 0.012983914464712143, 0.027488380670547485, 0.052482880651950836, 0.04461589828133583, 0.01837882213294506, 0.007639897521585226, 0.008571863174438477, 0.010714002884924412, 0.006996457930654287, 0.00488453172147274, 0.008463631384074688, 0.014951789751648903, 0.013523660600185394, 0.007564629893749952, 0.005676498636603355, 0.007408621720969677, 0.008731047622859478, 0.0077800024300813675, 0.007979420013725758, 0.010650401003658772, 0.012195838615298271, 0.00975240021944046, 0.00693813432008028, 0.006512057036161423, 0.007201613392680883]}