{"loss": [1.2492550611495972, 0.5473392605781555, 0.2577276825904846, 0.12997998297214508, 0.062294911593198776, 0.045626506209373474, 0.02614882029592991, 0.020333677530288696, 0.020234763622283936, 0.015431507490575314, 0.01283876784145832, 0.008082861080765724, 0.006939375307410955, 0.006668044254183769, 0.005616850219666958, 0.005203098990023136, 0.004574811551719904, 0.003624868579208851, 0.003252665977925062, 0.002705771243199706, 0.0024963896721601486, 0.0022004535421729088, 0.0018855384550988674, 0.001722158514894545, 0.0015868782065808773, 0.0014869916485622525, 0.0014429709408432245, 0.001325325109064579, 0.0014419342624023557, 0.0015558982267975807, 0.0019526609685271978, 0.002294171368703246], "val_loss": [0.6905087232589722, 0.023911358788609505, 0.00908918958157301, 0.03455202654004097, 0.027716252952814102, 0.02766367606818676, 0.018560796976089478, 0.004798426292836666, 0.008840779773890972, 0.0027386893052607775, 0.003325432538986206, 0.007103372365236282, 0.0022970163263380527, 0.006182287819683552, 0.0020229113288223743, 0.003165061352774501, 0.003376432228833437, 0.0030280868522822857, 0.0024548827204853296, 0.0024763394612818956, 0.001717691426165402, 0.003797004232183099, 0.0017300235340371728, 0.002383370418101549, 0.0025578865315765142, 0.002001761691644788, 0.0023684431798756123, 0.003010255517438054, 0.002523277187719941, 0.0017872346797958016, 0.002989442553371191, 0.004797544330358505]}