{"loss": [0.34061890840530396, 0.08463872969150543, 0.044014908373355865, 0.030880607664585114, 0.025225907564163208, 0.021577537059783936, 0.016507234424352646, 0.01565217785537243, 0.014469336718320847, 0.01261608861386776, 0.011679688468575478, 0.011305154301226139, 0.010705707594752312, 0.01061268150806427, 0.010266258381307125, 0.009921370074152946, 0.009724334813654423, 0.009569939225912094, 0.009401326067745686, 0.009220155887305737, 0.009108860976994038, 0.008938999846577644, 0.008805306628346443, 0.00868038646876812, 0.008560644462704659, 0.008460119366645813, 0.008347190916538239, 0.008204170502722263, 0.008121894672513008, 0.008042058907449245, 0.007923273369669914, 0.007758426945656538], "val_loss": [0.018267808482050896, 0.08967775851488113, 0.028232768177986145, 0.011486769653856754, 0.007072607520967722, 0.007252371404320002, 0.012362143956124783, 0.008818081580102444, 0.009008575230836868, 0.011090600863099098, 0.0098988376557827, 0.010880199261009693, 0.008965643122792244, 0.009091288782656193, 0.010222048498690128, 0.010954359546303749, 0.010749302804470062, 0.011324885301291943, 0.011636643670499325, 0.011747241951525211, 0.012299126945436, 0.01318894512951374, 0.013264700770378113, 0.013497970066964626, 0.01406098622828722, 0.014313342981040478, 0.014947602525353432, 0.015144248493015766, 0.015714533627033234, 0.01637520082294941, 0.01682814583182335, 0.01753038913011551]}