{"loss": [0.3792528808116913, 0.08033148944377899, 0.04497979208827019, 0.027951369062066078, 0.02313026785850525, 0.016986289992928505, 0.017139622941613197, 0.013598665595054626, 0.011929710395634174, 0.01053390558809042, 0.007941692136228085, 0.008202820084989071, 0.006921000313013792, 0.0065574380569159985, 0.005859375, 0.005256494972854853, 0.004703375045210123, 0.004241145681589842, 0.0037625832483172417, 0.0034139715135097504, 0.0030320752412080765, 0.0027289337012916803, 0.002447450766339898, 0.0022005655337125063, 0.00197002780623734, 0.001797674223780632, 0.001661985763348639, 0.0014999258564785123, 0.001432746765203774, 0.0013284593587741256, 0.00129026232752949, 0.0012027360498905182], "val_loss": [0.014273881912231445, 0.010984301567077637, 0.02864779904484749, 0.00573036028072238, 0.004329795483499765, 0.008274427615106106, 0.006622091867029667, 0.0040571922436356544, 0.003603933146223426, 0.0032020516227930784, 0.0029189400374889374, 0.002415997441858053, 0.003101231064647436, 0.002637313911691308, 0.003243151120841503, 0.002980863442644477, 0.0024750512093305588, 0.001980474451556802, 0.0016953680897131562, 0.0016896019224077463, 0.0017562727443873882, 0.0015090936794877052, 0.0014070796314626932, 0.0012244433164596558, 0.0011618898715823889, 0.0011070955079048872, 0.0010265177115797997, 0.000977875548414886, 0.0009868915658444166, 0.0009419161360710859, 0.0008665455388836563, 0.0008209927473217249]}