{"loss": [2.0753984451293945, 0.4343826174736023, 0.22090867161750793, 0.0848991721868515, 0.07951045781373978, 0.057279929518699646, 0.05220382660627365, 0.04475529491901398, 0.030977845191955566, 0.024578578770160675, 0.020740995183587074, 0.01579190045595169, 0.013203740119934082, 0.011248274706304073, 0.009604797698557377, 0.010079867206513882, 0.007992987520992756, 0.0069612786173820496, 0.006746955215930939, 0.007366184610873461, 0.006732450798153877, 0.005809447728097439, 0.007436299230903387, 0.006785597652196884, 0.006482637487351894, 0.006614990998059511, 0.005652459338307381, 0.006468654610216618, 0.0054189362563192844, 0.00620360067114234, 0.008452435955405235, 0.011408365331590176], "val_loss": [0.24656125903129578, 0.09960702061653137, 0.07485751807689667, 0.03552550449967384, 0.0780397579073906, 0.019581178203225136, 0.021229414269328117, 0.030644811689853668, 0.007214757613837719, 0.013440245762467384, 0.010573714040219784, 0.012865310534834862, 0.010246245190501213, 0.008784733712673187, 0.013299169950187206, 0.007686085999011993, 0.007993662729859352, 0.00827297568321228, 0.008090611547231674, 0.009394567459821701, 0.007357392925769091, 0.010516174137592316, 0.00733422115445137, 0.006207956932485104, 0.007750432472676039, 0.01058618538081646, 0.0074742562137544155, 0.007697220426052809, 0.009349256753921509, 0.011616176925599575, 0.006304510403424501, 0.010313952341675758]}