{"loss": [0.6982555985450745, 0.11328665167093277, 0.07780486345291138, 0.0462234765291214, 0.027645980939269066, 0.02153266780078411, 0.016742518171668053, 0.014756412245333195, 0.012646104209125042, 0.009995023719966412, 0.007998199202120304, 0.0074727474711835384, 0.006397882476449013, 0.005216659978032112, 0.0052394322119653225, 0.004577691201120615, 0.004078615922480822, 0.0036355042830109596, 0.0032624292653054, 0.0029537722002714872, 0.0026416678447276354, 0.002359790029004216, 0.00214402936398983, 0.0019246692536398768, 0.0017740015173330903, 0.0015984465135261416, 0.0014620921574532986, 0.0013593519106507301, 0.0012332996120676398, 0.0011591139482334256, 0.0010908511467278004, 0.0009952662512660027], "val_loss": [0.0335962176322937, 0.05594837665557861, 0.02043839730322361, 0.019509371370077133, 0.019811399281024933, 0.016534391790628433, 0.02172321453690529, 0.02410009689629078, 0.022580351680517197, 0.01537114754319191, 0.012200345285236835, 0.01029284205287695, 0.010997453704476357, 0.009340841323137283, 0.01111853588372469, 0.010594156570732594, 0.009369898587465286, 0.008611653931438923, 0.008517698384821415, 0.01027602981775999, 0.011166616342961788, 0.010689263232052326, 0.010170708410441875, 0.009929783642292023, 0.010270527563989162, 0.010612630285322666, 0.010837179608643055, 0.010477208532392979, 0.009850644506514072, 0.009820709004998207, 0.009735296480357647, 0.00958162173628807]}