{"loss": [2.41585111618042, 0.9535142183303833, 0.33619025349617004, 0.30900081992149353, 0.13733844459056854, 0.09488943219184875, 0.08529620617628098, 0.0708727091550827, 0.06757112592458725, 0.06846650689840317, 0.09615233540534973, 0.06731235235929489, 0.06001009792089462, 0.06588689237833023, 0.06562332808971405, 0.0494915135204792, 0.0642366036772728, 0.06873710453510284, 0.04939449578523636, 0.057921670377254486, 0.08340013027191162, 0.0662735179066658, 0.07199379056692123, 0.054573267698287964, 0.04693923145532608, 0.05388963967561722, 0.043782226741313934, 0.03844354301691055, 0.03518040478229523, 0.029675807803869247, 0.02746494859457016, 0.025181997567415237], "val_loss": [0.22449930012226105, 0.0642649307847023, 0.06853867322206497, 0.026150131598114967, 0.07612939178943634, 0.11806733161211014, 0.030794452875852585, 0.06425682455301285, 0.09323014318943024, 0.0601322315633297, 0.062416236847639084, 0.059032078832387924, 0.07668183743953705, 0.030885225161910057, 0.029820462688803673, 0.0724935457110405, 0.0797179564833641, 0.053308211266994476, 0.05862343683838844, 0.11001814901828766, 0.09621284157037735, 0.05658881366252899, 0.06557667255401611, 0.06526590138673782, 0.06965955346822739, 0.08021805435419083, 0.07727442681789398, 0.05155207961797714, 0.049177851527929306, 0.06800676882266998, 0.06210135295987129, 0.061502330005168915]}