{"loss": [0.4211611747741699, 0.09021127969026566, 0.0492689311504364, 0.04182678833603859, 0.02287912368774414, 0.02090028114616871, 0.016355464234948158, 0.01485468726605177, 0.012733125127851963, 0.011818820610642433, 0.011685718782246113, 0.01109325885772705, 0.010749143548309803, 0.0104395542293787, 0.010237795300781727, 0.009956923313438892, 0.009817607700824738, 0.009660523384809494, 0.00952450092881918, 0.009408531710505486, 0.009260268881917, 0.00925565604120493, 0.009268401190638542, 0.009203888475894928, 0.009397892281413078, 0.009420940652489662, 0.009004326537251472, 0.008940761908888817, 0.008856759406626225, 0.008655308745801449, 0.0085512176156044, 0.008352547883987427], "val_loss": [0.013403370976448059, 0.022457601502537727, 0.04022493213415146, 0.009547796100378036, 0.012266961857676506, 0.014056893065571785, 0.007926537655293941, 0.006913360673934221, 0.008281979709863663, 0.008644521236419678, 0.008392123505473137, 0.007461796049028635, 0.0077986689284443855, 0.007659881841391325, 0.0073007820174098015, 0.00702929962426424, 0.007052156142890453, 0.006982868071645498, 0.00665844464674592, 0.006828472949564457, 0.007033021654933691, 0.00690873246639967, 0.006904234644025564, 0.007163127418607473, 0.007097526453435421, 0.007076394744217396, 0.007301009260118008, 0.007178994826972485, 0.007616203278303146, 0.007362822536379099, 0.008241819217801094, 0.00827793963253498]}