{"loss": [2.3359415531158447, 0.5025321841239929, 0.39490869641304016, 0.215736985206604, 0.08952803164720535, 0.03363576903939247, 0.02379300445318222, 0.019152894616127014, 0.015620315447449684, 0.014524171128869057, 0.010528421960771084, 0.010007998906075954, 0.00821589957922697, 0.006868917960673571, 0.007487732917070389, 0.005916904658079147, 0.005055376794189215, 0.004826139658689499, 0.0048247878439724445, 0.0047537293285131454, 0.0038978909142315388, 0.003764514112845063, 0.003568456042557955, 0.003375380765646696, 0.003145205555483699, 0.0030773875769227743, 0.0028717343229800463, 0.0027204188518226147, 0.002668798668310046, 0.002583469497039914, 0.002496593166142702, 0.0024220552295446396], "val_loss": [0.21414461731910706, 0.4498633146286011, 0.4035530090332031, 0.040744610130786896, 0.02651877887547016, 0.02808947116136551, 0.016027819365262985, 0.00907660461962223, 0.008952837437391281, 0.008413397707045078, 0.007446165196597576, 0.008079520426690578, 0.00554773909971118, 0.005017600953578949, 0.004655318334698677, 0.006706995889544487, 0.005882558412849903, 0.005680638365447521, 0.0056113856844604015, 0.005429488141089678, 0.0057300422340631485, 0.005652970634400845, 0.00494164926931262, 0.005736318416893482, 0.005657110828906298, 0.005399239249527454, 0.0049132490530610085, 0.005132495425641537, 0.005444171838462353, 0.0051123034209012985, 0.004869294352829456, 0.005448170006275177]}