{"loss": [0.5655942559242249, 0.10038956254720688, 0.05187447741627693, 0.028491279110312462, 0.020999809727072716, 0.01258579920977354, 0.012494509108364582, 0.009283126331865788, 0.00689052464440465, 0.005671912804245949, 0.005045722704380751, 0.00410537701100111, 0.0037084391806274652, 0.0030481836292892694, 0.002773197367787361, 0.00239434652030468, 0.0020643984898924828, 0.0020192908123135567, 0.001756508951075375, 0.0015622576465830207, 0.0014667048817500472, 0.0013003273634240031, 0.001294929999858141, 0.0011250474490225315, 0.0010649289470165968, 0.0009482107125222683, 0.0009323051199316978, 0.0008360932115465403, 0.0007813029806129634, 0.0007066843099892139, 0.0006772218621335924, 0.0006258360808715224], "val_loss": [0.03821910172700882, 0.010403885506093502, 0.02905491553246975, 0.01604459248483181, 0.0038325954228639603, 0.006026676390320063, 0.005434471648186445, 0.004098387900739908, 0.0026259496808052063, 0.00152187782805413, 0.0018716966733336449, 0.0019251946359872818, 0.0015273058088496327, 0.002530117053538561, 0.0015773620689287782, 0.001190841430798173, 0.0012684909161180258, 0.0010450236732140183, 0.0012447559274733067, 0.0012140157632529736, 0.0011072872439399362, 0.0010556289926171303, 0.0009892216185107827, 0.000929937930777669, 0.0009273247560486197, 0.0009577546152286232, 0.000893711403477937, 0.0008130294154398143, 0.000785397831350565, 0.0007885014056228101, 0.0007954344036988914, 0.00078620231943205]}