{"loss": [0.3431885838508606, 0.06299355626106262, 0.038561735302209854, 0.029755113646388054, 0.022076278924942017, 0.017890017479658127, 0.01599270850419998, 0.016152633354067802, 0.014377539977431297, 0.013236696831882, 0.01341273169964552, 0.01269981823861599, 0.01215587742626667, 0.01245404314249754, 0.012155096977949142, 0.011516503989696503, 0.011844895780086517, 0.011956244707107544, 0.011272684670984745, 0.011211768724024296, 0.011440111324191093, 0.011107935570180416, 0.010804107412695885, 0.010908510535955429, 0.010885395109653473, 0.010646882466971874, 0.010486610233783722, 0.010485648177564144, 0.010379493236541748, 0.01027319673448801, 0.010152365081012249, 0.009995125234127045], "val_loss": [0.030680131167173386, 0.04072798788547516, 0.01691613718867302, 0.012304726988077164, 0.01918928138911724, 0.012433983385562897, 0.017009353265166283, 0.018973689526319504, 0.015190139412879944, 0.01240218710154295, 0.014251017943024635, 0.011704172939062119, 0.010218133218586445, 0.012480465695261955, 0.012763891369104385, 0.010991547256708145, 0.011777500621974468, 0.012212156318128109, 0.011629538610577583, 0.011816143058240414, 0.012327805161476135, 0.012643345631659031, 0.012787329033017159, 0.013011708855628967, 0.013612430542707443, 0.013955154456198215, 0.01361866295337677, 0.014012180268764496, 0.014723457396030426, 0.014630129560828209, 0.014706485904753208, 0.01492760144174099]}