{"loss": [0.3943168818950653, 0.08645487576723099, 0.04842878505587578, 0.03186359256505966, 0.024970749393105507, 0.017438653856515884, 0.013888813555240631, 0.01241805125027895, 0.010280474089086056, 0.009415257722139359, 0.00871421117335558, 0.007608972489833832, 0.007261544931679964, 0.006236366927623749, 0.006408459972590208, 0.005545394495129585, 0.005358397960662842, 0.004860130604356527, 0.004737261217087507, 0.004267594311386347, 0.004066437017172575, 0.003629490965977311, 0.003378370078280568, 0.0030755784828215837, 0.002714356407523155, 0.0024764633271843195, 0.0021320264786481857, 0.0019876582082360983, 0.0017181276343762875, 0.0015878574922680855, 0.001413375255651772, 0.0012988840462639928], "val_loss": [0.036047570407390594, 0.019735924899578094, 0.02806755155324936, 0.015845434740185738, 0.01415561605244875, 0.008467192761600018, 0.007473573088645935, 0.007885846309363842, 0.004755035042762756, 0.006274145562201738, 0.006232449784874916, 0.007101939991116524, 0.004902868997305632, 0.004292079247534275, 0.0037682203110307455, 0.004341511521488428, 0.003818260971456766, 0.004014512058347464, 0.0031320424750447273, 0.0038316778372973204, 0.0030370329041033983, 0.0037409979850053787, 0.002493435749784112, 0.003452274715527892, 0.002407890511676669, 0.003479615319520235, 0.0020221781451255083, 0.003024517325684428, 0.0019508368568494916, 0.0029073855839669704, 0.0017840263899415731, 0.0023478760849684477]}