{"loss": [0.6837215423583984, 0.129694864153862, 0.09129102528095245, 0.05834045261144638, 0.04850804805755615, 0.04271934926509857, 0.034345753490924835, 0.03216826170682907, 0.025271624326705933, 0.026100996881723404, 0.022227216511964798, 0.02220582216978073, 0.020829249173402786, 0.01976722478866577, 0.01900939643383026, 0.01852574199438095, 0.01846810057759285, 0.01731347292661667, 0.017308857291936874, 0.016722720116376877, 0.017062053084373474, 0.016435330733656883, 0.01654583215713501, 0.01626553386449814, 0.016085218638181686, 0.015939773991703987, 0.015672313049435616, 0.015491301193833351, 0.015547387301921844, 0.015539008192718029, 0.015415024012327194, 0.015155283734202385], "val_loss": [0.0844070091843605, 0.05395008623600006, 0.04517355561256409, 0.07386171072721481, 0.08695987612009048, 0.06184082850813866, 0.06912044435739517, 0.09924798458814621, 0.14266686141490936, 0.11282806843519211, 0.0996997207403183, 0.1033964604139328, 0.13048572838306427, 0.1589847207069397, 0.1584600955247879, 0.15292663872241974, 0.13756413757801056, 0.13955385982990265, 0.14752434194087982, 0.16974930465221405, 0.17581844329833984, 0.1552634835243225, 0.16949163377285004, 0.1542263627052307, 0.17304421961307526, 0.15755517780780792, 0.17597608268260956, 0.15352840721607208, 0.17284099757671356, 0.15533743798732758, 0.1801207810640335, 0.1691645085811615]}