{"loss": [2.6966733932495117, 0.3385287821292877, 0.36924678087234497, 0.25940006971359253, 0.1596560776233673, 0.06795889139175415, 0.046186208724975586, 0.036219045519828796, 0.0686449259519577, 0.04138479381799698, 0.03214627504348755, 0.03020942397415638, 0.028702478855848312, 0.025386180728673935, 0.02086968719959259, 0.01833488419651985, 0.01507557276636362, 0.015410398133099079, 0.016192253679037094, 0.01451888121664524, 0.01205033715814352, 0.012605004943907261, 0.013804938644170761, 0.01826965995132923, 0.017517445608973503, 0.013065176084637642, 0.00986555963754654, 0.00962804164737463, 0.009583926759660244, 0.007864691317081451, 0.010202092118561268, 0.008296341635286808], "val_loss": [0.49967333674430847, 0.04516512528061867, 0.05043097212910652, 0.08671244233846664, 0.05475533753633499, 0.029242953285574913, 0.024805545806884766, 0.06735207140445709, 0.026934415102005005, 0.06639675050973892, 0.02428649179637432, 0.04162897914648056, 0.02588644064962864, 0.020246783271431923, 0.013292482122778893, 0.012684683315455914, 0.025631599128246307, 0.03792216628789902, 0.026415299624204636, 0.016134630888700485, 0.02273206226527691, 0.021240368485450745, 0.024728499352931976, 0.02196432091295719, 0.008243124932050705, 0.012526123784482479, 0.026920972391963005, 0.019346239045262337, 0.013384941965341568, 0.026514647528529167, 0.015476434491574764, 0.007711786776781082]}