{"loss": [5.245952129364014, 1.3950817584991455, 0.279868483543396, 0.15790995955467224, 0.09444315731525421, 0.06963074207305908, 0.07200095057487488, 0.0721433088183403, 0.051218993961811066, 0.04379323497414589, 0.03283299133181572, 0.030723530799150467, 0.023937910795211792, 0.022752031683921814, 0.027466686442494392, 0.020741518586874008, 0.017454909160733223, 0.014535212889313698, 0.01368270255625248, 0.011751663871109486, 0.01104191318154335, 0.009549657814204693, 0.008282802067697048, 0.0072706313803792, 0.006600878667086363, 0.006357815116643906, 0.005652816966176033, 0.00541055528447032, 0.0049156323075294495, 0.0049175359308719635, 0.00445103645324707, 0.004263141192495823], "val_loss": [5.561895847320557, 0.3944188356399536, 0.3183697462081909, 0.19344203174114227, 0.05535284802317619, 0.08103445172309875, 0.09588634222745895, 0.07148464769124985, 0.0353817343711853, 0.05429009348154068, 0.11568493396043777, 0.1589050590991974, 0.19320683181285858, 0.17057783901691437, 0.15873867273330688, 0.14639802277088165, 0.10445685684680939, 0.11089954525232315, 0.0875483900308609, 0.08245842903852463, 0.07790134102106094, 0.057777222245931625, 0.05374301224946976, 0.0480908639729023, 0.04949656128883362, 0.04953192174434662, 0.0480932742357254, 0.04707254841923714, 0.049428652971982956, 0.04978473111987114, 0.05035063251852989, 0.049788862466812134]}