{"loss": [0.38320615887641907, 0.09368357062339783, 0.03231891989707947, 0.02886280044913292, 0.027397535741329193, 0.017576025798916817, 0.015019664540886879, 0.014151319861412048, 0.012249380350112915, 0.011350937187671661, 0.009537441655993462, 0.008365592919290066, 0.007956973277032375, 0.007380318827927113, 0.007338337134569883, 0.007269122172147036, 0.00697634182870388, 0.006855463143438101, 0.006840578746050596, 0.006559093948453665, 0.006515445653349161, 0.006442227400839329, 0.0063785891979932785, 0.006243703421205282, 0.0062819975428283215, 0.006298218388110399, 0.006248289719223976, 0.0061230044811964035, 0.006244373042136431, 0.006174506153911352, 0.006105237174779177, 0.005831491202116013], "val_loss": [0.03686267137527466, 0.028763819485902786, 0.02261544018983841, 0.02763216197490692, 0.025350509211421013, 0.01932029239833355, 0.014372196048498154, 0.011476756073534489, 0.020453689619898796, 0.01880599930882454, 0.017983606085181236, 0.01658640056848526, 0.011923928745090961, 0.011133156716823578, 0.01126132532954216, 0.011413052678108215, 0.011710246093571186, 0.01129915751516819, 0.011021609418094158, 0.010954265482723713, 0.0105798514559865, 0.01078209187835455, 0.010526254773139954, 0.010402056388556957, 0.010649843141436577, 0.010541643016040325, 0.01134317833930254, 0.010785882361233234, 0.012051539495587349, 0.010935377329587936, 0.012664557434618473, 0.01131450105458498]}