{"loss": [0.411340594291687, 0.14894552528858185, 0.05116814374923706, 0.04439134895801544, 0.02413337491452694, 0.018111949786543846, 0.010199453681707382, 0.009656545706093311, 0.005768690258264542, 0.0059579783119261265, 0.002929873764514923, 0.003664468415081501, 0.0021219856571406126, 0.002360494341701269, 0.001361626316793263, 0.0015893791569396853, 0.0012475618859753013, 0.001145533169619739, 0.001027677790261805, 0.0009191478020511568, 0.00091902120038867, 0.000774991640355438, 0.0007847361848689616, 0.000729316205251962, 0.000674442679155618, 0.000662279489915818, 0.0006278727087192237, 0.0005975649110041559, 0.0005828104331158102, 0.0005569091299548745, 0.000529687327798456, 0.0005134180537424982], "val_loss": [1.1336300373077393, 0.49598395824432373, 0.6602294445037842, 0.8032135367393494, 0.38367319107055664, 0.6602431535720825, 0.8960839509963989, 0.6842150092124939, 0.4287683069705963, 0.4938020706176758, 0.6661452054977417, 0.5488182902336121, 0.38769447803497314, 0.3741063177585602, 0.42113178968429565, 0.3924008011817932, 0.36210766434669495, 0.3850274384021759, 0.3797801434993744, 0.34824466705322266, 0.35573774576187134, 0.3690420091152191, 0.36318454146385193, 0.36902546882629395, 0.3806217312812805, 0.3735472559928894, 0.3674392104148865, 0.378652423620224, 0.3812031149864197, 0.3756530284881592, 0.383279412984848, 0.38617444038391113]}