{"loss": [0.46476900577545166, 0.09802792221307755, 0.05504721403121948, 0.04391122981905937, 0.029105916619300842, 0.022308817133307457, 0.020038578659296036, 0.014870698563754559, 0.012780342251062393, 0.011743273586034775, 0.008709673769772053, 0.008834373205900192, 0.007723043207079172, 0.006665587890893221, 0.006334904581308365, 0.005444927141070366, 0.004789759870618582, 0.0043494063429534435, 0.003922297153621912, 0.003467029659077525, 0.0030157112050801516, 0.002688715932890773, 0.0023563934955745935, 0.0020230559166520834, 0.0017529999604448676, 0.0015077948337420821, 0.0012611005222424865, 0.0010811006650328636, 0.0009661591029725969, 0.0008158765849657357, 0.0007095836917869747, 0.0006626674439758062], "val_loss": [0.055930230766534805, 0.07695559412240982, 0.04088956117630005, 0.039565782994031906, 0.026396190747618675, 0.017597710713744164, 0.011620394885540009, 0.012047902680933475, 0.011061230674386024, 0.008954264223575592, 0.007848497480154037, 0.0074657415971159935, 0.006575665436685085, 0.006708682980388403, 0.006563226692378521, 0.006019691936671734, 0.005664772819727659, 0.005431114695966244, 0.005177749786525965, 0.00485398480668664, 0.004547105636447668, 0.004272748250514269, 0.003965850919485092, 0.003801440354436636, 0.0035498361103236675, 0.003290196880698204, 0.003118624910712242, 0.002935498021543026, 0.0028274862561374903, 0.002734830603003502, 0.0025514012668281794, 0.0024760644882917404]}