{"loss": [0.4881408214569092, 0.1304357349872589, 0.06482577323913574, 0.04972614347934723, 0.03491648659110069, 0.029891589656472206, 0.025529740378260612, 0.023482169955968857, 0.02191109023988247, 0.01949315518140793, 0.01911831647157669, 0.018537096679210663, 0.01816997304558754, 0.01750822924077511, 0.017315853387117386, 0.01694723777472973, 0.01676810160279274, 0.016607560217380524, 0.01638980209827423, 0.016260670498013496, 0.016085781157016754, 0.01592600904405117, 0.015756135806441307, 0.01556832529604435, 0.015439333394169807, 0.015287231653928757, 0.015171249397099018, 0.015025235712528229, 0.01492806151509285, 0.0148119842633605, 0.01472034677863121, 0.014637772925198078], "val_loss": [0.10700910538434982, 0.061076048761606216, 0.05540863797068596, 0.044420044869184494, 0.03230816870927811, 0.0406293049454689, 0.025949470698833466, 0.023881033062934875, 0.023913394659757614, 0.022416282445192337, 0.022986022755503654, 0.022205572575330734, 0.0221363827586174, 0.021825725212693214, 0.022352714091539383, 0.02240246906876564, 0.022617341950535774, 0.023040371015667915, 0.02333526685833931, 0.023426419124007225, 0.023549100384116173, 0.023771174252033234, 0.02394726499915123, 0.02415914088487625, 0.02434275858104229, 0.024599682539701462, 0.024902429431676865, 0.02527272142469883, 0.025694556534290314, 0.02610991708934307, 0.026498818770051003, 0.026936041191220284]}