{"loss": [1.8784478902816772, 0.36284545063972473, 0.11734093725681305, 0.08899687230587006, 0.08521774411201477, 0.07398194074630737, 0.050916366279125214, 0.04459384083747864, 0.04217967391014099, 0.03350194916129112, 0.03308463096618652, 0.02192630060017109, 0.019333558157086372, 0.018432851880788803, 0.01909119263291359, 0.014798779040575027, 0.011847182177007198, 0.0127236507833004, 0.010716915130615234, 0.00925165880471468, 0.008655319921672344, 0.008088717237114906, 0.0072387526743113995, 0.00781468115746975, 0.008335205726325512, 0.006878604181110859, 0.0065079485066235065, 0.006368780508637428, 0.004867630545049906, 0.005587705876678228, 0.00460840854793787, 0.004429884720593691], "val_loss": [0.7123078107833862, 0.09631558507680893, 0.09781506657600403, 0.10356368124485016, 0.21790538728237152, 0.09447981417179108, 0.08122219145298004, 0.08810396492481232, 0.06541900336742401, 0.0451192744076252, 0.04169999063014984, 0.046652257442474365, 0.08060694485902786, 0.0648559033870697, 0.052006278187036514, 0.040672801434993744, 0.03634447976946831, 0.04305490478873253, 0.041962847113609314, 0.04720177501440048, 0.04613776132464409, 0.038027577102184296, 0.0362471267580986, 0.041896842420101166, 0.04402624070644379, 0.03971221297979355, 0.04253764823079109, 0.04119729623198509, 0.04173038527369499, 0.04301539063453674, 0.04320402443408966, 0.04169653356075287]}