{"loss": [0.33525440096855164, 0.09210771322250366, 0.05356548726558685, 0.0375383235514164, 0.02981479838490486, 0.026802733540534973, 0.021683871746063232, 0.02039901167154312, 0.018140451982617378, 0.017283108085393906, 0.016857488080859184, 0.01597270742058754, 0.015604385174810886, 0.015364181250333786, 0.014928404241800308, 0.014785779640078545, 0.014356546103954315, 0.014046801254153252, 0.013831287622451782, 0.013657852075994015, 0.013285638764500618, 0.013214795850217342, 0.012927821837365627, 0.01269650086760521, 0.012605031952261925, 0.01238523330539465, 0.012180222198367119, 0.012041294947266579, 0.011929440312087536, 0.011737436056137085, 0.011463257484138012, 0.011530156247317791], "val_loss": [0.1696314960718155, 0.08330745995044708, 0.10962238162755966, 0.11036428064107895, 0.0848899558186531, 0.0702679455280304, 0.0717519223690033, 0.09724482148885727, 0.08079923689365387, 0.10687138140201569, 0.0911247655749321, 0.0945386216044426, 0.08635544031858444, 0.08453194051980972, 0.09263282269239426, 0.08279258757829666, 0.0845068171620369, 0.08838054537773132, 0.08529948443174362, 0.0896754190325737, 0.09338542819023132, 0.09333715587854385, 0.09740439802408218, 0.10579805076122284, 0.10498106479644775, 0.10766100138425827, 0.1206701248884201, 0.12428722530603409, 0.11872939020395279, 0.13357660174369812, 0.15201671421527863, 0.13381901383399963]}