{"loss": [4.014423847198486, 0.5532406568527222, 0.37508803606033325, 0.36964020133018494, 0.29971158504486084, 0.19180579483509064, 0.11003869771957397, 0.09270656108856201, 0.07740546017885208, 0.06131855770945549, 0.05407101660966873, 0.04973383620381355, 0.04708453267812729, 0.04373474419116974, 0.04377998784184456, 0.033707983791828156, 0.0294345710426569, 0.030555464327335358, 0.026378842070698738, 0.028290333226323128, 0.022560205310583115, 0.023539409041404724, 0.02151579223573208, 0.03534720465540886, 0.03490809351205826, 0.03369078040122986, 0.028397399932146072, 0.026526620611548424, 0.024831179529428482, 0.023818040266633034, 0.02090263180434704, 0.01826012320816517], "val_loss": [0.32692646980285645, 0.9181206822395325, 0.8138715028762817, 0.7264086604118347, 0.34131285548210144, 0.2280670553445816, 0.19426190853118896, 0.15789933502674103, 0.24585925042629242, 0.2118762582540512, 0.1831221878528595, 0.2251371145248413, 0.13293884694576263, 0.09609566628932953, 0.06854457408189774, 0.07004524022340775, 0.0898374691605568, 0.04688500985503197, 0.06263913214206696, 0.15455031394958496, 0.11361388862133026, 0.11545409262180328, 0.09280262887477875, 0.09264365583658218, 0.20725567638874054, 0.3156598210334778, 0.27286016941070557, 0.2586209177970886, 0.279909610748291, 0.3088579475879669, 0.3048350512981415, 0.22652395069599152]}