{"loss": [0.5007258653640747, 0.10573393106460571, 0.04789213463664055, 0.03085353411734104, 0.02058083936572075, 0.014766066335141659, 0.011835562996566296, 0.010702863335609436, 0.009577126242220402, 0.008337895385921001, 0.007109566126018763, 0.006411056965589523, 0.005909331142902374, 0.00502617796882987, 0.004847064148634672, 0.004419434815645218, 0.003926160745322704, 0.00380602921359241, 0.0033419469837099314, 0.0031622834503650665, 0.0027941775042563677, 0.0026224444154649973, 0.002361762337386608, 0.002176732523366809, 0.001995037542656064, 0.0017882235115393996, 0.0016532131703570485, 0.0014944947324693203, 0.001394401304423809, 0.0012564443750306964, 0.001174194854684174, 0.0010927775874733925], "val_loss": [0.019091468304395676, 0.021290138363838196, 0.012457270175218582, 0.009939759038388729, 0.003840833203867078, 0.00486355135217309, 0.005769865121692419, 0.005302774254232645, 0.004054357297718525, 0.00416348222643137, 0.00490632513538003, 0.004282045643776655, 0.003689854172989726, 0.0031363526359200478, 0.0030972310341894627, 0.0030312207527458668, 0.003070299979299307, 0.003216777229681611, 0.002933422802016139, 0.0028664711862802505, 0.002735395450145006, 0.0026950440369546413, 0.002565203933045268, 0.002508678240701556, 0.002502485178411007, 0.0024042988661676645, 0.002320070518180728, 0.0021831521298736334, 0.0021703809034079313, 0.0020615574903786182, 0.001970051322132349, 0.0018962114118039608]}