{"loss": [0.6893884539604187, 0.17227479815483093, 0.11644770205020905, 0.061353541910648346, 0.045025184750556946, 0.029889171943068504, 0.02521507255733013, 0.020693596452474594, 0.01831468939781189, 0.015126545913517475, 0.015212200582027435, 0.014388572424650192, 0.013375097885727882, 0.012117667123675346, 0.010839240625500679, 0.00999540276825428, 0.009434034116566181, 0.00909804180264473, 0.00813274085521698, 0.007777584716677666, 0.007311447523534298, 0.0070787351578474045, 0.006523485295474529, 0.006102143786847591, 0.005529172718524933, 0.005326223559677601, 0.004992132540792227, 0.004636083729565144, 0.004281233996152878, 0.003986126743257046, 0.0036885151639580727, 0.0033582227770239115], "val_loss": [0.0872345045208931, 0.10138891637325287, 0.08223619312047958, 0.025133611634373665, 0.021268213167786598, 0.01602032408118248, 0.013817768543958664, 0.01680430956184864, 0.016433430835604668, 0.0145718390122056, 0.013193052262067795, 0.012554810382425785, 0.012550406157970428, 0.012696364894509315, 0.012234488502144814, 0.012078222818672657, 0.012188433669507504, 0.011213633231818676, 0.009884472005069256, 0.009331552311778069, 0.009015871211886406, 0.008764008991420269, 0.00859618466347456, 0.0084031131118536, 0.0081986915320158, 0.008018803782761097, 0.007853182964026928, 0.007640876341611147, 0.007452136371284723, 0.00722770020365715, 0.006979935336858034, 0.00676711043342948]}