{"loss": [3.1519696712493896, 0.8264609575271606, 0.6257743239402771, 0.3999544382095337, 0.3865267038345337, 0.27422603964805603, 0.2082553505897522, 0.13927574455738068, 0.08583395183086395, 0.06064937263727188, 0.04751643165946007, 0.0579693466424942, 0.045669980347156525, 0.04009580239653587, 0.04677635431289673, 0.038389336317777634, 0.02841380424797535, 0.02553940936923027, 0.02080550789833069, 0.020089920610189438, 0.01965293474495411, 0.02286369353532791, 0.017734820023179054, 0.01888227090239525, 0.01864498108625412, 0.02405029721558094, 0.014604879543185234, 0.014388819225132465, 0.01244000531733036, 0.009582274593412876, 0.008856800384819508, 0.007162467110902071], "val_loss": [0.538082480430603, 0.5963318347930908, 0.39413610100746155, 0.6642612218856812, 0.6166738867759705, 0.17622575163841248, 0.10089487582445145, 0.06886231899261475, 0.09323546290397644, 0.05235312879085541, 0.07013969123363495, 0.27402132749557495, 0.05421074852347374, 0.11880820244550705, 0.08151913434267044, 0.08792144805192947, 0.058943700045347214, 0.06061496585607529, 0.05571083351969719, 0.029190929606556892, 0.07384733855724335, 0.036150846630334854, 0.05577325448393822, 0.04282234609127045, 0.08164338767528534, 0.04985324665904045, 0.043881721794605255, 0.04480768367648125, 0.030371559783816338, 0.028965672478079796, 0.03866236284375191, 0.018475132063031197]}