{"loss": [0.38221797347068787, 0.08556171506643295, 0.05995392054319382, 0.04051700979471207, 0.03164314851164818, 0.024899384006857872, 0.02112940512597561, 0.0189933180809021, 0.016840917989611626, 0.015714477747678757, 0.014763560146093369, 0.014472611248493195, 0.013803014531731606, 0.013648219406604767, 0.013043374754488468, 0.013007298111915588, 0.012578144669532776, 0.012563422322273254, 0.012350738048553467, 0.012074524536728859, 0.012060942128300667, 0.011725454591214657, 0.011617623269557953, 0.011516433209180832, 0.011300362646579742, 0.011264076456427574, 0.011104321107268333, 0.010959258303046227, 0.010899970307946205, 0.010767093859612942, 0.010649630799889565, 0.010542895644903183], "val_loss": [0.10989256203174591, 0.09498924762010574, 0.0515243262052536, 0.04188374802470207, 0.03417544811964035, 0.048714399337768555, 0.03701622039079666, 0.03689460828900337, 0.026859840378165245, 0.028379257768392563, 0.0259256474673748, 0.027505768463015556, 0.02374979667365551, 0.02559557743370533, 0.023861553519964218, 0.02610708959400654, 0.02548551745712757, 0.025577351450920105, 0.028025908395648003, 0.026865370571613312, 0.02848232537508011, 0.02975567989051342, 0.02917121723294258, 0.03179749473929405, 0.03114142455160618, 0.03251009061932564, 0.0338590107858181, 0.03390584886074066, 0.035665132105350494, 0.036675866693258286, 0.0378144308924675, 0.03960369527339935]}