{"loss": [0.407794326543808, 0.04687028378248215, 0.031028859317302704, 0.01990365795791149, 0.016715219244360924, 0.01408571656793356, 0.012354247272014618, 0.010281547904014587, 0.009719548746943474, 0.008749845437705517, 0.008358116261661053, 0.007434307597577572, 0.007356569636613131, 0.007051500957459211, 0.007038697600364685, 0.006917450577020645, 0.007000510580837727, 0.007263929583132267, 0.008052165620028973, 0.009262577630579472, 0.00852822232991457, 0.007861997000873089, 0.0076320720836520195, 0.0078149838373065, 0.006844406481832266, 0.007106738165020943, 0.006846344564110041, 0.006440079305320978, 0.006472332403063774, 0.0062222252599895, 0.006155579816550016, 0.006031673867255449], "val_loss": [0.13630376756191254, 0.04385831207036972, 0.03989669680595398, 0.044039469212293625, 0.021681666374206543, 0.011292714625597, 0.013899405486881733, 0.010738416574895382, 0.022376762703061104, 0.009530352428555489, 0.015763895586133003, 0.009121439419686794, 0.015530046075582504, 0.01200356986373663, 0.014361104927957058, 0.011406497098505497, 0.013165402226150036, 0.013168856501579285, 0.01431315578520298, 0.014064443297684193, 0.011994685977697372, 0.012186253443360329, 0.013665716163814068, 0.01435275748372078, 0.011753952130675316, 0.014332310296595097, 0.014773732051253319, 0.011876254342496395, 0.014398942701518536, 0.016486793756484985, 0.013994765467941761, 0.01413695327937603]}