{"loss": [3.5602240562438965, 0.5272229909896851, 0.13402190804481506, 0.09051245450973511, 0.07471056282520294, 0.050975408405065536, 0.05344781652092934, 0.04984764754772186, 0.03970898315310478, 0.031089136376976967, 0.02773827314376831, 0.01758251152932644, 0.016165418550372124, 0.012792428024113178, 0.01065598614513874, 0.010661364533007145, 0.008472314104437828, 0.007788890972733498, 0.009155020117759705, 0.006943718530237675, 0.0057819741778075695, 0.006080966908484697, 0.0050851767882704735, 0.004830308258533478, 0.004281193483620882, 0.004026460461318493, 0.003615802386775613, 0.0034167240373790264, 0.003100829664617777, 0.0030466062016785145, 0.002980128163471818, 0.002909786067903042], "val_loss": [0.5518802404403687, 0.22815276682376862, 0.23196245729923248, 0.17041468620300293, 0.12148340791463852, 0.2742181420326233, 0.0850147157907486, 0.057524606585502625, 0.08462167531251907, 0.060728829354047775, 0.04232534393668175, 0.019983435049653053, 0.03265457972884178, 0.02261597290635109, 0.023988448083400726, 0.018697407096624374, 0.028426021337509155, 0.01514919102191925, 0.026206238195300102, 0.024299509823322296, 0.021806851029396057, 0.011763487942516804, 0.014307103119790554, 0.010889556258916855, 0.014646278694272041, 0.01529435720294714, 0.015830183401703835, 0.01616019196808338, 0.016593119129538536, 0.01652815006673336, 0.01683451421558857, 0.01643219403922558]}