{"loss": [0.5003867745399475, 0.08814612776041031, 0.054197367280721664, 0.03008144535124302, 0.020861834287643433, 0.01905900239944458, 0.014595692045986652, 0.008278779685497284, 0.007914080284535885, 0.0074042752385139465, 0.006162373814731836, 0.004792999941855669, 0.004318398889154196, 0.0042563024908304214, 0.0036864771973341703, 0.0032443201635032892, 0.0030046033207327127, 0.0026991490740329027, 0.0025355853140354156, 0.0022873326670378447, 0.0021054677199572325, 0.00192890630569309, 0.0017265570349991322, 0.001585632679052651, 0.001433878787793219, 0.001313676475547254, 0.0011804207460954785, 0.0010852953419089317, 0.0009725284762680531, 0.0008944794535636902, 0.0008041385444812477, 0.0007356174173764884], "val_loss": [0.2204013466835022, 0.023829752579331398, 0.04367878660559654, 0.027111412957310677, 0.020883619785308838, 0.01574026048183441, 0.006030462682247162, 0.0053461529314517975, 0.008495031856000423, 0.007886717095971107, 0.008069206029176712, 0.008753646165132523, 0.005694366525858641, 0.006090674549341202, 0.005797923542559147, 0.005226858425885439, 0.005138312932103872, 0.0045763468369841576, 0.004690126981586218, 0.004258720204234123, 0.003825702238827944, 0.0030727102421224117, 0.0031139180064201355, 0.0034260088577866554, 0.0030954487156122923, 0.003291065338999033, 0.003220134414732456, 0.003135383827611804, 0.0031068038661032915, 0.0028424847405403852, 0.002991331508383155, 0.0030547725036740303]}