{"loss": [1.5935664176940918, 0.14006394147872925, 0.06978341192007065, 0.03640437498688698, 0.031348731368780136, 0.024015843868255615, 0.022600196301937103, 0.020028481259942055, 0.016092026606202126, 0.01225857064127922, 0.01519108098000288, 0.010240965522825718, 0.020598288625478745, 0.015076125040650368, 0.012421333231031895, 0.00892660953104496, 0.006416535470634699, 0.006300132721662521, 0.0055981893092393875, 0.005287064705044031, 0.005016218405216932, 0.005171321332454681, 0.0038560444954782724, 0.003628235775977373, 0.002643692074343562, 0.00277486490085721, 0.0021090474911034107, 0.0026472934987396, 0.0026289718225598335, 0.0024146458599716425, 0.00250333733856678, 0.00245441822335124], "val_loss": [2.0170180797576904, 0.2044699341058731, 0.12081781774759293, 0.15268217027187347, 0.15667276084423065, 0.21195627748966217, 0.13691717386245728, 0.26009446382522583, 0.21227119863033295, 0.22211085259914398, 0.17027154564857483, 0.20368947088718414, 0.14738480746746063, 0.11451538652181625, 0.2561057507991791, 0.17401207983493805, 0.218729630112648, 0.1733144074678421, 0.20996330678462982, 0.17789334058761597, 0.2188897728919983, 0.2644941508769989, 0.21178627014160156, 0.1267452836036682, 0.17709097266197205, 0.15127414464950562, 0.23752684891223907, 0.18907520174980164, 0.34068024158477783, 0.22618865966796875, 0.3030816912651062, 0.2349305897951126]}