{"loss": [0.2876196503639221, 0.03305353224277496, 0.020926523953676224, 0.015644865110516548, 0.009512349963188171, 0.007287757471203804, 0.005567964632064104, 0.0048833684995770454, 0.004038412589579821, 0.0035008862614631653, 0.0029557542875409126, 0.0029315317515283823, 0.002543077105656266, 0.0026967921294271946, 0.0023236493580043316, 0.002313025528565049, 0.0021518035791814327, 0.002103969920426607, 0.00204380857758224, 0.0020057656802237034, 0.0019414076814427972, 0.0019366748165339231, 0.0018872334621846676, 0.0018849209882318974, 0.0018582099582999945, 0.001852150191552937, 0.0018213542643934488, 0.001818426651880145, 0.0017929120222106576, 0.00179382658097893, 0.0017514553619548678, 0.0017493028426542878], "val_loss": [0.33938416838645935, 0.09901538491249084, 0.1986926645040512, 0.29294729232788086, 0.11854517459869385, 0.08395051211118698, 0.16902711987495422, 0.1234416663646698, 0.11022000759840012, 0.14437335729599, 0.10124778747558594, 0.14331687986850739, 0.1001305878162384, 0.13649851083755493, 0.10004104673862457, 0.11263667047023773, 0.10148198157548904, 0.1047997698187828, 0.10613032430410385, 0.10904473066329956, 0.11070159077644348, 0.1135413721203804, 0.1106957346200943, 0.11460597813129425, 0.11190033704042435, 0.11792473495006561, 0.11224595457315445, 0.11523319035768509, 0.11360190808773041, 0.11819304525852203, 0.11579565703868866, 0.1169862300157547]}