{"loss": [0.37178516387939453, 0.09056523442268372, 0.038821861147880554, 0.02586541511118412, 0.020464854314923286, 0.014859605580568314, 0.014208246022462845, 0.013631872832775116, 0.009294196031987667, 0.009845378808677197, 0.007774422410875559, 0.007909979671239853, 0.006914801895618439, 0.006055761128664017, 0.006131499540060759, 0.005142022389918566, 0.005131015088409185, 0.0045745945535600185, 0.004341203719377518, 0.004090969450771809, 0.0036838750820606947, 0.003503851592540741, 0.003145103342831135, 0.0029152296483516693, 0.0026973707135766745, 0.0024327312130481005, 0.0022119199857115746, 0.0020802111830562353, 0.0018531624227762222, 0.001706189475953579, 0.0016003829659894109, 0.0014627439668402076], "val_loss": [0.44942033290863037, 0.552808940410614, 0.3747200071811676, 0.38498491048812866, 0.4358902871608734, 0.39225828647613525, 0.33112502098083496, 0.34971854090690613, 0.41260263323783875, 0.2488754391670227, 0.36918750405311584, 0.2516041100025177, 0.27978411316871643, 0.312653124332428, 0.24914924800395966, 0.2924978733062744, 0.2525852620601654, 0.2936080992221832, 0.2762080132961273, 0.27380403876304626, 0.2767462134361267, 0.25578850507736206, 0.2876790463924408, 0.2649730145931244, 0.2736126482486725, 0.26372238993644714, 0.26177409291267395, 0.26742327213287354, 0.2644927501678467, 0.26320409774780273, 0.25757133960723877, 0.27062520384788513]}