{"loss": [3.026529550552368, 0.4390803575515747, 0.2148185819387436, 0.15071608126163483, 0.1279258131980896, 0.18177539110183716, 0.16618165373802185, 0.1494654268026352, 0.14785254001617432, 0.1544671505689621, 0.12202771753072739, 0.09634381532669067, 0.1034473404288292, 0.0738903060555458, 0.07268019765615463, 0.07029057294130325, 0.06939280033111572, 0.07571548968553543, 0.07073754817247391, 0.06359081715345383, 0.05735761299729347, 0.07182177156209946, 0.0593070425093174, 0.046678632497787476, 0.03667129576206207, 0.03741922602057457, 0.03220234811306, 0.03383079916238785, 0.031826961785554886, 0.030001258477568626, 0.024237794801592827, 0.022044776007533073], "val_loss": [0.31409239768981934, 0.5195214748382568, 0.3902638256549835, 0.5930254459381104, 0.3274627923965454, 0.4195175766944885, 0.2559056580066681, 0.11497704684734344, 0.08282289654016495, 0.13633328676223755, 0.14961101114749908, 0.16975827515125275, 0.20677033066749573, 0.14124765992164612, 0.17946834862232208, 0.20162342488765717, 0.3173746168613434, 0.20134495198726654, 0.22803747653961182, 0.19951902329921722, 0.14723581075668335, 0.1033729687333107, 0.14664925634860992, 0.09339452534914017, 0.05420965701341629, 0.04873529449105263, 0.05041706562042236, 0.06306727230548859, 0.061913248151540756, 0.060547132045030594, 0.10878395289182663, 0.1177186593413353]}