{"loss": [0.5978827476501465, 0.20421527326107025, 0.08185046166181564, 0.052367016673088074, 0.03907101973891258, 0.03146233409643173, 0.02292359620332718, 0.022029785439372063, 0.01703684963285923, 0.015308846719563007, 0.013143391348421574, 0.011813931167125702, 0.010858044028282166, 0.009964087046682835, 0.008739947341382504, 0.008477393537759781, 0.007090732455253601, 0.006908705458045006, 0.005973678547888994, 0.005581919103860855, 0.005052698310464621, 0.004487862344831228, 0.004153099376708269, 0.0037260360550135374, 0.0033488699700683355, 0.0030495459213852882, 0.0026987846940755844, 0.0024043272715061903, 0.002171920845285058, 0.0019118888303637505, 0.0017009841976687312, 0.0015448668273165822], "val_loss": [0.08646333962678909, 0.11012348532676697, 0.044331446290016174, 0.030534468591213226, 0.030977953225374222, 0.0270626712590456, 0.02724030800163746, 0.016669631004333496, 0.016384096816182137, 0.02036947011947632, 0.02239234186708927, 0.016987603157758713, 0.0155318733304739, 0.015609322115778923, 0.013522028923034668, 0.01383904367685318, 0.016301333904266357, 0.01623297668993473, 0.015373021364212036, 0.015467315912246704, 0.014441919513046741, 0.013912471011281013, 0.014107640832662582, 0.01364273764193058, 0.01391744613647461, 0.013998857699334621, 0.013360357843339443, 0.013451078906655312, 0.013539073057472706, 0.013611983507871628, 0.013288246467709541, 0.013042197562754154]}