{"loss": [0.5401636958122253, 0.13335447013378143, 0.05948181450366974, 0.050116170197725296, 0.03360706940293312, 0.02667718566954136, 0.02167828381061554, 0.018949855118989944, 0.01795037090778351, 0.015247630886733532, 0.013999544084072113, 0.014015755616128445, 0.01275172084569931, 0.012438565492630005, 0.012277676723897457, 0.01189381629228592, 0.011495481245219707, 0.011523094959557056, 0.011270776391029358, 0.010903934948146343, 0.010979718528687954, 0.010788301937282085, 0.010657391510903835, 0.01057038176804781, 0.010411097668111324, 0.010360543616116047, 0.010262745432555676, 0.01012606080621481, 0.010065282694995403, 0.009985562413930893, 0.009905233047902584, 0.009795306250452995], "val_loss": [0.08863415569067001, 0.03394893929362297, 0.02518627420067787, 0.021539563313126564, 0.021435825154185295, 0.018041567876935005, 0.01562606915831566, 0.018555110320448875, 0.01654217578470707, 0.01779112033545971, 0.01777186617255211, 0.01804238371551037, 0.01777895726263523, 0.01679697260260582, 0.015694890171289444, 0.015221886336803436, 0.01576155610382557, 0.016669105738401413, 0.017159011214971542, 0.016895979642868042, 0.01676727831363678, 0.0170967485755682, 0.01672125793993473, 0.016549939289689064, 0.017200622707605362, 0.01766260713338852, 0.017721135169267654, 0.017765546217560768, 0.01787368580698967, 0.01824348047375679, 0.018605051562190056, 0.01899433508515358]}