{"loss": [0.3096245527267456, 0.07875857502222061, 0.026874275878071785, 0.018680645152926445, 0.013675360009074211, 0.010191055946052074, 0.007788960821926594, 0.006683187559247017, 0.005641419906169176, 0.00557408481836319, 0.004831848666071892, 0.0048873829655349255, 0.004668710753321648, 0.004802796058356762, 0.004334963858127594, 0.004309200216084719, 0.004219246096909046, 0.004216398578137159, 0.004094110336154699, 0.004008031915873289, 0.003950501326471567, 0.0038970638997852802, 0.0038403267972171307, 0.0037575855385512114, 0.0037016719579696655, 0.0036345855332911015, 0.003556584008038044, 0.0034953849390149117, 0.0034335381351411343, 0.0033459963742643595, 0.003268937114626169, 0.003262411570176482], "val_loss": [2.267768383026123, 0.8737168908119202, 0.489785760641098, 0.4446166157722473, 0.2931714355945587, 0.4176499545574188, 0.2683860659599304, 0.26709049940109253, 0.2295277714729309, 0.24058036506175995, 0.2435588240623474, 0.27590689063072205, 0.24507899582386017, 0.24903368949890137, 0.25299564003944397, 0.26399970054626465, 0.25156697630882263, 0.23572660982608795, 0.22156855463981628, 0.2116897851228714, 0.20403897762298584, 0.20012684166431427, 0.19639314711093903, 0.196159228682518, 0.1992514431476593, 0.20168857276439667, 0.20351363718509674, 0.2098584771156311, 0.21471378207206726, 0.2117922306060791, 0.21276447176933289, 0.22572211921215057]}