{"loss": [3.397383451461792, 0.20361539721488953, 0.13142931461334229, 0.08924968540668488, 0.04133132845163345, 0.018060682341456413, 0.006893212907016277, 0.006813731975853443, 0.003949641715735197, 0.008599122054874897, 0.004024239722639322, 0.003139638341963291, 0.003911727573722601, 0.002278845990076661, 0.0009700155351310968, 0.0017486631404608488, 0.0013495103921741247, 0.0012687693815678358, 0.001021652133204043, 0.0007760275038890541, 0.0007249901536852121, 0.0006845363532193005, 0.0005639593000523746, 0.0006923923501744866, 0.0006855811807326972, 0.0006634594756178558, 0.0006225944962352514, 0.0005772010772489011, 0.0005663977935910225, 0.000550236611161381, 0.0006713890470564365, 0.0005671792896464467], "val_loss": [3.014291763305664, 0.8356991410255432, 0.5100613236427307, 0.8071883916854858, 1.0098402500152588, 1.0282779932022095, 1.1359226703643799, 1.2450315952301025, 1.31771719455719, 1.3226107358932495, 1.372615933418274, 1.311384916305542, 1.3579286336898804, 1.292151689529419, 1.3501696586608887, 1.2752556800842285, 1.3521449565887451, 1.2912862300872803, 1.3425687551498413, 1.265586495399475, 1.3142387866973877, 1.289984941482544, 1.3046389818191528, 1.2871209383010864, 1.2768025398254395, 1.2571512460708618, 1.2991951704025269, 1.2260996103286743, 1.307884693145752, 1.1926002502441406, 1.3026846647262573, 1.2075029611587524]}