{"loss": [0.4249064028263092, 0.18198896944522858, 0.08426421880722046, 0.04654407873749733, 0.026424968615174294, 0.021311694756150246, 0.017904361709952354, 0.014444907195866108, 0.012288703583180904, 0.011643782258033752, 0.009295722469687462, 0.008391441777348518, 0.007769035175442696, 0.00706438859924674, 0.006534589920192957, 0.006092924624681473, 0.005660120397806168, 0.005146492272615433, 0.004817172884941101, 0.004437391180545092, 0.004080640617758036, 0.0037164429668337107, 0.003389922669157386, 0.00310625066049397, 0.0028329112101346254, 0.0025815346743911505, 0.0023454998154193163, 0.0021208373364061117, 0.0019305580062791705, 0.0017758188769221306, 0.0015969324158504605, 0.0014693294651806355], "val_loss": [0.16421076655387878, 0.13894635438919067, 0.03501393273472786, 0.04478835314512253, 0.024142105132341385, 0.02102586068212986, 0.016184963285923004, 0.020692363381385803, 0.013163344003260136, 0.019192222505807877, 0.013473110273480415, 0.015511445701122284, 0.013962063007056713, 0.013284318149089813, 0.012598847970366478, 0.010494735091924667, 0.009087043814361095, 0.007939116097986698, 0.007086125668138266, 0.0060812258161604404, 0.00552566209807992, 0.005201253108680248, 0.004803268704563379, 0.004334010183811188, 0.0041535161435604095, 0.003914622124284506, 0.003454051213338971, 0.0030987197533249855, 0.002696861047297716, 0.0024041514843702316, 0.0021736803464591503, 0.0019690312910825014]}