{"loss": [0.2265424132347107, 0.07855463773012161, 0.036891963332891464, 0.02272760309278965, 0.014683917164802551, 0.012405269779264927, 0.006648314651101828, 0.003940892871469259, 0.0035265858750790358, 0.0025069715920835733, 0.0015411066124215722, 0.001592908869497478, 0.0013599934754893184, 0.0009878637501969934, 0.0009921061573550105, 0.0008678262238390744, 0.0006970705580897629, 0.0006796540692448616, 0.0006125795189291239, 0.000546688330359757, 0.00054894108325243, 0.0005078663234598935, 0.0004760021110996604, 0.00046576911699958146, 0.00044092885218560696, 0.0004229811020195484, 0.00041351921390742064, 0.0003952119732275605, 0.00038553541526198387, 0.0003709697921294719, 0.00036135411937721074, 0.00035318025038577616], "val_loss": [0.8967907428741455, 0.3206152319908142, 0.6105197668075562, 0.9386274218559265, 0.7297154664993286, 0.6065462231636047, 0.5660349130630493, 0.5005903840065002, 0.42515960335731506, 0.37599900364875793, 0.4114930033683777, 0.48710310459136963, 0.48233067989349365, 0.4333534240722656, 0.4387814700603485, 0.464993953704834, 0.4715237021446228, 0.47590452432632446, 0.47631606459617615, 0.47379082441329956, 0.4725556969642639, 0.462113618850708, 0.454420804977417, 0.45249250531196594, 0.44274747371673584, 0.43604886531829834, 0.4357065260410309, 0.4329398274421692, 0.4288932979106903, 0.42510920763015747, 0.4259859621524811, 0.4269161522388458]}