{"loss": [0.46542656421661377, 0.07812140136957169, 0.040230393409729004, 0.03934977948665619, 0.02650146558880806, 0.022142047062516212, 0.02367638424038887, 0.017659097909927368, 0.019328463822603226, 0.018208809196949005, 0.016342397779226303, 0.01766105368733406, 0.015534430742263794, 0.015538062900304794, 0.015916528180241585, 0.014718285761773586, 0.014966621994972229, 0.014937828294932842, 0.014340093359351158, 0.014399051666259766, 0.014312331564724445, 0.013930808752775192, 0.013825005851686, 0.013760300353169441, 0.013506346382200718, 0.013238567858934402, 0.013128424063324928, 0.013016530312597752, 0.01279351208359003, 0.012578720226883888, 0.012479339726269245, 0.012386204674839973], "val_loss": [0.08272361755371094, 0.02925807610154152, 0.02002367377281189, 0.02176990918815136, 0.011650171130895615, 0.012831861153244972, 0.01040579192340374, 0.010910301469266415, 0.014413748867809772, 0.01113893836736679, 0.010510187596082687, 0.010182010941207409, 0.009471939876675606, 0.009392608888447285, 0.009261542931199074, 0.009198421612381935, 0.009052176028490067, 0.009055408649146557, 0.009154018945991993, 0.009143128991127014, 0.009134352207183838, 0.009142827242612839, 0.009092641994357109, 0.00912466086447239, 0.009144183248281479, 0.009131616912782192, 0.00912252627313137, 0.009118926711380482, 0.009130422957241535, 0.009143021889030933, 0.009137877263128757, 0.009139003232121468]}