{"loss": [3.0156052112579346, 0.23281168937683105, 0.0929352194070816, 0.06527883559465408, 0.0408492311835289, 0.04502684623003006, 0.031243473291397095, 0.0319753922522068, 0.0241534486413002, 0.03341217711567879, 0.023733455687761307, 0.020784033462405205, 0.016698531806468964, 0.013893148861825466, 0.012775437906384468, 0.011188951320946217, 0.014377209357917309, 0.01379475835710764, 0.011788897216320038, 0.015845168381929398, 0.013346458785235882, 0.013068290427327156, 0.01521546021103859, 0.009900017641484737, 0.010434330441057682, 0.007866866886615753, 0.01061434019356966, 0.010106581263244152, 0.008742349222302437, 0.008490098640322685, 0.00736616924405098, 0.00836778711527586], "val_loss": [0.0883927196264267, 0.2599102556705475, 0.06836734712123871, 0.05069979652762413, 0.03260118141770363, 0.029728634282946587, 0.023078568279743195, 0.015335183590650558, 0.005957975517958403, 0.012011469341814518, 0.013846570625901222, 0.016728637740015984, 0.011532553471624851, 0.011144082061946392, 0.0066633643582463264, 0.015420718118548393, 0.012115073390305042, 0.006839209236204624, 0.010058245621621609, 0.004984734579920769, 0.006152061745524406, 0.012135310098528862, 0.005968119483441114, 0.011592765338718891, 0.005131501238793135, 0.008389859460294247, 0.010145239531993866, 0.010709548369050026, 0.00891824159771204, 0.00743143679574132, 0.01114084292203188, 0.008478201925754547]}