{"loss": [0.4541803002357483, 0.09258782863616943, 0.037591319531202316, 0.02704002894461155, 0.025213364511728287, 0.019998824223876, 0.015380943194031715, 0.011253777891397476, 0.010544239543378353, 0.009013254195451736, 0.008636551909148693, 0.00840558297932148, 0.007714256178587675, 0.007263158448040485, 0.007198423147201538, 0.00716089503839612, 0.006976466625928879, 0.006790617480874062, 0.006681906990706921, 0.006704559084028006, 0.006728704087436199, 0.006537375506013632, 0.006465297192335129, 0.0063410792499780655, 0.006363827269524336, 0.0063550956547260284, 0.006359076593071222, 0.006272627040743828, 0.006209128070622683, 0.0061469306237995625, 0.005994269624352455, 0.006029441952705383], "val_loss": [0.01934938319027424, 0.030784381553530693, 0.014917402528226376, 0.03271845355629921, 0.04206593334674835, 0.009726310148835182, 0.015056273899972439, 0.0236794613301754, 0.017815999686717987, 0.012493522837758064, 0.01009984128177166, 0.01582835614681244, 0.016837649047374725, 0.012312037870287895, 0.013532491400837898, 0.013596134260296822, 0.014313055202364922, 0.014596192166209221, 0.013993024826049805, 0.013541161082684994, 0.01520240306854248, 0.015255252830684185, 0.0153177035972476, 0.014916210435330868, 0.015810295939445496, 0.01551850140094757, 0.0161213930696249, 0.01704353652894497, 0.01720510981976986, 0.01705297641456127, 0.016381394118070602, 0.015856148675084114]}