{"loss": [4.954085350036621, 0.873968780040741, 0.44284820556640625, 0.2793044447898865, 0.27031099796295166, 0.19016483426094055, 0.14617007970809937, 0.11688271909952164, 0.07267146557569504, 0.0509391725063324, 0.05801400542259216, 0.050757844001054764, 0.03501761704683304, 0.03158489242196083, 0.02361016720533371, 0.019689200446009636, 0.015744421631097794, 0.012446441687643528, 0.01197365764528513, 0.01111355610191822, 0.008517851121723652, 0.008274114690721035, 0.007237439509481192, 0.006658993661403656, 0.006365404464304447, 0.006903090048581362, 0.006771876476705074, 0.005946447607129812, 0.006099320016801357, 0.00590114900842309, 0.006143246777355671, 0.006408455315977335], "val_loss": [0.06934376806020737, 0.28033384680747986, 0.32193970680236816, 0.27484479546546936, 0.26070988178253174, 0.3713330924510956, 0.37015512585639954, 0.17119409143924713, 0.07239801436662674, 0.04088958352804184, 0.03231146186590195, 0.131815105676651, 0.05108371749520302, 0.04580915346741676, 0.03195866569876671, 0.026922596618533134, 0.020168738439679146, 0.016429193317890167, 0.022598952054977417, 0.0214860737323761, 0.01877344213426113, 0.021206490695476532, 0.024699436500668526, 0.018629705533385277, 0.017676694318652153, 0.019564209505915642, 0.020097434520721436, 0.020530035719275475, 0.0199173204600811, 0.01747710257768631, 0.017806069925427437, 0.02073906734585762]}