{"loss": [0.6178664565086365, 0.1422991007566452, 0.08495882898569107, 0.041169892996549606, 0.04274667799472809, 0.025230318307876587, 0.025613462552428246, 0.016068821772933006, 0.015302270650863647, 0.012341626919806004, 0.011110042221844196, 0.008703628554940224, 0.008370879106223583, 0.006803612690418959, 0.005850637797266245, 0.0052474685944616795, 0.004541194997727871, 0.004131154622882605, 0.0034347267355769873, 0.003226886736229062, 0.0029245775658637285, 0.0025773642119020224, 0.00239693745970726, 0.002158290008082986, 0.0019629329908639193, 0.0017958451062440872, 0.001603168435394764, 0.001492260373197496, 0.0013646614970639348, 0.001252440852113068, 0.0011551848147064447, 0.0010585705749690533], "val_loss": [0.09468019753694534, 0.10884135961532593, 0.07228033989667892, 0.033032309263944626, 0.040251459926366806, 0.0417887419462204, 0.01654381863772869, 0.01223138626664877, 0.030832640826702118, 0.037200331687927246, 0.016674138605594635, 0.00915587693452835, 0.01126583106815815, 0.01558936107903719, 0.013043657876551151, 0.010680636391043663, 0.011672567576169968, 0.010772730223834515, 0.010117126628756523, 0.011035420931875706, 0.009819960221648216, 0.009767116978764534, 0.010995125398039818, 0.010531561449170113, 0.010266880504786968, 0.010124496184289455, 0.009176910854876041, 0.009352745488286018, 0.009161495603621006, 0.009151412174105644, 0.008836222812533379, 0.00868071336299181]}