{"loss": [4.695850849151611, 0.8913392424583435, 0.2776632010936737, 0.1601710468530655, 0.09549305588006973, 0.06602790206670761, 0.04081547632813454, 0.03114117681980133, 0.026231929659843445, 0.022111991420388222, 0.013017858378589153, 0.011137309484183788, 0.010339644737541676, 0.008435176685452461, 0.007961140014231205, 0.005679137539118528, 0.00561215914785862, 0.004874451085925102, 0.004150382708758116, 0.004152982030063868, 0.0037627045530825853, 0.0033850434701889753, 0.0029846166726201773, 0.0029412771109491587, 0.0027193110436201096, 0.0026273801922798157, 0.0024679529014974833, 0.0024678597692400217, 0.0023025486152619123, 0.002208172809332609, 0.002186503726989031, 0.002090756082907319], "val_loss": [0.41037261486053467, 0.07489246875047684, 0.20213450491428375, 0.11523234844207764, 0.07495805621147156, 0.08625388145446777, 0.022922510281205177, 0.02489202469587326, 0.018621565774083138, 0.02205844223499298, 0.008365773595869541, 0.02410566434264183, 0.003186092246323824, 0.004452432971447706, 0.0032072842586785555, 0.002711061155423522, 0.002757295034825802, 0.0022575079929083586, 0.002355702919885516, 0.002884800313040614, 0.0022745756432414055, 0.001752479001879692, 0.0014434363692998886, 0.0015382978599518538, 0.001607226673513651, 0.0018684493843466043, 0.001704013324342668, 0.001574288820847869, 0.0015886313049122691, 0.0014799140626564622, 0.0016426623333245516, 0.0015254374593496323]}