{"loss": [0.5292759537696838, 0.1623002290725708, 0.0762757733464241, 0.049079641699790955, 0.036484669893980026, 0.025100812315940857, 0.01906564272940159, 0.011957570910453796, 0.010739896446466446, 0.01064740028232336, 0.0088410759344697, 0.0077359639108181, 0.007415454369038343, 0.0064460053108632565, 0.005850691348314285, 0.0056383865885436535, 0.004714902490377426, 0.004507825244218111, 0.004033910576254129, 0.003858535550534725, 0.0033339124638587236, 0.003179580206051469, 0.002855338156223297, 0.0026754599530249834, 0.0024336790665984154, 0.002227774588391185, 0.002063778229057789, 0.001861969823949039, 0.0017114771762862802, 0.0015523541951552033, 0.001409376971423626, 0.0012930728262290359], "val_loss": [0.03468867763876915, 0.1431642472743988, 0.03798748925328255, 0.03876018524169922, 0.017385907471179962, 0.01737629435956478, 0.008844088762998581, 0.011494586244225502, 0.010257464833557606, 0.007807857356965542, 0.008863442577421665, 0.00836013350635767, 0.007533783558756113, 0.008301365189254284, 0.006249851081520319, 0.005967921111732721, 0.006201593670994043, 0.005436865147203207, 0.005197690799832344, 0.0049598971381783485, 0.004686765372753143, 0.004576270468533039, 0.004304919857531786, 0.004086907487362623, 0.0039137895219028, 0.0036345734260976315, 0.0035424085799604654, 0.0032882611267268658, 0.003029611660167575, 0.002806262345984578, 0.002620442770421505, 0.0024640385527163744]}