{"loss": [0.37103787064552307, 0.09895860403776169, 0.07960887253284454, 0.042717061936855316, 0.03500352054834366, 0.029146239161491394, 0.026348674669861794, 0.024852845817804337, 0.022950604557991028, 0.022736072540283203, 0.02091241627931595, 0.02071348764002323, 0.019878551363945007, 0.02005705051124096, 0.01910395175218582, 0.01905345916748047, 0.018532533198595047, 0.018750274553894997, 0.0177265964448452, 0.018169019371271133, 0.017487872391939163, 0.01746494695544243, 0.017007725313305855, 0.016811730340123177, 0.016661547124385834, 0.016156919300556183, 0.01582842692732811, 0.015546725131571293, 0.0152818001806736, 0.014966513030230999, 0.01457077357918024, 0.014293215237557888], "val_loss": [0.025626294314861298, 0.026881525292992592, 0.020046498626470566, 0.00922455359250307, 0.00966863427311182, 0.01067584753036499, 0.01114480011165142, 0.010541556403040886, 0.0099646532908082, 0.008940894156694412, 0.010182872414588928, 0.01071964856237173, 0.009974845685064793, 0.010112500749528408, 0.010585098527371883, 0.010412701405584812, 0.011127800680696964, 0.010345092043280602, 0.011100860312581062, 0.011042005382478237, 0.01096371840685606, 0.010544796474277973, 0.011227554641664028, 0.010939431376755238, 0.011061384342610836, 0.010943189263343811, 0.010785073041915894, 0.011067971587181091, 0.010812383145093918, 0.01089621614664793, 0.010982018895447254, 0.011200923472642899]}