{"loss": [0.42218685150146484, 0.16631321609020233, 0.05350523814558983, 0.03382237255573273, 0.02249966748058796, 0.0196323711425066, 0.015362702310085297, 0.01283260714262724, 0.010824372060596943, 0.009343933314085007, 0.008000642992556095, 0.007725067436695099, 0.007132769096642733, 0.006695391610264778, 0.006159201264381409, 0.006067059934139252, 0.005991037935018539, 0.005729162599891424, 0.005616242066025734, 0.005481760948896408, 0.005445215385407209, 0.005293115507811308, 0.005178546998649836, 0.005122804082930088, 0.005059434566646814, 0.005017459858208895, 0.004940190818160772, 0.004888396244496107, 0.004828677047044039, 0.004747998435050249, 0.004736326634883881, 0.0046541434712708], "val_loss": [0.01675242744386196, 0.0466318279504776, 0.012099509127438068, 0.014028840698301792, 0.013799026608467102, 0.014298619702458382, 0.012313063256442547, 0.010131982155144215, 0.009160486049950123, 0.006559550762176514, 0.006268762983381748, 0.006452120374888182, 0.006130846682935953, 0.005922757554799318, 0.006242991890758276, 0.005947037599980831, 0.005941119976341724, 0.006223175674676895, 0.00635109469294548, 0.006347989197820425, 0.006523254793137312, 0.006589353084564209, 0.006752072833478451, 0.006978791672736406, 0.0071129812858998775, 0.007062988355755806, 0.007191862910985947, 0.007287781219929457, 0.007342244498431683, 0.007484207395464182, 0.007545312866568565, 0.007687914185225964]}