{"loss": [5.809577465057373, 0.602540135383606, 0.40917515754699707, 0.32232487201690674, 0.3513112962245941, 0.24226970970630646, 0.16963239014148712, 0.12469708174467087, 0.08157619833946228, 0.06963200867176056, 0.05297653749585152, 0.056008338928222656, 0.047873545438051224, 0.03055896796286106, 0.02773238532245159, 0.026959506794810295, 0.021204695105552673, 0.015959421172738075, 0.01690821908414364, 0.012758308090269566, 0.011771631427109241, 0.010157828219234943, 0.009795847348868847, 0.008595953695476055, 0.008993727155029774, 0.00835313182324171, 0.008931978605687618, 0.008577222935855389, 0.008539138361811638, 0.007944686338305473, 0.007397145964205265, 0.006988945882767439], "val_loss": [0.17855098843574524, 0.20156267285346985, 0.20849071443080902, 0.13559207320213318, 0.10863935947418213, 0.178923100233078, 0.08151376247406006, 0.08444289118051529, 0.019381824880838394, 0.014267874881625175, 0.02910798415541649, 0.01618824526667595, 0.022276772186160088, 0.01493768859654665, 0.01563701219856739, 0.014120948500931263, 0.007088841870427132, 0.009878628887236118, 0.006831471808254719, 0.005656982306391001, 0.007295346353203058, 0.0046861544251441956, 0.004632576368749142, 0.004585943650454283, 0.005018187686800957, 0.00449065025895834, 0.0038603583816438913, 0.004817918874323368, 0.004051482770591974, 0.004625595174729824, 0.004096437711268663, 0.004159105475991964]}