{"loss": [0.38331112265586853, 0.17037715017795563, 0.06979097425937653, 0.054301854223012924, 0.03718425706028938, 0.02052663452923298, 0.0187084823846817, 0.01501435786485672, 0.01164576131850481, 0.011954061686992645, 0.00980768445879221, 0.009846378117799759, 0.008417840115725994, 0.008415707387030125, 0.007515375968068838, 0.007215213030576706, 0.006779737304896116, 0.006378119345754385, 0.006049539428204298, 0.005561066325753927, 0.005276791751384735, 0.004923713859170675, 0.004521931055933237, 0.004219495225697756, 0.003859344869852066, 0.0034639015793800354, 0.003156239166855812, 0.002835344523191452, 0.0025219013914465904, 0.0022761423606425524, 0.0020107191521674395, 0.0018273633904755116], "val_loss": [0.8135647177696228, 0.49003544449806213, 0.5081643462181091, 0.30504029989242554, 0.2783482074737549, 0.36608561873435974, 0.2876327931880951, 0.2142137736082077, 0.24152357876300812, 0.2621292769908905, 0.21271666884422302, 0.21520191431045532, 0.24446453154087067, 0.20957688987255096, 0.17861732840538025, 0.19095437228679657, 0.19021598994731903, 0.18146617710590363, 0.19265539944171906, 0.20264416933059692, 0.19592247903347015, 0.18737132847309113, 0.19194599986076355, 0.18320803344249725, 0.1788417547941208, 0.18710479140281677, 0.1800624132156372, 0.18563897907733917, 0.1849341243505478, 0.18521201610565186, 0.18768145143985748, 0.18874399363994598]}