{"loss": [0.4752368628978729, 0.1582927703857422, 0.06077900528907776, 0.047209128737449646, 0.034713681787252426, 0.026947930455207825, 0.023698071017861366, 0.017844049260020256, 0.01467867847532034, 0.013489950448274612, 0.011214158497750759, 0.00944690965116024, 0.00923942495137453, 0.008074456825852394, 0.006879938766360283, 0.006155660375952721, 0.0054794917814433575, 0.004839129280298948, 0.004383312072604895, 0.0037898272275924683, 0.003442953107878566, 0.003057431196793914, 0.002722770208492875, 0.0024368150625377893, 0.0021596786100417376, 0.00196471787057817, 0.0017599695129320025, 0.0016093783779069781, 0.001479432568885386, 0.0013448206009343266, 0.0012548938393592834, 0.0011417256901040673], "val_loss": [0.03879684582352638, 0.18265372514724731, 0.025491926819086075, 0.05511752516031265, 0.08217871189117432, 0.021484630182385445, 0.02647216059267521, 0.0391085222363472, 0.016681324690580368, 0.015739498659968376, 0.020135851576924324, 0.00862623006105423, 0.017284926027059555, 0.009002760984003544, 0.006659792270511389, 0.010174677707254887, 0.008218192495405674, 0.011570895090699196, 0.014749455265700817, 0.011659830808639526, 0.014278975315392017, 0.01004599779844284, 0.011714526452124119, 0.010766503401100636, 0.010893085971474648, 0.010439300909638405, 0.010032832622528076, 0.010165803134441376, 0.010066344402730465, 0.010070265270769596, 0.0100434310734272, 0.009567519649863243]}