{"loss": [0.2870279848575592, 0.05413440987467766, 0.029679905623197556, 0.022016409784555435, 0.016784053295850754, 0.013041265308856964, 0.012569526210427284, 0.010675455443561077, 0.009630007669329643, 0.008833654224872589, 0.008607766591012478, 0.008343623951077461, 0.007837401703000069, 0.007978511974215508, 0.0075567616149783134, 0.007452491670846939, 0.007194888778030872, 0.007122976705431938, 0.007106388453394175, 0.0069479914382100105, 0.0069163283333182335, 0.00685723964124918, 0.0067448061890900135, 0.006695933174341917, 0.006644973997026682, 0.006561534944921732, 0.006495655979961157, 0.006458692252635956, 0.006367108318954706, 0.006303485482931137, 0.006261558271944523, 0.0062108272686600685], "val_loss": [0.47828784584999084, 0.3799704313278198, 0.3654468059539795, 0.21347787976264954, 0.2306387573480606, 0.178598552942276, 0.14321576058864594, 0.22569306194782257, 0.14057958126068115, 0.15890668332576752, 0.12134722620248795, 0.13256879150867462, 0.15606482326984406, 0.13938990235328674, 0.14669959247112274, 0.15619595348834991, 0.15316954255104065, 0.1727260798215866, 0.1808444708585739, 0.18330565094947815, 0.19866828620433807, 0.20834077894687653, 0.2139844447374344, 0.23280656337738037, 0.2457340508699417, 0.2509419023990631, 0.2751941382884979, 0.2915906608104706, 0.30935466289520264, 0.3242190182209015, 0.3372951149940491, 0.3531908392906189]}