{"loss": [1.1040410995483398, 0.37591123580932617, 0.28126251697540283, 0.23801098763942719, 0.1860049068927765, 0.15463890135288239, 0.1295810341835022, 0.10414163768291473, 0.07490243762731552, 0.0487196147441864, 0.04543193429708481, 0.05434452369809151, 0.04223700612783432, 0.03052900731563568, 0.020724110305309296, 0.021975895389914513, 0.02332441508769989, 0.023240793496370316, 0.0374675914645195, 0.025403862819075584, 0.025231845676898956, 0.018098941072821617, 0.016992611810564995, 0.016049077734351158, 0.020899085327982903, 0.02113497257232666, 0.016636384651064873, 0.019466962665319443, 0.01922244392335415, 0.01498435903340578, 0.016634851694107056, 0.016039127483963966], "val_loss": [0.17352329194545746, 0.07620798796415329, 0.12252794206142426, 0.09250891208648682, 0.08244724571704865, 0.08759038150310516, 0.08581406623125076, 0.17522414028644562, 0.07215312123298645, 0.054796986281871796, 0.1254182904958725, 0.16457335650920868, 0.1056022122502327, 0.05859922245144844, 0.09628020226955414, 0.18925921618938446, 0.20446830987930298, 0.2903428077697754, 0.1533432900905609, 0.26409125328063965, 0.09786244481801987, 0.16954591870307922, 0.20995178818702698, 0.15301117300987244, 0.12056062370538712, 0.07458958029747009, 0.04799269139766693, 0.04089397192001343, 0.04072682186961174, 0.08482840657234192, 0.042534660547971725, 0.05821865797042847]}