{"loss": [0.33813878893852234, 0.11861985921859741, 0.029111528769135475, 0.014067456126213074, 0.01990623213350773, 0.006375350058078766, 0.009010405279695988, 0.004289611708372831, 0.004529681522399187, 0.0033406659495085478, 0.0019082134822383523, 0.002429348649457097, 0.0013137630885466933, 0.0017754660220816731, 0.001025606063194573, 0.0012290161103010178, 0.000890673603862524, 0.0009205710957758129, 0.0007335863192565739, 0.0007219631806947291, 0.0006361782434396446, 0.0006159775075502694, 0.0005475468933582306, 0.0005270336987450719, 0.0004836502193938941, 0.00046342905261553824, 0.0004243268631398678, 0.0004086487751919776, 0.0003818814584519714, 0.0003639038186520338, 0.0003404432500246912, 0.0003265123814344406], "val_loss": [1.2628438472747803, 0.759861946105957, 0.5857018828392029, 0.6967377066612244, 0.6846732497215271, 0.5494988560676575, 0.5182808637619019, 0.5849372744560242, 0.6375189423561096, 0.6256909370422363, 0.6259549856185913, 0.6761863231658936, 0.7150426506996155, 0.697547435760498, 0.6707673668861389, 0.6761434078216553, 0.6849678754806519, 0.6608256697654724, 0.6293947696685791, 0.6266010403633118, 0.6388198733329773, 0.6327887773513794, 0.6153483986854553, 0.6129182577133179, 0.6212325692176819, 0.6183609366416931, 0.6075261831283569, 0.605584979057312, 0.608786404132843, 0.6046720147132874, 0.5973276495933533, 0.5951601266860962]}