{"loss": [0.3179337978363037, 0.0652022659778595, 0.0466027595102787, 0.02904714271426201, 0.01912926882505417, 0.015594294294714928, 0.010804620571434498, 0.00874301791191101, 0.005692112259566784, 0.006651473697274923, 0.005702142138034105, 0.005132484715431929, 0.004260908346623182, 0.003465490648522973, 0.003027529688552022, 0.0030644796788692474, 0.0028707270976155996, 0.0028076532762497663, 0.00269184447824955, 0.0027000647969543934, 0.0025485483929514885, 0.0025385827757418156, 0.0025237970985472202, 0.0024947056081146, 0.0025008630473166704, 0.002414026530459523, 0.0024671750143170357, 0.002462059957906604, 0.0024596084840595722, 0.0024630012921988964, 0.0023911462631076574, 0.002442401833832264], "val_loss": [0.15161298215389252, 0.18091456592082977, 0.045061033219099045, 0.09959056973457336, 0.08956494927406311, 0.00903337076306343, 0.006897380575537682, 0.02717297151684761, 0.05395602062344551, 0.027777647599577904, 0.013872789219021797, 0.04445039480924606, 0.017379220575094223, 0.019353630021214485, 0.021737510338425636, 0.017971280962228775, 0.008978004567325115, 0.01825004629790783, 0.012525821104645729, 0.011203499510884285, 0.010483626276254654, 0.01076147798448801, 0.009079349227249622, 0.0064864628948271275, 0.007661121431738138, 0.008863277733325958, 0.008716306649148464, 0.006040134467184544, 0.004240340553224087, 0.005830903071910143, 0.009328247047960758, 0.008931232616305351]}