{"loss": [1.7928749322891235, 0.28064337372779846, 0.3064464330673218, 0.16535170376300812, 0.095146045088768, 0.07958389818668365, 0.06521275639533997, 0.06252256035804749, 0.05790633708238602, 0.05650369077920914, 0.06025770306587219, 0.04761749505996704, 0.03867082670331001, 0.027341768145561218, 0.018960872665047646, 0.014370676130056381, 0.015042997896671295, 0.018602438271045685, 0.018785661086440086, 0.018384531140327454, 0.012082558125257492, 0.012451287358999252, 0.013760225847363472, 0.009670603089034557, 0.007109947502613068, 0.007000383920967579, 0.0052922191098332405, 0.00522524444386363, 0.004224396776407957, 0.0033952032681554556, 0.0025189227890223265, 0.0019931201823055744], "val_loss": [0.1053304374217987, 0.06224922090768814, 1.003438115119934, 0.3587181568145752, 0.13133582472801208, 0.7127771377563477, 0.3074369728565216, 0.2690601944923401, 0.528742790222168, 0.2569417655467987, 0.3591805398464203, 0.3488055467605591, 0.2339870184659958, 0.2126820832490921, 0.09628604352474213, 0.13187919557094574, 0.11843577772378922, 0.1261027455329895, 0.08419809490442276, 0.07075429707765579, 0.1068095862865448, 0.06965147703886032, 0.04262746870517731, 0.05981368571519852, 0.07921865582466125, 0.041974421590566635, 0.0421692356467247, 0.05929719656705856, 0.05779287964105606, 0.03127646818757057, 0.031197892501950264, 0.03808510676026344]}