{"loss": [0.26741981506347656, 0.04821455106139183, 0.028225630521774292, 0.028063707053661346, 0.020294681191444397, 0.01877306029200554, 0.01891406625509262, 0.015440614894032478, 0.015266716480255127, 0.014597699046134949, 0.014103512279689312, 0.014428754337131977, 0.013513680547475815, 0.01379319466650486, 0.013678887858986855, 0.013212435878813267, 0.013439217582345009, 0.013353140093386173, 0.013068880885839462, 0.013157771900296211, 0.013106340542435646, 0.012908541597425938, 0.012952467426657677, 0.013030635192990303, 0.012777062132954597, 0.012637152336537838, 0.012769171968102455, 0.01277140248566866, 0.012491313740611076, 0.012473858892917633, 0.012541497126221657, 0.012486746534705162], "val_loss": [0.029782908037304878, 0.03549495339393616, 0.017338136211037636, 0.020357446745038033, 0.01602999120950699, 0.018700720742344856, 0.015674520283937454, 0.015412449836730957, 0.015829600393772125, 0.015310099348425865, 0.015373961068689823, 0.01458287239074707, 0.01480118464678526, 0.014876537956297398, 0.015401476994156837, 0.015578184276819229, 0.015299179591238499, 0.014844220131635666, 0.014822272583842278, 0.015156997367739677, 0.015022769570350647, 0.01514520775526762, 0.015472866594791412, 0.015268255956470966, 0.015539408661425114, 0.016110725700855255, 0.0160117968916893, 0.016015689820051193, 0.01651519350707531, 0.01710398681461811, 0.01731814257800579, 0.01738796941936016]}