{"loss": [2.130265235900879, 0.2211955487728119, 0.07183557003736496, 0.05115492641925812, 0.058036185801029205, 0.03769979998469353, 0.04060005769133568, 0.028064263984560966, 0.01737845502793789, 0.013820146210491657, 0.009909718297421932, 0.014295106753706932, 0.014191774651408195, 0.01863609068095684, 0.05519074946641922, 0.08751684427261353, 0.0930754542350769, 0.13777372241020203, 0.1748243272304535, 0.12492525577545166, 0.10820845514535904, 0.0803486779332161, 0.10499953478574753, 0.08059240877628326, 0.07100366055965424, 0.049681395292282104, 0.048956193029880524, 0.04671502485871315, 0.047860193997621536, 0.045071642845869064, 0.04326338693499565, 0.04211878776550293], "val_loss": [1.3197332620620728, 0.9126909971237183, 0.4033573865890503, 0.3695440888404846, 0.5105342268943787, 0.5050407648086548, 0.43231630325317383, 0.29464495182037354, 0.2550565004348755, 0.21804608404636383, 0.2217758148908615, 0.22388511896133423, 0.11028791218996048, 0.08701928704977036, 0.1077711284160614, 0.21272428333759308, 0.37187445163726807, 0.1350702941417694, 0.3371187746524811, 0.7338317632675171, 0.556742250919342, 0.20074424147605896, 0.33393919467926025, 0.3509666621685028, 0.30601122975349426, 0.31340157985687256, 0.3289197087287903, 0.278293639421463, 0.23368553817272186, 0.3429710268974304, 0.3189083933830261, 0.2984452247619629]}