{"loss": [0.5762079358100891, 0.06893092393875122, 0.03990134969353676, 0.035270605236291885, 0.018512042239308357, 0.012679806910455227, 0.011147846467792988, 0.009133235551416874, 0.007623428478837013, 0.006241876631975174, 0.0062436615116894245, 0.005308560561388731, 0.0048980312421917915, 0.004283244255930185, 0.003960063215345144, 0.0035297852009534836, 0.0032386465463787317, 0.003008032450452447, 0.0027077782433480024, 0.0025413779076188803, 0.002330806804820895, 0.0021583251655101776, 0.001965776551514864, 0.0017908687004819512, 0.001639920868910849, 0.0014759217156097293, 0.0013454081490635872, 0.0012190943816676736, 0.0011201038723811507, 0.001026304205879569, 0.0009407598990947008, 0.0008731440175324678], "val_loss": [0.07991117238998413, 0.07412371784448624, 0.016760576516389847, 0.007629804778844118, 0.011604558676481247, 0.012598899193108082, 0.014831362292170525, 0.009125743061304092, 0.007315471302717924, 0.006297918502241373, 0.0060799941420555115, 0.006178825628012419, 0.00514189200475812, 0.005824331194162369, 0.004850038327276707, 0.004923591390252113, 0.00436199689283967, 0.004349016584455967, 0.004350337199866772, 0.004638770595192909, 0.004063181579113007, 0.003700605360791087, 0.00344072375446558, 0.003247954649850726, 0.0032010329887270927, 0.0031382751185446978, 0.003211029339581728, 0.0029376239981502295, 0.0027938811108469963, 0.0027086292393505573, 0.0026508865412324667, 0.002622920321300626]}