{"loss": [0.14076903462409973, 0.02416854351758957, 0.010166184976696968, 0.00862053595483303, 0.007242899388074875, 0.00453298632055521, 0.004579578526318073, 0.002871011383831501, 0.00276053580455482, 0.002443199511617422, 0.001958297798410058, 0.0015829503536224365, 0.0014908743323758245, 0.0012882155133411288, 0.0011273608542978764, 0.0010333796963095665, 0.0009312855545431376, 0.0009225464891642332, 0.0008677232544869184, 0.0008233965490944684, 0.0008133392548188567, 0.0007762139430269599, 0.0007737341802567244, 0.0007496789330616593, 0.0007365003111772239, 0.0007322055753320456, 0.0007112558232620358, 0.0007104538381099701, 0.0006980844773352146, 0.0006883443566039205, 0.0006799894035793841, 0.0006720274686813354], "val_loss": [2.6892590522766113, 0.5752034783363342, 0.6489652395248413, 2.1153345108032227, 1.4979612827301025, 1.6596417427062988, 1.7144173383712769, 1.8287826776504517, 2.1386661529541016, 1.840050458908081, 1.8420370817184448, 2.0608019828796387, 1.9167641401290894, 1.9930157661437988, 1.9772149324417114, 1.938197135925293, 2.03178071975708, 1.9733649492263794, 2.021958351135254, 2.0848782062530518, 2.0776968002319336, 2.133317470550537, 2.1327078342437744, 2.172133445739746, 2.1855556964874268, 2.1964070796966553, 2.228410482406616, 2.231483221054077, 2.2500619888305664, 2.2606921195983887, 2.283512592315674, 2.2900309562683105]}