{"loss": [6.055251121520996, 0.04622839018702507, 0.017581753432750702, 0.009707869961857796, 0.00671923253685236, 0.005602118093520403, 0.003861749777570367, 0.0023888233117759228, 0.0018134640995413065, 0.0014272164553403854, 0.0011187043273821473, 0.0009162866626866162, 0.000821252993773669, 0.000830329314339906, 0.0007768009090796113, 0.0006549382815137506, 0.0005614794208668172, 0.00045399146620184183, 0.00038910587318241596, 0.00035146778100170195, 0.0003351958002895117, 0.00033565264311619103, 0.0003566746599972248, 0.0004009766271337867, 0.00048329593846574426, 0.000598063925281167, 0.0007225358858704567, 0.0009938074508681893, 0.0011517213424667716, 0.0013226130977272987, 0.0011620151344686747, 0.0006861570873297751], "val_loss": [7.852900981903076, 2.125079870223999, 1.5129601955413818, 1.3144580125808716, 1.1676760911941528, 1.0943793058395386, 1.0060381889343262, 0.9139281511306763, 0.8524149656295776, 0.8243187069892883, 0.8041629195213318, 0.7854251265525818, 0.7716332077980042, 0.7549900412559509, 0.7402474284172058, 0.7367686033248901, 0.7399806380271912, 0.7452059388160706, 0.744576096534729, 0.7428891658782959, 0.745776355266571, 0.7498549818992615, 0.7537811398506165, 0.7547651529312134, 0.7535334825515747, 0.7526335120201111, 0.7530653476715088, 0.753403902053833, 0.755885124206543, 0.759614109992981, 0.7662727236747742, 0.776411771774292]}