{"loss": [0.2902549207210541, 0.05372825637459755, 0.0394914485514164, 0.02562618814408779, 0.021094467490911484, 0.015209225937724113, 0.013344481587409973, 0.011901370249688625, 0.009999649599194527, 0.008579157292842865, 0.007820479571819305, 0.007224094122648239, 0.007007179316133261, 0.006670427042990923, 0.006523035932332277, 0.006490225438028574, 0.006306525785475969, 0.006308081094175577, 0.006214424967765808, 0.0062159039080142975, 0.006114667281508446, 0.006096404977142811, 0.006102832034230232, 0.006035921163856983, 0.00600036047399044, 0.005949968472123146, 0.005978151690214872, 0.005923714488744736, 0.005904471501708031, 0.005865979474037886, 0.00584197835996747, 0.005825814791023731], "val_loss": [0.03933421149849892, 0.029878778383135796, 0.04239867255091667, 0.026449071243405342, 0.025602787733078003, 0.0239714365452528, 0.018765795975923538, 0.021847719326615334, 0.014477785676717758, 0.017435960471630096, 0.01537326816469431, 0.016808215528726578, 0.014294502325356007, 0.014802343212068081, 0.015445658937096596, 0.015143980272114277, 0.01444904413074255, 0.014332671649754047, 0.014370539225637913, 0.014091500081121922, 0.014030730351805687, 0.014249369502067566, 0.013995195738971233, 0.014122938737273216, 0.013964862562716007, 0.013959906063973904, 0.013818664476275444, 0.01391651201993227, 0.013772108592092991, 0.013710357248783112, 0.013762326911091805, 0.01364676933735609]}