{"loss": [1.2028201818466187, 0.18698976933956146, 0.08034900575876236, 0.04445412755012512, 0.02749626338481903, 0.022595200687646866, 0.015813056379556656, 0.015938106924295425, 0.011574123054742813, 0.01026972196996212, 0.008075457997620106, 0.008216806687414646, 0.006631897296756506, 0.005659281276166439, 0.0057329642586410046, 0.004843292757868767, 0.004120928701013327, 0.0038462295196950436, 0.0034565450623631477, 0.0031103799119591713, 0.003291511908173561, 0.0026536225341260433, 0.0033034258522093296, 0.0025941485073417425, 0.0030628805980086327, 0.005240538157522678, 0.0053838687017560005, 0.012628708966076374, 0.006700798869132996, 0.008518957532942295, 0.005407117772847414, 0.003647269681096077], "val_loss": [0.22354526817798615, 0.3220434784889221, 0.10977975279092789, 0.060291729867458344, 0.12395688891410828, 0.08230185508728027, 0.04415265843272209, 0.0667245164513588, 0.08448734879493713, 0.052333731204271317, 0.0352979451417923, 0.04621143266558647, 0.04897431284189224, 0.03723640367388725, 0.04202410578727722, 0.04554099962115288, 0.046237923204898834, 0.044661812484264374, 0.04654332250356674, 0.04573655501008034, 0.05011126026511192, 0.041995272040367126, 0.04675612971186638, 0.05468069016933441, 0.040522653609514236, 0.07627595961093903, 0.03308312967419624, 0.09534827619791031, 0.0471845306456089, 0.039147667586803436, 0.06885887682437897, 0.03505442664027214]}