{"loss": [0.5763292908668518, 0.14839178323745728, 0.06168169155716896, 0.04307256639003754, 0.029348080977797508, 0.021832099184393883, 0.014844494871795177, 0.013584197498857975, 0.013137477450072765, 0.009676296263933182, 0.00881490670144558, 0.008329696021974087, 0.0067431130446493626, 0.0059010363183915615, 0.005547760054469109, 0.00485914945602417, 0.004191839601844549, 0.00379941682331264, 0.0033236024901270866, 0.0030302901286631823, 0.0026385795790702105, 0.0023757501039654016, 0.0021031948272138834, 0.001884613768197596, 0.0016838939627632499, 0.0015098432777449489, 0.0013821899192407727, 0.0012581426417455077, 0.0011673534754663706, 0.0010805160272866488, 0.0010126917622983456, 0.000944720406550914], "val_loss": [0.028377629816532135, 0.021692687645554543, 0.022341759875416756, 0.009250732138752937, 0.008817880414426327, 0.007090614642947912, 0.008487699553370476, 0.01129472441971302, 0.008850510232150555, 0.006707317195832729, 0.005943737458437681, 0.005229239817708731, 0.005051860585808754, 0.004894529469311237, 0.0040950169786810875, 0.003954645711928606, 0.0038781247567385435, 0.0033451009076088667, 0.003237729426473379, 0.003069420112296939, 0.0030299678910523653, 0.002943207509815693, 0.0026136301457881927, 0.002549024298787117, 0.0024422211572527885, 0.0023477450013160706, 0.0022199691738933325, 0.0020705503411591053, 0.0020370290149003267, 0.0019277248065918684, 0.0018911476945504546, 0.0018056955887004733]}