{"loss": [3.3439860343933105, 0.5586205124855042, 0.32571718096733093, 0.18659310042858124, 0.10390593856573105, 0.0583958625793457, 0.03401965647935867, 0.03948529437184334, 0.0518268421292305, 0.04856257885694504, 0.053244449198246, 0.033717915415763855, 0.028246428817510605, 0.02492268569767475, 0.019256997853517532, 0.020763151347637177, 0.030407115817070007, 0.026341065764427185, 0.02351362258195877, 0.016243908554315567, 0.012775147333741188, 0.010140713304281235, 0.008696068078279495, 0.007303252816200256, 0.006097764708101749, 0.005866608116775751, 0.020808149129152298, 0.058249324560165405, 0.1533876210451126, 0.14523948729038239, 0.08588685840368271, 0.07570862025022507], "val_loss": [0.04896576702594757, 0.07838710397481918, 0.011897975578904152, 0.028094593435525894, 0.044754061847925186, 0.020697645843029022, 0.01708020269870758, 0.014241203665733337, 0.1002393588423729, 0.014391779899597168, 0.03915046900510788, 0.030904294922947884, 0.027096934616565704, 0.0820099487900734, 0.018922897055745125, 0.029574718326330185, 0.00652073509991169, 0.029273591935634613, 0.0034208267461508512, 0.006539730355143547, 0.013153765350580215, 0.0031737112440168858, 0.003295830450952053, 0.010656840167939663, 0.008211861364543438, 0.007494338322430849, 0.015666324645280838, 0.014037418179214, 0.01494988240301609, 0.006057307589799166, 0.027995653450489044, 0.016094062477350235]}