{"loss": [0.2776404619216919, 0.054291415959596634, 0.03328566998243332, 0.023115050047636032, 0.026529932394623756, 0.02639138326048851, 0.02016628161072731, 0.017846837639808655, 0.016055859625339508, 0.015596363693475723, 0.014675375074148178, 0.013998809270560741, 0.01327957957983017, 0.013257537968456745, 0.013103614561259747, 0.012661685235798359, 0.012725417502224445, 0.012421809136867523, 0.01236738357692957, 0.012169511057436466, 0.012038636021316051, 0.012028015218675137, 0.0118005545809865, 0.01171188335865736, 0.01170814037322998, 0.01153534185141325, 0.011433995328843594, 0.01136067509651184, 0.01124427281320095, 0.011176584288477898, 0.011126851662993431, 0.011030495166778564], "val_loss": [0.019768759608268738, 0.03356078639626503, 0.00960167869925499, 0.014324232935905457, 0.007175476755946875, 0.009102636948227882, 0.006563466973602772, 0.008616833947598934, 0.012977832928299904, 0.006545620504766703, 0.005964608862996101, 0.006526863668113947, 0.006123674102127552, 0.007169483229517937, 0.006040437147021294, 0.0058380900882184505, 0.0061799269169569016, 0.007218805141746998, 0.0061019486747682095, 0.005994581617414951, 0.007070491556078196, 0.006727756932377815, 0.006557288579642773, 0.006660704500973225, 0.006768299266695976, 0.007374228909611702, 0.007430667988955975, 0.00730151729658246, 0.007241636049002409, 0.007481137756258249, 0.00819328147917986, 0.008472802117466927]}