{"loss": [0.3301900029182434, 0.0897393748164177, 0.04679730907082558, 0.032162826508283615, 0.027205975726246834, 0.019827328622341156, 0.017405541613698006, 0.01285040657967329, 0.01139215286821127, 0.007849873043596745, 0.007887768559157848, 0.005499550607055426, 0.005081448238343, 0.004524574149399996, 0.003657393157482147, 0.003509756177663803, 0.003253588452935219, 0.003027501283213496, 0.0027637637685984373, 0.0025386728812009096, 0.0024245018139481544, 0.0022581673692911863, 0.0020636594854295254, 0.0019562554080039263, 0.0018256423063576221, 0.00174386752769351, 0.0016257698880508542, 0.0015320145757868886, 0.0014434513868764043, 0.0013578137150034308, 0.0012748087756335735, 0.0011950669577345252], "val_loss": [0.2556982636451721, 0.3231942057609558, 0.26045942306518555, 0.10020577907562256, 0.0874854102730751, 0.06496154516935349, 0.1383572369813919, 0.14864659309387207, 0.0608886294066906, 0.066530242562294, 0.03777765855193138, 0.036814168095588684, 0.06212078779935837, 0.044906001538038254, 0.03368545323610306, 0.03561226278543472, 0.037761952728033066, 0.0322008840739727, 0.04515282064676285, 0.03505807742476463, 0.038973938673734665, 0.0402844175696373, 0.034092891961336136, 0.04490402340888977, 0.03556662052869797, 0.0415557362139225, 0.03293368220329285, 0.034634873270988464, 0.03193320333957672, 0.03379185497760773, 0.031598832458257675, 0.030608363449573517]}