{"loss": [2.1252851486206055, 0.21729010343551636, 0.07770030200481415, 0.05070028081536293, 0.03607235476374626, 0.030807754024863243, 0.028108462691307068, 0.021226834505796432, 0.01745857112109661, 0.021053949370980263, 0.01799755170941353, 0.013540365733206272, 0.014689055271446705, 0.010372444987297058, 0.008681818842887878, 0.00878562219440937, 0.008122463710606098, 0.007551639806479216, 0.006857611238956451, 0.006833925377577543, 0.005551540292799473, 0.004594799131155014, 0.0039292979054152966, 0.0038526507560163736, 0.003116847015917301, 0.003124259179458022, 0.0026544216088950634, 0.0023195839021354914, 0.0023922238033264875, 0.0022795330733060837, 0.002308786613866687, 0.0022405777126550674], "val_loss": [0.24527154862880707, 0.15650328993797302, 0.0543946698307991, 0.10110393166542053, 0.036936722695827484, 0.10780888795852661, 0.03561316430568695, 0.025224780663847923, 0.030626993626356125, 0.02996259555220604, 0.05627283453941345, 0.015240628272294998, 0.028407704085111618, 0.014911705628037453, 0.0102004986256361, 0.00946580246090889, 0.015321901068091393, 0.014155130833387375, 0.009700024500489235, 0.011652400717139244, 0.010369963943958282, 0.009482264518737793, 0.008283542469143867, 0.009760581888258457, 0.010152583941817284, 0.008905506692826748, 0.009380661882460117, 0.010227564722299576, 0.009719574823975563, 0.009835492819547653, 0.01003011129796505, 0.009724571369588375]}