{"loss": [0.4127741754055023, 0.12834937870502472, 0.05652676150202751, 0.03946126624941826, 0.020056575536727905, 0.01864837296307087, 0.014039074070751667, 0.009852085262537003, 0.007589895278215408, 0.005894096102565527, 0.006194890011101961, 0.0038591332267969847, 0.003988813143223524, 0.003397146239876747, 0.0030818546656519175, 0.003081082133576274, 0.002232735976576805, 0.0024963098112493753, 0.0018148130038753152, 0.0019494304433465004, 0.0014845080440863967, 0.001501763821579516, 0.001241943915374577, 0.0011746243108063936, 0.0010118185309693217, 0.0009272289462387562, 0.0008518137037754059, 0.0007290560752153397, 0.0007133263279683888, 0.0005993300001136959, 0.0006086707580834627, 0.000517627049703151], "val_loss": [0.07409664243459702, 0.08269564807415009, 0.02564329467713833, 0.04757426679134369, 0.013635699637234211, 0.02799331210553646, 0.014512958936393261, 0.009245532564818859, 0.010935189202427864, 0.008858545683324337, 0.018239866942167282, 0.012557417154312134, 0.006418564356863499, 0.00525787565857172, 0.006091141141951084, 0.007419114466756582, 0.007524985354393721, 0.0056261648423969746, 0.006273292936384678, 0.007668536622077227, 0.007923051714897156, 0.007229655049741268, 0.0062935845926404, 0.006883834023028612, 0.006883327383548021, 0.006227441597729921, 0.0061095100827515125, 0.006068977527320385, 0.0065733459778130054, 0.005743786226958036, 0.0059484271332621574, 0.005698441993445158]}