{"loss": [0.2798096239566803, 0.05742716044187546, 0.03212090581655502, 0.029596734791994095, 0.02127288654446602, 0.017561983317136765, 0.01506299339234829, 0.014510223641991615, 0.012822049669921398, 0.012268466874957085, 0.011535825207829475, 0.01156580075621605, 0.011036254465579987, 0.011019938625395298, 0.010792993009090424, 0.010582436807453632, 0.010621389374136925, 0.010355276986956596, 0.010214172303676605, 0.010201836936175823, 0.010040093213319778, 0.009845821186900139, 0.009717367589473724, 0.009689770638942719, 0.009597960859537125, 0.009325547143816948, 0.0092303566634655, 0.009273914620280266, 0.009285512380301952, 0.009004807099699974, 0.008676566183567047, 0.008662628009915352], "val_loss": [0.027205295860767365, 0.03360544517636299, 0.012867247685790062, 0.012002975679934025, 0.007893883623182774, 0.006678055506199598, 0.007092468440532684, 0.007265572436153889, 0.006710936781018972, 0.007290946319699287, 0.006442359648644924, 0.006440361961722374, 0.006357001140713692, 0.006093848962336779, 0.006304264068603516, 0.006365720648318529, 0.006453388836234808, 0.0064750658348202705, 0.006446402054280043, 0.0066128140315413475, 0.006678176578134298, 0.006660516373813152, 0.006915023550391197, 0.006978363264352083, 0.006803089287132025, 0.0070445239543914795, 0.007405784446746111, 0.007102415431290865, 0.006942562758922577, 0.007366579957306385, 0.007618168368935585, 0.007261765189468861]}