{"loss": [0.6724570393562317, 0.126554474234581, 0.06438884884119034, 0.04177697375416756, 0.028994986787438393, 0.024523675441741943, 0.02056613378226757, 0.016682669520378113, 0.014558612369000912, 0.012664648704230785, 0.011314976960420609, 0.009633769281208515, 0.00915159285068512, 0.007829380221664906, 0.007498189806938171, 0.006706999149173498, 0.006117330864071846, 0.00543177267536521, 0.004754174035042524, 0.004154635593295097, 0.0037289492320269346, 0.003267895430326462, 0.0028544608503580093, 0.0025716780219227076, 0.0023917776998132467, 0.0021749157458543777, 0.002121190307661891, 0.0019349828362464905, 0.00183942262083292, 0.0017305206274613738, 0.0016459730686619878, 0.0015242855297401547], "val_loss": [0.05547332763671875, 0.048101089894771576, 0.025122860446572304, 0.037396132946014404, 0.011454470455646515, 0.011522727087140083, 0.012777987867593765, 0.010835286229848862, 0.009733900427818298, 0.007536069955676794, 0.007560704834759235, 0.00926145538687706, 0.00660347007215023, 0.005602826829999685, 0.005295674316585064, 0.0050654103979468346, 0.004696120508015156, 0.004511422477662563, 0.004165261052548885, 0.004081550519913435, 0.0037482213228940964, 0.003390284487977624, 0.0032764500938355923, 0.0030783838592469692, 0.0029087052680552006, 0.0027382047846913338, 0.0026919173542410135, 0.002608896465972066, 0.0025102554354816675, 0.0024034203961491585, 0.00229100720025599, 0.0022522390354424715]}