{"loss": [3.589218854904175, 0.6156327724456787, 0.10033223778009415, 0.0663035437464714, 0.06121126189827919, 0.058435991406440735, 0.050811879336833954, 0.03998296707868576, 0.032584674656391144, 0.027198413386940956, 0.021513838320970535, 0.020219115540385246, 0.01625629886984825, 0.012413283810019493, 0.010166601277887821, 0.008703866973519325, 0.00696896156296134, 0.005475791171193123, 0.0043961419723927975, 0.0039038665127009153, 0.003085116157308221, 0.002710433676838875, 0.0022881729528307915, 0.0019675130024552345, 0.001670854282565415, 0.001527453656308353, 0.001324772136285901, 0.0014076668303459883, 0.0016287461621686816, 0.0014210623921826482, 0.001509426860138774, 0.0012290125014260411], "val_loss": [2.4983348846435547, 1.3052864074707031, 8.177031517028809, 4.811316013336182, 1.5587663650512695, 1.5963307619094849, 0.9518779516220093, 0.8494803309440613, 0.6559768915176392, 0.7602044939994812, 0.8308565616607666, 0.5495065450668335, 0.8102412819862366, 0.7687371373176575, 0.649548351764679, 0.7761609554290771, 0.7310969233512878, 0.7793629765510559, 0.8271323442459106, 0.8000857830047607, 0.8394529819488525, 0.8424274921417236, 0.8733208775520325, 0.8942581415176392, 0.913142740726471, 0.9316130876541138, 0.9633432030677795, 0.854005753993988, 1.0474965572357178, 0.8531035780906677, 1.0183331966400146, 0.9614261984825134]}