{"loss": [0.36989110708236694, 0.11702234297990799, 0.048615433275699615, 0.04026820883154869, 0.02444092370569706, 0.020793739706277847, 0.01794697530567646, 0.01506089884787798, 0.014565368182957172, 0.012872537598013878, 0.011723649688065052, 0.011579417623579502, 0.01094408705830574, 0.010602972470223904, 0.010272105224430561, 0.009886836633086205, 0.010082603432238102, 0.009738707914948463, 0.009645523503422737, 0.009423326700925827, 0.009406165219843388, 0.009310190565884113, 0.009249720722436905, 0.009122691117227077, 0.009022032842040062, 0.008907528594136238, 0.008840134367346764, 0.008734465576708317, 0.008686511777341366, 0.00859908014535904, 0.008560704067349434, 0.008516121655702591], "val_loss": [0.017616404220461845, 0.04000011458992958, 0.0073334043845534325, 0.019299600273370743, 0.011477620340883732, 0.013786992989480495, 0.007849782705307007, 0.006311688106507063, 0.005512499716132879, 0.0055556767620146275, 0.005762183107435703, 0.005740282125771046, 0.005228671710938215, 0.005086442921310663, 0.004859001841396093, 0.004682281520217657, 0.0047490703873336315, 0.004817313514649868, 0.004765097517520189, 0.004644101019948721, 0.004593645688146353, 0.004612783435732126, 0.004673927556723356, 0.004707644693553448, 0.004701120778918266, 0.0047282627783715725, 0.004759308882057667, 0.004758900962769985, 0.0047848704271018505, 0.004786847159266472, 0.004762205295264721, 0.004775246139615774]}