{"loss": [0.38242876529693604, 0.033211756497621536, 0.02301783300936222, 0.014735891483724117, 0.010978701524436474, 0.00889968778938055, 0.00625282758846879, 0.004510585218667984, 0.004093519877642393, 0.0031063214410096407, 0.0027565325144678354, 0.0024113189429044724, 0.002109896158799529, 0.0017686975188553333, 0.0015571712283417583, 0.001365615171380341, 0.001233746763318777, 0.0011182194575667381, 0.0010244554141536355, 0.0009496597922407091, 0.0008516081143170595, 0.0007909173727966845, 0.0007436852902173996, 0.0006778622046113014, 0.0006178796174935997, 0.0005491111078299582, 0.0005081405979581177, 0.00046440234291367233, 0.0004275456303730607, 0.0003980554174631834, 0.0003785221779253334, 0.0003878559509757906], "val_loss": [0.01692493073642254, 0.13967272639274597, 0.05880095437169075, 0.008774504996836185, 0.00890639703720808, 0.02743186056613922, 0.023297756910324097, 0.016694605350494385, 0.015469145029783249, 0.0195723008364439, 0.007537302561104298, 0.009534078650176525, 0.012933428399264812, 0.00973846111446619, 0.008834605105221272, 0.009716296568512917, 0.009082918055355549, 0.0063516865484416485, 0.006922806613147259, 0.0063518802635371685, 0.009333247318863869, 0.00956001877784729, 0.010145189240574837, 0.009257136844098568, 0.008268406614661217, 0.007757441606372595, 0.007088516838848591, 0.007379126735031605, 0.007505549117922783, 0.008371593430638313, 0.009163197129964828, 0.010210670530796051]}