{"loss": [0.36475199460983276, 0.07075909525156021, 0.03959275037050247, 0.02819572016596794, 0.019800979644060135, 0.017650997266173363, 0.0161174014210701, 0.013406052254140377, 0.011818229220807552, 0.011517314240336418, 0.011527000926434994, 0.010525607503950596, 0.01055387407541275, 0.0107913538813591, 0.010259220376610756, 0.010121859610080719, 0.010307354852557182, 0.010221072472631931, 0.009933234192430973, 0.0099486093968153, 0.010016711428761482, 0.009953513741493225, 0.009865623898804188, 0.009843508712947369, 0.009791352786123753, 0.009734001010656357, 0.009714409708976746, 0.0096879368647933, 0.00963699072599411, 0.00959768332540989, 0.009579412639141083, 0.00951505359262228], "val_loss": [0.02321029268205166, 0.007971622049808502, 0.006841623689979315, 0.013754169456660748, 0.00705281225964427, 0.016569269821047783, 0.005953168962150812, 0.00882330909371376, 0.00626201881095767, 0.005788777954876423, 0.00860034953802824, 0.005911102518439293, 0.0060989875346422195, 0.006782359443604946, 0.006593884434551001, 0.006139463745057583, 0.006139096803963184, 0.006501697935163975, 0.00633498840034008, 0.006190694868564606, 0.006195996422320604, 0.00622408464550972, 0.006261705886572599, 0.006432537455111742, 0.006543606054037809, 0.0064898463897407055, 0.006449523381888866, 0.006408826448023319, 0.006411605514585972, 0.006481771357357502, 0.00663808174431324, 0.006885815877467394]}