{"loss": [3.851353883743286, 0.30838558077812195, 0.25442343950271606, 0.22634795308113098, 0.17765745520591736, 0.15461599826812744, 0.11113579571247101, 0.05641109123826027, 0.04458857327699661, 0.03224481642246246, 0.025944339111447334, 0.029193392023444176, 0.04738729074597359, 0.030427396297454834, 0.02359180897474289, 0.020713431760668755, 0.01811656914651394, 0.016513314098119736, 0.016320478171110153, 0.011854220181703568, 0.009263603948056698, 0.010404730215668678, 0.007701871916651726, 0.016871539875864983, 0.026659132912755013, 0.016201166436076164, 0.014621065929532051, 0.011917449533939362, 0.010441111400723457, 0.009114008396863937, 0.007515298202633858, 0.006531491409987211], "val_loss": [0.8647242784500122, 0.7307533025741577, 0.8347837924957275, 0.7490025162696838, 0.553692102432251, 0.415119469165802, 0.25289177894592285, 0.17304296791553497, 0.12676531076431274, 0.1469874531030655, 0.15856137871742249, 0.1902681142091751, 0.14562521874904633, 0.1502116322517395, 0.16067387163639069, 0.14578209817409515, 0.11194442212581635, 0.10559803992509842, 0.11617269366979599, 0.09316898882389069, 0.08253373205661774, 0.07909315079450607, 0.07166372239589691, 0.08319152891635895, 0.08694237470626831, 0.08819913864135742, 0.09660863131284714, 0.09600766748189926, 0.07740200310945511, 0.07531923055648804, 0.07657001167535782, 0.07551829516887665]}