{"loss": [0.2214236855506897, 0.03128933161497116, 0.0170701052993536, 0.011939536780118942, 0.00837616715580225, 0.005995351821184158, 0.009838873520493507, 0.00657032011076808, 0.005827637854963541, 0.0069512613117694855, 0.005657890345901251, 0.004704129416495562, 0.00470375083386898, 0.004457280971109867, 0.004102570470422506, 0.0036053007934242487, 0.003311522537842393, 0.0032264047767966986, 0.0030639388132840395, 0.002990362234413624, 0.0028229178860783577, 0.0028107461985200644, 0.002719252137467265, 0.0026700396556407213, 0.0025788135826587677, 0.002547601703554392, 0.0024671945720911026, 0.0024128577206283808, 0.0023612964432686567, 0.0023023171816021204, 0.0022680226247757673, 0.002201702445745468], "val_loss": [0.2795163094997406, 0.45219844579696655, 0.11554545164108276, 0.06834212690591812, 0.07433219254016876, 0.2948141396045685, 0.12939958274364471, 0.23657311499118805, 0.046315498650074005, 0.2929465174674988, 0.08700964599847794, 0.2746071517467499, 0.05204619839787483, 0.15934722125530243, 0.09805914759635925, 0.1561519056558609, 0.11963234096765518, 0.14468316733837128, 0.12988832592964172, 0.1667034924030304, 0.12696686387062073, 0.1734171062707901, 0.13655418157577515, 0.17582820355892181, 0.14810819923877716, 0.17763717472553253, 0.1643870621919632, 0.17428256571292877, 0.17735643684864044, 0.18018004298210144, 0.18536704778671265, 0.1938604712486267]}