{"loss": [3.397616386413574, 0.28859642148017883, 0.12915562093257904, 0.06401204317808151, 0.03215461224317551, 0.022814227268099785, 0.02434079721570015, 0.019635537639260292, 0.01890064775943756, 0.017755677923560143, 0.016257397830486298, 0.039741598069667816, 0.02262183651328087, 0.020889222621917725, 0.021343689411878586, 0.01706770248711109, 0.017366863787174225, 0.014389190822839737, 0.012340039014816284, 0.01075867097824812, 0.00903953518718481, 0.010429281741380692, 0.00720999063923955, 0.008247191086411476, 0.016401296481490135, 0.014288383536040783, 0.012622351758182049, 0.015133965760469437, 0.012539791874587536, 0.0085606649518013, 0.010211870074272156, 0.008053883910179138], "val_loss": [0.3461431860923767, 0.027507353574037552, 0.03277027979493141, 0.03344859927892685, 0.03517165407538414, 0.020529814064502716, 0.022130033001303673, 0.031003279611468315, 0.01953958161175251, 0.017879584804177284, 0.0361064150929451, 0.02959885261952877, 0.036925554275512695, 0.07097626477479935, 0.031411636620759964, 0.053271181881427765, 0.013483223505318165, 0.016102062538266182, 0.043672237545251846, 0.012389468960464, 0.03459257632493973, 0.011966433376073837, 0.030403094366192818, 0.012492178939282894, 0.008323577232658863, 0.01476234756410122, 0.013543047942221165, 0.009674242697656155, 0.007842940278351307, 0.01872745156288147, 0.009638860821723938, 0.005388140678405762]}