{"loss": [0.28962329030036926, 0.08173011243343353, 0.0240998063236475, 0.005691205617040396, 0.011392112821340561, 0.008333854377269745, 0.004968344699591398, 0.00497779855504632, 0.0036619945894926786, 0.0037606244441121817, 0.0038814563304185867, 0.0030635304283350706, 0.0025555966421961784, 0.002320624655112624, 0.001946328324265778, 0.0018141778418794274, 0.0015801386907696724, 0.0012279092334210873, 0.0010218584211543202, 0.0008023566915653646, 0.0006647136178798974, 0.00046920147724449635, 0.0003293582994956523, 0.00022927987447474152, 0.0001866132952272892, 0.000157758011482656, 0.00015109045489225537, 0.00015387099119834602, 0.00014177440607454628, 0.00012615123705472797, 0.00011038053344236687, 9.5737399533391e-05], "val_loss": [0.1671576052904129, 0.28115078806877136, 0.1184023767709732, 0.08668797463178635, 0.0859878733754158, 0.09316322952508926, 0.11715113371610641, 0.15946274995803833, 0.20963634550571442, 0.23772019147872925, 0.2311176210641861, 0.20665131509304047, 0.18709924817085266, 0.18330878019332886, 0.19281858205795288, 0.20797771215438843, 0.22519265115261078, 0.24649553000926971, 0.2712867558002472, 0.2896163761615753, 0.2916300296783447, 0.2830781042575836, 0.2775670289993286, 0.2769031524658203, 0.2772582173347473, 0.28113630414009094, 0.2839421331882477, 0.28014278411865234, 0.2760632336139679, 0.27229511737823486, 0.26885077357292175, 0.2672005295753479]}