{"loss": [0.32444876432418823, 0.05790068209171295, 0.03892182558774948, 0.030769769102334976, 0.022601721808314323, 0.019922787323594093, 0.0160945113748312, 0.016276855021715164, 0.013658546842634678, 0.013877222314476967, 0.013345910236239433, 0.01261515635997057, 0.012747460976243019, 0.01209438219666481, 0.012428833171725273, 0.011936432681977749, 0.012105917558073997, 0.011737377382814884, 0.011946553364396095, 0.011592244729399681, 0.011747202835977077, 0.01154123805463314, 0.011582547798752785, 0.011442438699305058, 0.011435729451477528, 0.011425044387578964, 0.01126697938889265, 0.011320737190544605, 0.01122716348618269, 0.011208487674593925, 0.01126661617308855, 0.011153774335980415], "val_loss": [0.05993017181754112, 0.05634303018450737, 0.06444757431745529, 0.028345515951514244, 0.027661578729748726, 0.029575364664196968, 0.024811720475554466, 0.038858987390995026, 0.02191796898841858, 0.028588077053427696, 0.021555908024311066, 0.021510004997253418, 0.02115125209093094, 0.020728297531604767, 0.022051289677619934, 0.02097131870687008, 0.022734373807907104, 0.02148260734975338, 0.02182505652308464, 0.02126437798142433, 0.021321851760149002, 0.021414263173937798, 0.021202698349952698, 0.021858125925064087, 0.02129415236413479, 0.02177335135638714, 0.02148638479411602, 0.02170407772064209, 0.022335631772875786, 0.021809136494994164, 0.022055083885788918, 0.02287786826491356]}