{"loss": [1.861838698387146, 0.2746812403202057, 0.10544004291296005, 0.14404042065143585, 0.1357860267162323, 0.09077645093202591, 0.07390504330396652, 0.05126045271754265, 0.03746107593178749, 0.025566456839442253, 0.020579781383275986, 0.022252056747674942, 0.02337629906833172, 0.02242395654320717, 0.01822168380022049, 0.016238676384091377, 0.015597250312566757, 0.014805234968662262, 0.013081363402307034, 0.011085575446486473, 0.013620417565107346, 0.013010012917220592, 0.01069158036261797, 0.011326882056891918, 0.013335684314370155, 0.013959100469946861, 0.012485838495194912, 0.012624898925423622, 0.011109407991170883, 0.012133544310927391, 0.00946503970772028, 0.008941511623561382], "val_loss": [0.2765669524669647, 0.11334697157144547, 0.46009746193885803, 0.34055182337760925, 0.12053928524255753, 0.12885674834251404, 0.09838410466909409, 0.06105918809771538, 0.07269550859928131, 0.05986414849758148, 0.07773786783218384, 0.07765369117259979, 0.07667101919651031, 0.06734835356473923, 0.03791744261980057, 0.05517137795686722, 0.03907564654946327, 0.042820658534765244, 0.04202155023813248, 0.027496065944433212, 0.04919800907373428, 0.05195685476064682, 0.0739411860704422, 0.04405612498521805, 0.043084755539894104, 0.0771266371011734, 0.028065135702490807, 0.03560668230056763, 0.035720519721508026, 0.03390256315469742, 0.02570975385606289, 0.018156196922063828]}