{"loss": [0.4371449947357178, 0.11631763726472855, 0.050537317991256714, 0.029475906863808632, 0.02589966170489788, 0.01921742968261242, 0.011067035607993603, 0.009472488425672054, 0.008746134117245674, 0.005029179621487856, 0.00552388047799468, 0.004773103166371584, 0.003094199812039733, 0.0029993336647748947, 0.0028227667789906263, 0.002353472402319312, 0.0019109761342406273, 0.0017537431558594108, 0.0015851316275075078, 0.0013563557295128703, 0.001101084635592997, 0.0010140346130356193, 0.0008744844235479832, 0.0007716122199781239, 0.0006856070249341428, 0.00059709936613217, 0.0005414665793068707, 0.00047171153710223734, 0.00043220308725722134, 0.0003922805190086365, 0.00035497534554451704, 0.00032714614644646645], "val_loss": [0.24777831137180328, 0.28332406282424927, 0.11080777645111084, 0.16637183725833893, 0.04969770833849907, 0.10644711554050446, 0.08497665822505951, 0.06570548564195633, 0.03701232746243477, 0.06193559244275093, 0.03553512319922447, 0.036142971366643906, 0.028737898916006088, 0.031242836266756058, 0.028073491528630257, 0.031948521733284, 0.0229196697473526, 0.02254522405564785, 0.019050555303692818, 0.01762067899107933, 0.018779026344418526, 0.013460797257721424, 0.01379657257348299, 0.011153174564242363, 0.012458249926567078, 0.010701999999582767, 0.010105920024216175, 0.010523766279220581, 0.009131968952715397, 0.009518079459667206, 0.008817555382847786, 0.008426603861153126]}