{"loss": [0.3078959882259369, 0.05509374290704727, 0.03087005391716957, 0.02235248312354088, 0.01576077938079834, 0.013653179630637169, 0.012904247269034386, 0.011963596567511559, 0.010556419380009174, 0.009866829961538315, 0.009564132429659367, 0.009440414607524872, 0.008901718072593212, 0.008513862267136574, 0.008446481078863144, 0.008640156127512455, 0.008532259613275528, 0.008286966010928154, 0.008005834184587002, 0.008159641176462173, 0.008278335444629192, 0.008224239572882652, 0.00796855054795742, 0.007818174548447132, 0.007934906519949436, 0.008051794022321701, 0.008002404123544693, 0.007829129695892334, 0.007698016241192818, 0.00771142914891243, 0.0077615524642169476, 0.007760145701467991], "val_loss": [0.013141857460141182, 0.012351173907518387, 0.012051785364747047, 0.012890824116766453, 0.009454130195081234, 0.009470449760556221, 0.009254101663827896, 0.008290967904031277, 0.008696125820279121, 0.009771054610610008, 0.008570509031414986, 0.008366330526769161, 0.009161737747490406, 0.010795656591653824, 0.00931568443775177, 0.008295577019453049, 0.00821460410952568, 0.00925846491008997, 0.00954036507755518, 0.008623150177299976, 0.008141863159835339, 0.008380217477679253, 0.00900417659431696, 0.008863706141710281, 0.008350907824933529, 0.008199932985007763, 0.008371570147573948, 0.008561990223824978, 0.008498786017298698, 0.00840732455253601, 0.008385426364839077, 0.008368058130145073]}