{"loss": [1.9601529836654663, 0.42656010389328003, 0.25545305013656616, 0.15913842618465424, 0.17590296268463135, 0.12602733075618744, 0.09328024834394455, 0.061257533729076385, 0.04096635431051254, 0.02543230541050434, 0.02100466564297676, 0.0237511545419693, 0.019778715446591377, 0.015091822482645512, 0.01899266615509987, 0.010801535099744797, 0.010746648535132408, 0.008443532511591911, 0.008417939767241478, 0.006412312388420105, 0.006582018919289112, 0.011263412423431873, 0.025424903258681297, 0.018892284482717514, 0.017921101301908493, 0.016813967376947403, 0.016464795917272568, 0.014301326125860214, 0.009935250505805016, 0.011131009086966515, 0.0075929732993245125, 0.011278266087174416], "val_loss": [0.9551588296890259, 0.07652256637811661, 0.3572317361831665, 0.0810449942946434, 0.2135932296514511, 0.0772867500782013, 0.09232119470834732, 0.02579180710017681, 0.015004555694758892, 0.019825231283903122, 0.05797547101974487, 0.016784323379397392, 0.015472152270376682, 0.021125605329871178, 0.009763932786881924, 0.022358184680342674, 0.004602269269526005, 0.011093457229435444, 0.008497465401887894, 0.019562067463994026, 0.004417368210852146, 0.008878320455551147, 0.007255428470671177, 0.016280490905046463, 0.006432404275983572, 0.018886664882302284, 0.023454660549759865, 0.007654867600649595, 0.029119910672307014, 0.006992443464696407, 0.01992209441959858, 0.012820269912481308]}