{"loss": [0.25499096512794495, 0.10030727833509445, 0.04399855434894562, 0.03698422759771347, 0.024520857259631157, 0.020614976063370705, 0.016198743134737015, 0.013763162307441235, 0.013786341063678265, 0.011878054589033127, 0.01023472286760807, 0.010080796666443348, 0.009035054594278336, 0.00812719576060772, 0.007945198565721512, 0.007567431777715683, 0.007086940575391054, 0.006684858351945877, 0.006098535377532244, 0.005775103811174631, 0.005335740279406309, 0.005021392833441496, 0.004614497534930706, 0.004204548895359039, 0.0038147103041410446, 0.003450469346717, 0.003118716413155198, 0.002760779345408082, 0.0024472454097121954, 0.002171116415411234, 0.0018883972661569715, 0.0016666948795318604], "val_loss": [0.1294000893831253, 0.0492410771548748, 0.0699831172823906, 0.03025730326771736, 0.029310407117009163, 0.026236556470394135, 0.019810179248452187, 0.021024581044912338, 0.020273620262742043, 0.022319646552205086, 0.018841447308659554, 0.017544232308864594, 0.01526600494980812, 0.013837499544024467, 0.013142913579940796, 0.013892091810703278, 0.013579845428466797, 0.012890045531094074, 0.011700118891894817, 0.011552903801202774, 0.010764200240373611, 0.010684862732887268, 0.01017928309738636, 0.009411565028131008, 0.009372515603899956, 0.008521129377186298, 0.008437001146376133, 0.008177600800991058, 0.007796303369104862, 0.007599640171974897, 0.007464847527444363, 0.0072610448114573956]}