{"loss": [0.31260624527931213, 0.0724678784608841, 0.04635733366012573, 0.02949780970811844, 0.026782846078276634, 0.021903757005929947, 0.021870534867048264, 0.019594181329011917, 0.019069567322731018, 0.017422372475266457, 0.017533598467707634, 0.01715267263352871, 0.01690169982612133, 0.016761815175414085, 0.01685299538075924, 0.01638888567686081, 0.016333572566509247, 0.016306640580296516, 0.01612068898975849, 0.016042612493038177, 0.01595938578248024, 0.015894848853349686, 0.01568041928112507, 0.015470444224774837, 0.015389794483780861, 0.015288811177015305, 0.015102713368833065, 0.014897899702191353, 0.01472865603864193, 0.014582240954041481, 0.014468668028712273, 0.014350980520248413], "val_loss": [0.04246959835290909, 0.04600271210074425, 0.02944604493677616, 0.01736191287636757, 0.007734899874776602, 0.010205280035734177, 0.012601525522768497, 0.01455195713788271, 0.00910043716430664, 0.012918681837618351, 0.008764808997511864, 0.008290940895676613, 0.009020598605275154, 0.010824514552950859, 0.008541744202375412, 0.009372793138027191, 0.010163228027522564, 0.009521611966192722, 0.012379148043692112, 0.014553336426615715, 0.016199728474020958, 0.017484702169895172, 0.02041262574493885, 0.02583281509578228, 0.032016001641750336, 0.035461798310279846, 0.0385260283946991, 0.04310151934623718, 0.04613171145319939, 0.052693095058202744, 0.05481724068522453, 0.05693100765347481]}