{"loss": [1.7957595586776733, 0.5382675528526306, 0.33635005354881287, 0.3410126268863678, 0.30487510561943054, 0.29645419120788574, 0.2869318425655365, 0.27453547716140747, 0.2772047817707062, 0.267630934715271, 0.251924067735672, 0.23422300815582275, 0.2173076570034027, 0.1992049366235733, 0.176144078373909, 0.1431477665901184, 0.1464003324508667, 0.11408385634422302, 0.09389857202768326, 0.10434694588184357, 0.09580885618925095, 0.0788474902510643, 0.05980977416038513, 0.05781925469636917, 0.05596843361854553, 0.05553053691983223, 0.043745748698711395, 0.04612797498703003, 0.03991023823618889, 0.028583798557519913, 0.03261863440275192, 0.03669014573097229], "val_loss": [1.1486868858337402, 0.060224637389183044, 0.20141762495040894, 0.15860463678836823, 0.04193099960684776, 0.020457550883293152, 0.05694308131933212, 0.024977294728159904, 0.014882930554449558, 0.023589717224240303, 0.009766521863639355, 0.01223615650087595, 0.005110263824462891, 0.010960531421005726, 0.01090298406779766, 0.012299144640564919, 0.009997249580919743, 0.011393414810299873, 0.00680566905066371, 0.011663364246487617, 0.0071166218258440495, 0.005104612559080124, 0.006249513942748308, 0.048140328377485275, 0.05923088267445564, 0.0315561480820179, 0.01580025814473629, 0.0184648260474205, 0.01612089015543461, 0.012997300364077091, 0.021127263084053993, 0.02017734758555889]}