{"loss": [0.47267448902130127, 0.2079009860754013, 0.08340319991111755, 0.041611265391111374, 0.03456417843699455, 0.02236967347562313, 0.015536226332187653, 0.016761085018515587, 0.010611428879201412, 0.00955736730247736, 0.008945048786699772, 0.007956759072840214, 0.006989178713411093, 0.006489884108304977, 0.005794397089630365, 0.005216716323047876, 0.005012002307921648, 0.004458335693925619, 0.00420283293351531, 0.0038656697142869234, 0.003494744887575507, 0.0032986169680953026, 0.003005068749189377, 0.0027699817437678576, 0.002574019366875291, 0.002379073528572917, 0.0022013310808688402, 0.0020433294121176004, 0.0018935729749500751, 0.0017611202783882618, 0.0016424475470557809, 0.0015455642715096474], "val_loss": [0.24361597001552582, 0.07676240801811218, 0.09523604065179825, 0.04174492880702019, 0.0300943311303854, 0.014207829721271992, 0.021241072565317154, 0.012097385711967945, 0.008805775083601475, 0.01484279427677393, 0.011622020974755287, 0.008020181208848953, 0.009947006590664387, 0.006679032929241657, 0.006598902866244316, 0.006498459726572037, 0.004888784606009722, 0.006389959715306759, 0.004334503319114447, 0.0043100519105792046, 0.0036669750697910786, 0.003240684513002634, 0.0031585549004375935, 0.0027430241461843252, 0.002506901975721121, 0.0020327921956777573, 0.0019413140835240483, 0.0017216705018654466, 0.0016611356986686587, 0.0014872815227136016, 0.0013885211665183306, 0.0013174554333090782]}