{"loss": [0.26392146944999695, 0.053245823830366135, 0.029748931527137756, 0.018209580332040787, 0.016093341633677483, 0.012165414169430733, 0.013027641922235489, 0.010289257392287254, 0.010359504260122776, 0.009198727086186409, 0.008355982601642609, 0.008094964548945427, 0.007558583281934261, 0.008108258247375488, 0.007762686815112829, 0.008016034960746765, 0.007642567157745361, 0.007577415090054274, 0.007453142665326595, 0.00746211688965559, 0.007541511207818985, 0.0075787948444485664, 0.0076703643426299095, 0.007598566822707653, 0.007538289297372103, 0.0073543936014175415, 0.00730827497318387, 0.007235399447381496, 0.00735115259885788, 0.0074326591566205025, 0.007622893899679184, 0.00760382367298007], "val_loss": [0.2693922817707062, 0.07508205622434616, 0.06137467920780182, 0.036712512373924255, 0.02432224527001381, 0.07446075230836868, 0.018086448311805725, 0.034457866102457047, 0.011691522784531116, 0.013416863977909088, 0.013583522289991379, 0.011245430447161198, 0.01875290833413601, 0.011827195063233376, 0.01875469833612442, 0.012941527180373669, 0.01624639332294464, 0.015069973655045033, 0.016432980075478554, 0.016635965555906296, 0.016585122793912888, 0.01766892895102501, 0.01690465770661831, 0.017534546554088593, 0.01627606898546219, 0.017242245376110077, 0.016741851344704628, 0.01826602965593338, 0.01771538332104683, 0.019025122746825218, 0.017749672755599022, 0.01759757287800312]}