{"loss": [0.5642571449279785, 0.09767159074544907, 0.04835498705506325, 0.036403462290763855, 0.031667280942201614, 0.019715791568160057, 0.018253689631819725, 0.012746100313961506, 0.010344229638576508, 0.009652682580053806, 0.007383233401924372, 0.006646905094385147, 0.005995210725814104, 0.004678237717598677, 0.004398314282298088, 0.003750838106498122, 0.003483891487121582, 0.003000427270308137, 0.002735665999352932, 0.0024946716148406267, 0.0022425649221986532, 0.002060948172584176, 0.0018475241959095001, 0.0016939257038757205, 0.00153359305113554, 0.0013841654872521758, 0.0012597512686625123, 0.0011456492356956005, 0.0010443755891174078, 0.0009508063085377216, 0.0008607392082922161, 0.0007940091309137642], "val_loss": [0.021944807842373848, 0.029849331825971603, 0.04795776307582855, 0.03284044563770294, 0.01727396436035633, 0.028235822916030884, 0.01151282712817192, 0.014819515869021416, 0.008197130635380745, 0.008233561180531979, 0.01095711998641491, 0.009810712188482285, 0.00964256189763546, 0.01110025029629469, 0.007930097170174122, 0.009511364623904228, 0.008585460484027863, 0.006437923759222031, 0.006576485466212034, 0.004703914746642113, 0.005175350233912468, 0.004207218065857887, 0.004223280120640993, 0.0039110342040658, 0.003759787417948246, 0.003741525812074542, 0.0035031370352953672, 0.0034231257159262896, 0.003185960929840803, 0.003070265520364046, 0.0029169076588004827, 0.0028761927969753742]}