{"loss": [2.44486927986145, 0.5323306322097778, 0.1638297587633133, 0.09383624792098999, 0.07557053864002228, 0.06432011723518372, 0.05603191256523132, 0.05366988852620125, 0.060962527990341187, 0.058727361261844635, 0.03471379354596138, 0.0354163832962513, 0.030590100213885307, 0.024445217102766037, 0.027243101969361305, 0.026142101734876633, 0.02281292900443077, 0.018420059233903885, 0.01667160913348198, 0.016117071732878685, 0.014685913920402527, 0.011462775990366936, 0.009299850091338158, 0.008895187638700008, 0.007599506992846727, 0.006290464662015438, 0.0067810965701937675, 0.005900665186345577, 0.008399976417422295, 0.014278354123234749, 0.01750938780605793, 0.010396365076303482], "val_loss": [1.1517006158828735, 0.5006468296051025, 0.3504236936569214, 0.2814941108226776, 0.23708222806453705, 0.14009080827236176, 0.07256258279085159, 0.1439647376537323, 0.10242564231157303, 0.12246717512607574, 0.21083268523216248, 0.1778876632452011, 0.16996139287948608, 0.21845149993896484, 0.1973513513803482, 0.16181209683418274, 0.15845061838626862, 0.1465671807527542, 0.15073129534721375, 0.1446673423051834, 0.13002799451351166, 0.11674188077449799, 0.11594954878091812, 0.11396453529596329, 0.10392679274082184, 0.10022574663162231, 0.09349267929792404, 0.1014033630490303, 0.07298895716667175, 0.12524542212486267, 0.10064370930194855, 0.05048813298344612]}