{"loss": [2.7874670028686523, 0.30602532625198364, 0.2053232192993164, 0.08603662997484207, 0.04293332248926163, 0.028192423284053802, 0.023111656308174133, 0.017192155122756958, 0.016073256731033325, 0.01375586073845625, 0.012178332544863224, 0.009079266339540482, 0.008310479111969471, 0.006894746329635382, 0.006414196919649839, 0.006095191463828087, 0.005745347589254379, 0.005217823665589094, 0.004627184011042118, 0.004444274585694075, 0.004313056822866201, 0.004074553959071636, 0.004028296563774347, 0.004005150403827429, 0.00396734569221735, 0.0036171830724924803, 0.0032798154279589653, 0.003059563459828496, 0.002827245509251952, 0.002751763677224517, 0.0028179683722555637, 0.004044714383780956], "val_loss": [1.2630963325500488, 1.0282201766967773, 1.0215625762939453, 1.0075148344039917, 1.1394941806793213, 1.2407485246658325, 1.2025848627090454, 1.130583643913269, 1.061502456665039, 1.042508840560913, 1.0520719289779663, 1.0777090787887573, 1.091501235961914, 1.0970739126205444, 1.1166402101516724, 1.1547216176986694, 1.1764463186264038, 1.1745482683181763, 1.1764973402023315, 1.1761889457702637, 1.1733044385910034, 1.187276840209961, 1.1833280324935913, 1.1968727111816406, 1.194175124168396, 1.192546010017395, 1.1913232803344727, 1.1892192363739014, 1.2034907341003418, 1.1722207069396973, 1.235817551612854, 1.1047804355621338]}