{"loss": [0.29877883195877075, 0.05522260069847107, 0.03511227294802666, 0.03461972624063492, 0.02353319525718689, 0.02075306698679924, 0.01964261569082737, 0.016571499407291412, 0.017151160165667534, 0.016490546986460686, 0.015382437035441399, 0.016056710854172707, 0.014921562746167183, 0.015449000522494316, 0.015049712732434273, 0.014978552237153053, 0.014903891831636429, 0.014750279486179352, 0.014713766053318977, 0.014655286446213722, 0.014530479907989502, 0.01447989046573639, 0.01439516618847847, 0.01433512382209301, 0.014266056939959526, 0.014179309830069542, 0.01409081369638443, 0.014037943445146084, 0.013915639370679855, 0.013857979327440262, 0.013748404569923878, 0.013646834529936314], "val_loss": [0.5584768056869507, 0.10959842801094055, 0.2070804387331009, 0.06951437145471573, 0.11548320204019547, 0.05508344620466232, 0.16665148735046387, 0.07384687662124634, 0.14809753000736237, 0.12476424872875214, 0.12383612245321274, 0.15254002809524536, 0.11846204102039337, 0.14185720682144165, 0.14048603177070618, 0.13044095039367676, 0.15020813047885895, 0.13901503384113312, 0.16362352669239044, 0.155068039894104, 0.1673765331506729, 0.16606156527996063, 0.17663398385047913, 0.1816621571779251, 0.18586936593055725, 0.19403326511383057, 0.1991066187620163, 0.20598261058330536, 0.21340471506118774, 0.21996714174747467, 0.22958119213581085, 0.23756906390190125]}