{"loss": [0.3613039553165436, 0.0998515859246254, 0.02428393065929413, 0.012015193700790405, 0.014307086355984211, 0.0059583610855042934, 0.005186323542147875, 0.004182829987257719, 0.002298558596521616, 0.002445325255393982, 0.0022839356679469347, 0.001416882500052452, 0.0014367839321494102, 0.001384533941745758, 0.0010192029876634479, 0.0009789200266823173, 0.0009327643201686442, 0.000773654377553612, 0.0007444466464221478, 0.0006943666376173496, 0.0006382722058333457, 0.0006182873039506376, 0.0005788055132143199, 0.0005560961435548961, 0.0005435151397250593, 0.000516987987793982, 0.0005055554793216288, 0.0004885396338067949, 0.0004696428368333727, 0.0004623210115823895, 0.0004443670331966132, 0.0004315021215006709], "val_loss": [1.0296424627304077, 0.6129099130630493, 0.5406724214553833, 0.4402463138103485, 0.3146025538444519, 0.3835678696632385, 0.3324616551399231, 0.3197639584541321, 0.3224020302295685, 0.30594420433044434, 0.3352702856063843, 0.38348445296287537, 0.36168360710144043, 0.3589240610599518, 0.3340393602848053, 0.29679515957832336, 0.2966996133327484, 0.30672284960746765, 0.3094300925731659, 0.3177259862422943, 0.316502183675766, 0.3088235855102539, 0.31355714797973633, 0.31670039892196655, 0.31352609395980835, 0.31245988607406616, 0.3088488280773163, 0.3109131157398224, 0.3176073133945465, 0.3169606328010559, 0.3157886862754822, 0.31567779183387756]}