{"loss": [2.3573997020721436, 0.3037286102771759, 0.12776541709899902, 0.10148048400878906, 0.048864178359508514, 0.053589001297950745, 0.03649726137518883, 0.02707815356552601, 0.030208837240934372, 0.02130643092095852, 0.018872717395424843, 0.022653598338365555, 0.020926009863615036, 0.024162424728274345, 0.01791701652109623, 0.015517479740083218, 0.013219418935477734, 0.012586391530930996, 0.011642071418464184, 0.012054262682795525, 0.017534930258989334, 0.016409901902079582, 0.017314309254288673, 0.01764211244881153, 0.017277579754590988, 0.01793345995247364, 0.017742447555065155, 0.01583014242351055, 0.015509046614170074, 0.016306208446621895, 0.01637733355164528, 0.014629057608544827], "val_loss": [0.29165118932724, 0.658261775970459, 1.5471857786178589, 0.33993852138519287, 0.027172960340976715, 0.1796872615814209, 0.6344223618507385, 0.5380036234855652, 0.24125561118125916, 0.2337968796491623, 0.4086308479309082, 0.38510003685951233, 0.26121100783348083, 0.30362093448638916, 0.415852427482605, 0.34611594676971436, 0.3558434844017029, 0.3860374391078949, 0.40241342782974243, 0.4394858479499817, 0.3806069791316986, 0.23959898948669434, 0.4962615668773651, 0.4016140103340149, 0.29374322295188904, 0.32447680830955505, 0.3308506906032562, 0.3815107047557831, 0.4854934811592102, 0.3288814127445221, 0.25713714957237244, 0.40445902943611145]}