{"loss": [0.4688173830509186, 0.1530008167028427, 0.06885356456041336, 0.04533190652728081, 0.029138527810573578, 0.02690875716507435, 0.02135024406015873, 0.01970594935119152, 0.016574187204241753, 0.014330998994410038, 0.012937110848724842, 0.010888303630053997, 0.01035086065530777, 0.009234732016921043, 0.008267496712505817, 0.007511040195822716, 0.006882205605506897, 0.006019329186528921, 0.005465246737003326, 0.004814617335796356, 0.0042209746316075325, 0.0036866844166070223, 0.003254507901147008, 0.0029824913945049047, 0.0026593890506774187, 0.002242408460006118, 0.001947253942489624, 0.001755440142005682, 0.0016484326915815473, 0.0015429261839017272, 0.0013879411853849888, 0.0012449829373508692], "val_loss": [0.04440811648964882, 0.027785474434494972, 0.022620148956775665, 0.011120330542325974, 0.007949348539113998, 0.007688094861805439, 0.010292156599462032, 0.008727607317268848, 0.00830753706395626, 0.008933838456869125, 0.006876126863062382, 0.005914372391998768, 0.005873715505003929, 0.006015284452587366, 0.005267925560474396, 0.0054768663831055164, 0.005273238755762577, 0.004886440467089415, 0.00498533807694912, 0.004604970570653677, 0.004118446260690689, 0.004146284889429808, 0.003974109422415495, 0.003626111429184675, 0.003389590885490179, 0.002977353986352682, 0.0027571418322622776, 0.0026126462034881115, 0.002441863063722849, 0.0022545475512742996, 0.0019185704877600074, 0.0016915085725486279]}