{"loss": [0.27852144837379456, 0.061294667422771454, 0.0330541655421257, 0.030667752027511597, 0.019527427852153778, 0.012417112477123737, 0.009908830747008324, 0.007310356479138136, 0.006180197931826115, 0.0050455667078495026, 0.005183233879506588, 0.0059330216608941555, 0.005759489722549915, 0.005121597088873386, 0.00507074361667037, 0.004434572998434305, 0.004193913657218218, 0.003765863599255681, 0.003760013496503234, 0.0034287110902369022, 0.0034630210138857365, 0.003420856548473239, 0.003155376994982362, 0.003181234933435917, 0.003133924677968025, 0.002985595026984811, 0.0030191424302756786, 0.002984983380883932, 0.002859713276848197, 0.002872438868507743, 0.002860965672880411, 0.0027724821120500565], "val_loss": [0.04001908749341965, 0.16792137920856476, 0.1642785370349884, 0.3375834822654724, 0.056080304086208344, 0.1985517144203186, 0.03093278966844082, 0.05443932116031647, 0.018423518165946007, 0.05559099465608597, 0.053791794925928116, 0.054021600633859634, 0.02467922680079937, 0.07146812975406647, 0.021541612222790718, 0.039576414972543716, 0.017866957932710648, 0.013544189743697643, 0.019483346492052078, 0.012274124659597874, 0.013041839003562927, 0.01788526400923729, 0.014115921221673489, 0.017263539135456085, 0.01934308558702469, 0.01687666028738022, 0.0192877147346735, 0.021836966276168823, 0.01997581124305725, 0.022028764709830284, 0.024316679686307907, 0.023690495640039444]}