{"loss": [0.2832775413990021, 0.09573766589164734, 0.04336125776171684, 0.026624446734786034, 0.017716161906719208, 0.015195163898169994, 0.012681238353252411, 0.00783954281359911, 0.00821871031075716, 0.0067976186983287334, 0.005957931280136108, 0.005431654397398233, 0.005061150062829256, 0.004680608864873648, 0.004234746098518372, 0.00404235627502203, 0.003826098283752799, 0.0036147243808954954, 0.003356274450197816, 0.0032597167883068323, 0.0030304628890007734, 0.0028912958223372698, 0.0027056140825152397, 0.0025550059508532286, 0.0024115757551044226, 0.002254046266898513, 0.0021160354372113943, 0.0019752345979213715, 0.0018547697691246867, 0.001713008969090879, 0.0015997338341549039, 0.001475681085139513], "val_loss": [0.8859853148460388, 0.5411422848701477, 0.733471155166626, 0.9727762937545776, 0.8550933599472046, 0.8611881136894226, 0.802756130695343, 0.8396770358085632, 0.9512546062469482, 0.9121012687683105, 0.8257959485054016, 0.8174401521682739, 0.7771740555763245, 0.6747941970825195, 0.6083924770355225, 0.606825590133667, 0.6235794425010681, 0.6170411705970764, 0.6369633674621582, 0.6599935293197632, 0.6523608565330505, 0.6606441736221313, 0.6563416123390198, 0.6488739252090454, 0.6654685735702515, 0.6760074496269226, 0.6781234741210938, 0.6886382699012756, 0.6923565864562988, 0.6936387419700623, 0.6987737417221069, 0.7021182179450989]}