{"loss": [0.26875388622283936, 0.06655586510896683, 0.02858187071979046, 0.021357735618948936, 0.014439407736063004, 0.013006804510951042, 0.010262584313750267, 0.010157933458685875, 0.008810414001345634, 0.006836741231381893, 0.007458202075213194, 0.006753195077180862, 0.007709245663136244, 0.006905659101903439, 0.00624847412109375, 0.0063593387603759766, 0.005868371110409498, 0.006623609457165003, 0.00597607996314764, 0.005928145721554756, 0.005693904589861631, 0.005252481903880835, 0.005792314652353525, 0.005347000434994698, 0.0057364474050700665, 0.005423030816018581, 0.005088491830974817, 0.005231855437159538, 0.004852976184338331, 0.005181044340133667, 0.004871299955993891, 0.004775989335030317], "val_loss": [0.01584802381694317, 0.10919980704784393, 0.005925267934799194, 0.024056432768702507, 0.004124870058149099, 0.013012263923883438, 0.003288798965513706, 0.011404831893742085, 0.004816587548702955, 0.0076272692531347275, 0.005947801750153303, 0.006866756360977888, 0.0040345764718949795, 0.006539512425661087, 0.0048245880752801895, 0.0042015123181045055, 0.006052911747246981, 0.0030523696914315224, 0.005329436622560024, 0.003927704878151417, 0.003551008878275752, 0.005287607666105032, 0.003217162098735571, 0.004133653827011585, 0.004362961743026972, 0.002897974569350481, 0.005902707576751709, 0.0030449884943664074, 0.003845772473141551, 0.004253653809428215, 0.0026403930969536304, 0.005928007885813713]}