{"loss": [1.9003982543945312, 0.4211573600769043, 0.21425309777259827, 0.15669718384742737, 0.1678084284067154, 0.15378718078136444, 0.1383526772260666, 0.13862738013267517, 0.132086381316185, 0.1043313592672348, 0.1125202476978302, 0.09487789124250412, 0.06121660768985748, 0.04958359897136688, 0.04175899922847748, 0.03845306113362312, 0.03220805525779724, 0.036325499415397644, 0.02832072228193283, 0.025120224803686142, 0.021288299933075905, 0.019015153869986534, 0.016050737351179123, 0.013175279833376408, 0.011693761684000492, 0.013500024564564228, 0.01234500203281641, 0.012016578577458858, 0.010364923626184464, 0.009149055927991867, 0.008268934674561024, 0.007502244785428047], "val_loss": [0.33101892471313477, 0.2186720371246338, 0.019518660381436348, 0.02610665373504162, 0.0303496066480875, 0.052402134984731674, 0.027773533016443253, 0.016158608719706535, 0.0290115587413311, 0.026571501046419144, 0.12741000950336456, 0.07466458529233932, 0.005761410109698772, 0.013600350357592106, 0.011239433661103249, 0.014873936772346497, 0.008480957709252834, 0.013872801326215267, 0.00975025724619627, 0.015458674170076847, 0.016462545841932297, 0.009982849471271038, 0.01872849464416504, 0.01943720132112503, 0.014607991091907024, 0.01583677902817726, 0.016863228753209114, 0.013010934926569462, 0.01294261310249567, 0.02314058318734169, 0.014631334692239761, 0.012730577029287815]}