{"loss": [3.3163821697235107, 0.7571667432785034, 0.2299041599035263, 0.19216085970401764, 0.17325349152088165, 0.1086331307888031, 0.06950406730175018, 0.07663275301456451, 0.03193552792072296, 0.0295676551759243, 0.023260019719600677, 0.024547910317778587, 0.016597697511315346, 0.01616816781461239, 0.012988856062293053, 0.012026344425976276, 0.009666391648352146, 0.007143089547753334, 0.0069719348102808, 0.005312289111316204, 0.006781628355383873, 0.006878684274852276, 0.010458406060934067, 0.012893983162939548, 0.020341888070106506, 0.014138284139335155, 0.005509686656296253, 0.007771523669362068, 0.006205069366842508, 0.003850983688607812, 0.005287126637995243, 0.003261508885771036], "val_loss": [0.33931541442871094, 0.07195539027452469, 0.07119542360305786, 0.115956149995327, 0.11141947656869888, 0.05684427171945572, 0.04212711751461029, 0.015784582123160362, 0.01853775419294834, 0.043701738119125366, 0.0024445015005767345, 0.028248559683561325, 0.0039342716336250305, 0.01657828316092491, 0.0034287224989384413, 0.007862565107643604, 0.00999371986836195, 0.001925033051520586, 0.007078063674271107, 0.0016153608448803425, 0.007195624988526106, 0.001200373051688075, 0.0022292810026556253, 0.0010202465346083045, 0.0023611276410520077, 0.0021991508547216654, 0.0013839134480804205, 0.0016127796843647957, 0.001350151258520782, 0.004935023840516806, 0.0011663353070616722, 0.002538020256906748]}