{"loss": [0.4813639223575592, 0.10507893562316895, 0.057128891348838806, 0.03851956129074097, 0.026712054386734962, 0.019463056698441505, 0.016656873747706413, 0.014812283217906952, 0.011442448012530804, 0.010355419479310513, 0.009135298430919647, 0.0076576159335672855, 0.006703974213451147, 0.005769598763436079, 0.0053114090114831924, 0.0046331677585840225, 0.00418805843219161, 0.0035629759076982737, 0.0031873679254204035, 0.0027898717671632767, 0.0024485106114298105, 0.002144147641956806, 0.001860197284258902, 0.0016337934648618102, 0.0014061782276257873, 0.0012131365947425365, 0.0010577293578535318, 0.0009798823157325387, 0.0008712881826795638, 0.00076678505865857, 0.0006698774523101747, 0.0006188086117617786], "val_loss": [0.015841327607631683, 0.019068483263254166, 0.026755109429359436, 0.009174968115985394, 0.009772383607923985, 0.007923554629087448, 0.020603084936738014, 0.004246934317052364, 0.012247319333255291, 0.003474331693723798, 0.003706213552504778, 0.004425758961588144, 0.003290958469733596, 0.005090579390525818, 0.0027324440889060497, 0.0030805368442088366, 0.003041038289666176, 0.0029574886430054903, 0.0025941336061805487, 0.0019789256621152163, 0.0025656663347035646, 0.00213361787609756, 0.002338559366762638, 0.0019092030124738812, 0.0023674541153013706, 0.002020529005676508, 0.002094489522278309, 0.0018805295694619417, 0.002098317490890622, 0.0017858343198895454, 0.0019138653296977282, 0.0018129501258954406]}