{"loss": [0.5654007196426392, 0.10433031618595123, 0.180543452501297, 0.05177364870905876, 0.06109315901994705, 0.03996332362294197, 0.02277098223567009, 0.03706364706158638, 0.018558574840426445, 0.018541783094406128, 0.01726330816745758, 0.012037191540002823, 0.014702878892421722, 0.012532539665699005, 0.010152964852750301, 0.0102087939158082, 0.008001015521585941, 0.00903540849685669, 0.008383356034755707, 0.00790611281991005, 0.007882620207965374, 0.006891584489494562, 0.00728654395788908, 0.007015903480350971, 0.0068834153935313225, 0.0066518476232886314, 0.006330649368464947, 0.006620354950428009, 0.006375351920723915, 0.006359734572470188, 0.006200896576046944, 0.006134300492703915], "val_loss": [0.009362207725644112, 0.22986146807670593, 0.042275793850421906, 0.03937574476003647, 0.01865243911743164, 0.024249842390418053, 0.07011236250400543, 0.04885400831699371, 0.008213394321501255, 0.008887408301234245, 0.0071610151790082455, 0.005151637829840183, 0.012479026801884174, 0.008037704043090343, 0.0032877272460609674, 0.0038708047941327095, 0.003514195093885064, 0.005232025869190693, 0.0063820588402450085, 0.004992326255887747, 0.003554830327630043, 0.0031482663471251726, 0.003126743482425809, 0.003161490662023425, 0.0032457474153488874, 0.0033766692504286766, 0.0034328410401940346, 0.0033303904347121716, 0.0031803420279175043, 0.0030587834771722555, 0.0029276059940457344, 0.0027773689944297075]}