{"loss": [0.36857089400291443, 0.0579463392496109, 0.03800208121538162, 0.033880315721035004, 0.021633710712194443, 0.020395996049046516, 0.017850270494818687, 0.014201520010828972, 0.013658124022185802, 0.012516001239418983, 0.0124971317127347, 0.012302163988351822, 0.011696329340338707, 0.011629940010607243, 0.01139184832572937, 0.01115688867866993, 0.011079218238592148, 0.010979573242366314, 0.010803626850247383, 0.010816198773682117, 0.010817552916705608, 0.01060287095606327, 0.010722043924033642, 0.010559098795056343, 0.010582375340163708, 0.01048763282597065, 0.0104620810598135, 0.010445058345794678, 0.010347612202167511, 0.010340188629925251, 0.010293738916516304, 0.010238832794129848], "val_loss": [0.11217104643583298, 0.009406203404068947, 0.011699561029672623, 0.057725828140974045, 0.007036571856588125, 0.011460994370281696, 0.014251070097088814, 0.0059645287692546844, 0.01407398097217083, 0.010286697186529636, 0.011986816301941872, 0.011696894653141499, 0.009274694137275219, 0.008580051362514496, 0.011183375492691994, 0.00768938148394227, 0.008389122784137726, 0.00758021418005228, 0.0074799200519919395, 0.007509486749768257, 0.007898607291281223, 0.007068889681249857, 0.007822966203093529, 0.007803821004927158, 0.008033202961087227, 0.008237211965024471, 0.0084459213539958, 0.008881690911948681, 0.00888413842767477, 0.009142153896391392, 0.009494618512690067, 0.009726564399898052]}