{"loss": [0.5146539807319641, 0.15102118253707886, 0.07935203611850739, 0.050172772258520126, 0.026057077571749687, 0.023397305980324745, 0.020193763077259064, 0.013263794593513012, 0.012286833487451077, 0.010488606989383698, 0.007450523320585489, 0.007637232542037964, 0.005819999147206545, 0.005208147224038839, 0.004836406093090773, 0.003878039075061679, 0.003825180931016803, 0.0031384637113660574, 0.002894718199968338, 0.002487959573045373, 0.002278953790664673, 0.001884204219095409, 0.0017467407742515206, 0.001481827930547297, 0.001310995314270258, 0.0011291009141132236, 0.0010114324977621436, 0.0009181033237837255, 0.000822490721475333, 0.0007759963045828044, 0.0007233747746795416, 0.0006854765233583748], "val_loss": [0.023496953770518303, 0.16434307396411896, 0.010711791925132275, 0.012493584305047989, 0.013689028099179268, 0.005915169138461351, 0.018551580607891083, 0.008469240739941597, 0.013512271456420422, 0.016545232385396957, 0.008707594126462936, 0.010352985002100468, 0.006549530196934938, 0.006232080049812794, 0.00556355994194746, 0.0042459238320589066, 0.00466145807877183, 0.003894941881299019, 0.0042111738584935665, 0.0030841913539916277, 0.0028572760056704283, 0.0024255188181996346, 0.002321743406355381, 0.0021865114104002714, 0.0020539516117423773, 0.0021731783635914326, 0.0019676368683576584, 0.002057391917333007, 0.001838960568420589, 0.0018244931707158685, 0.0017748624086380005, 0.0016358474968001246]}