{"loss": [3.5281357765197754, 0.42941051721572876, 0.2487395703792572, 0.17294299602508545, 0.1501055210828781, 0.1940782070159912, 0.09243016690015793, 0.09637275338172913, 0.1007460504770279, 0.07977257668972015, 0.05507134273648262, 0.06140933185815811, 0.0480407290160656, 0.037921227514743805, 0.03829995542764664, 0.03463698923587799, 0.03276718407869339, 0.029021045193076134, 0.05735733360052109, 0.0563037283718586, 0.04744919762015343, 0.12852686643600464, 0.15731948614120483, 0.13175660371780396, 0.11943177878856659, 0.15868820250034332, 0.11372911185026169, 0.07924434542655945, 0.05537542328238487, 0.05117214471101761, 0.03805529326200485, 0.03298838809132576], "val_loss": [0.7723686099052429, 0.605827271938324, 0.6010624170303345, 0.14040210843086243, 0.348247766494751, 0.42441511154174805, 0.10643655806779861, 0.07593733817338943, 0.19435827434062958, 0.39170634746551514, 0.23829805850982666, 0.13734307885169983, 0.1131802648305893, 0.09216900169849396, 0.06281542032957077, 0.07317133247852325, 0.1261582225561142, 0.1184772476553917, 0.26736879348754883, 0.3768148124217987, 0.07045060396194458, 0.25637558102607727, 0.5249081254005432, 0.5202226638793945, 0.17585407197475433, 0.23859968781471252, 0.40578389167785645, 0.16676856577396393, 0.0701368898153305, 0.041208453476428986, 0.02800656110048294, 0.04450865834951401]}