{"loss": [0.3753155767917633, 0.0739152655005455, 0.0241889376193285, 0.031923919916152954, 0.01776815392076969, 0.01608012057840824, 0.012567535042762756, 0.009467114694416523, 0.011355027556419373, 0.009477405808866024, 0.009204166941344738, 0.008777006529271603, 0.007846520282328129, 0.008435024879872799, 0.0075911120511591434, 0.007630947511643171, 0.007475191727280617, 0.007283210288733244, 0.00727801164612174, 0.007159581873565912, 0.0070719667710363865, 0.00707486504688859, 0.00683135911822319, 0.006917209830135107, 0.006738901138305664, 0.006788222584873438, 0.006620675325393677, 0.006666413974016905, 0.006549202371388674, 0.006536388769745827, 0.006427980959415436, 0.006425097119063139], "val_loss": [0.08991827070713043, 0.002671151887625456, 0.042612332850694656, 0.005698187742382288, 0.013094955123960972, 0.013668843545019627, 0.0012997206067666411, 0.010975821875035763, 0.0008843864779919386, 0.007116234861314297, 0.0026355136651545763, 0.0029859235510230064, 0.005059109069406986, 0.0018454777309671044, 0.004077205900102854, 0.0015691210282966495, 0.003156990511342883, 0.0016864724457263947, 0.0024772637989372015, 0.001396432053297758, 0.0023349507246166468, 0.0015839725965633988, 0.0023840502835810184, 0.0015993766719475389, 0.002259168541058898, 0.0016910057747736573, 0.002082970691844821, 0.0016811469104140997, 0.0018846573075279593, 0.0017128563486039639, 0.001714977901428938, 0.0016975277103483677]}