{"loss": [0.40879762172698975, 0.10681547969579697, 0.04935069382190704, 0.03610190376639366, 0.026918835937976837, 0.019161280244588852, 0.01610575243830681, 0.011680577881634235, 0.010544146411120892, 0.008770495653152466, 0.006999386008828878, 0.006593029946088791, 0.006116626318544149, 0.0053887334652245045, 0.004958689212799072, 0.004828792065382004, 0.004406007472425699, 0.004053435754030943, 0.003848172025755048, 0.0035992891062051058, 0.003351939609274268, 0.0031103852670639753, 0.002841060981154442, 0.0026588549371808767, 0.0024158975575119257, 0.002221353817731142, 0.0020075293723493814, 0.0018125701462849975, 0.001636471482925117, 0.0014523282879963517, 0.0013041096972301602, 0.0011425880948081613], "val_loss": [0.8166053295135498, 0.23752649128437042, 0.7378898859024048, 0.2366597056388855, 0.3106687366962433, 0.32971683144569397, 0.35627806186676025, 0.24486494064331055, 0.36054283380508423, 0.3653329908847809, 0.27141475677490234, 0.2609415054321289, 0.2683020830154419, 0.2397627830505371, 0.2977832853794098, 0.27844613790512085, 0.2597787380218506, 0.26869961619377136, 0.25181466341018677, 0.26998111605644226, 0.25755640864372253, 0.23960939049720764, 0.24774323403835297, 0.24104848504066467, 0.2559110224246979, 0.25192776322364807, 0.25110119581222534, 0.24975699186325073, 0.25055620074272156, 0.24763445556163788, 0.24154837429523468, 0.24528385698795319]}