{"loss": [3.458747625350952, 0.7793431878089905, 0.248276486992836, 0.21881121397018433, 0.1833733469247818, 0.11506848782300949, 0.09553646296262741, 0.11968877166509628, 0.08244374394416809, 0.06627268344163895, 0.07979326695203781, 0.05752090737223625, 0.04393686726689339, 0.0343526192009449, 0.030407341197133064, 0.027814403176307678, 0.023334607481956482, 0.017087485641241074, 0.016888238489627838, 0.014640063047409058, 0.012968438677489758, 0.01221037283539772, 0.011011205613613129, 0.009864776395261288, 0.00833530817180872, 0.007372810039669275, 0.006762324366718531, 0.006242996081709862, 0.005689745303243399, 0.005929129663854837, 0.005727554205805063, 0.004767893813550472], "val_loss": [0.8218612670898438, 0.13629025220870972, 0.2968423664569855, 0.25179624557495117, 0.025608273223042488, 0.004746060352772474, 0.039455220103263855, 0.07987656444311142, 0.08824396878480911, 0.009188712574541569, 0.004092882853001356, 0.020729664713144302, 0.011908157728612423, 0.06466595828533173, 0.0667569488286972, 0.012127346359193325, 0.018417656421661377, 0.05182182043790817, 0.037248723208904266, 0.021543161943554878, 0.03355324640870094, 0.03540881723165512, 0.023808445781469345, 0.030161235481500626, 0.03267887234687805, 0.02785658836364746, 0.03221730887889862, 0.02834342047572136, 0.02978278137743473, 0.030676832422614098, 0.028005020692944527, 0.03168777376413345]}