{"loss": [0.4052325487136841, 0.10979331284761429, 0.06892848014831543, 0.05952664837241173, 0.04720218852162361, 0.044375862926244736, 0.04223071038722992, 0.039473146200180054, 0.03951136767864227, 0.0374925471842289, 0.03727516531944275, 0.03628537803888321, 0.0363013930618763, 0.035581324249506, 0.03563203290104866, 0.03533565253019333, 0.03481745347380638, 0.03492636978626251, 0.034631043672561646, 0.03427916392683983, 0.034383468329906464, 0.033999793231487274, 0.033750537782907486, 0.03369654715061188, 0.033378440886735916, 0.033094294369220734, 0.03283422812819481, 0.032549530267715454, 0.03223934397101402, 0.03181025758385658, 0.03140128403902054, 0.03106624074280262], "val_loss": [0.059869591146707535, 0.023579759523272514, 0.028708314523100853, 0.011807926930487156, 0.018200309947133064, 0.012060509994626045, 0.011631015688180923, 0.010893570259213448, 0.01117027085274458, 0.012502001598477364, 0.010473302565515041, 0.011738142929971218, 0.011183382011950016, 0.012260654009878635, 0.011590170674026012, 0.011640269309282303, 0.01242270227521658, 0.01179648656398058, 0.011847893707454205, 0.012119581922888756, 0.011912656016647816, 0.012036895379424095, 0.012130116112530231, 0.012114372104406357, 0.012181843630969524, 0.012142613530158997, 0.012154378928244114, 0.012166779488325119, 0.01212614681571722, 0.012153098359704018, 0.012138227932155132, 0.012156411074101925]}