{"loss": [0.49774542450904846, 0.1504921019077301, 0.041221436113119125, 0.0328083336353302, 0.01952621340751648, 0.017180239781737328, 0.011956277303397655, 0.012315775267779827, 0.008468473330140114, 0.008009186945855618, 0.0067437924444675446, 0.0046346308663487434, 0.004945908207446337, 0.004077649675309658, 0.0035333847627043724, 0.0034222875256091356, 0.0028882191982120275, 0.0028035466093569994, 0.0024108036886900663, 0.0024172833655029535, 0.002135775750502944, 0.0020544512663036585, 0.001833923626691103, 0.0017999125411733985, 0.0016002487391233444, 0.0015439052367582917, 0.0013590919552370906, 0.0012829635525122285, 0.00117006606888026, 0.001063276664353907, 0.0009878255659714341, 0.0008803975651971996], "val_loss": [0.7446953058242798, 0.40681251883506775, 0.3181270658969879, 0.5250352621078491, 0.1326829493045807, 0.07308730483055115, 0.08478514105081558, 0.04171525314450264, 0.10611974447965622, 0.10445668548345566, 0.07809976488351822, 0.08698761463165283, 0.051293108612298965, 0.05524251610040665, 0.05302134528756142, 0.04179361090064049, 0.046254727989435196, 0.03916005790233612, 0.043076738715171814, 0.040736179798841476, 0.03936382010579109, 0.03927932307124138, 0.03605504333972931, 0.03455250337719917, 0.032367538660764694, 0.033110927790403366, 0.03185848891735077, 0.03156847134232521, 0.02999277040362358, 0.03112349472939968, 0.030277729034423828, 0.030247315764427185]}