{"loss": [1.7660404443740845, 0.30179160833358765, 0.18520672619342804, 0.13670353591442108, 0.1296977400779724, 0.09466836601495743, 0.08359720557928085, 0.06568905711174011, 0.07545198500156403, 0.05734393373131752, 0.05760942026972771, 0.060118354856967926, 0.059904370456933975, 0.051960356533527374, 0.04619995504617691, 0.0409095361828804, 0.041482679545879364, 0.03649899363517761, 0.05490758270025253, 0.03839325159788132, 0.04765946790575981, 0.0456295907497406, 0.04385141283273697, 0.04009593278169632, 0.06875893473625183, 0.07621181756258011, 0.0765853077173233, 0.07920714467763901, 0.08723794668912888, 0.09960315376520157, 0.09335333108901978, 0.0778784230351448], "val_loss": [0.13384512066841125, 0.25813448429107666, 0.12448278069496155, 0.1357380896806717, 0.11684539914131165, 0.09256879985332489, 0.10897386074066162, 0.20347368717193604, 0.1453229933977127, 0.07596474885940552, 0.11116345971822739, 0.09493713080883026, 0.06429459899663925, 0.07998073101043701, 0.05188608169555664, 0.04648653045296669, 0.047186415642499924, 0.04386339709162712, 0.06353633105754852, 0.06376348435878754, 0.05606745555996895, 0.03631342947483063, 0.039378389716148376, 0.09380942583084106, 0.12015315145254135, 0.07069447636604309, 0.07150624692440033, 0.04902148246765137, 0.07855232805013657, 0.09304558485746384, 0.06676523387432098, 0.11156681925058365]}