{"loss": [0.48992374539375305, 0.17913277447223663, 0.0839763805270195, 0.05415349826216698, 0.03786705061793327, 0.02364118956029415, 0.019931184127926826, 0.016129566356539726, 0.01181864831596613, 0.012317570857703686, 0.010699298232793808, 0.008254964835941792, 0.008307828567922115, 0.00759472930803895, 0.006790872663259506, 0.006585140246897936, 0.006238190457224846, 0.005723576992750168, 0.00538182258605957, 0.00518447533249855, 0.005139972548931837, 0.004614738281816244, 0.004380355589091778, 0.0040433877147734165, 0.0038871318101882935, 0.003931010607630014, 0.003122742520645261, 0.002886033384129405, 0.002450454281643033, 0.002362597966566682, 0.0020586764439940453, 0.0019267989555373788], "val_loss": [0.095064677298069, 0.02937270887196064, 0.030649883672595024, 0.06568272411823273, 0.050084687769412994, 0.06509784609079361, 0.02739177830517292, 0.09841969609260559, 0.022603608667850494, 0.04610947147011757, 0.01906491443514824, 0.012564757838845253, 0.02462754398584366, 0.02013549394905567, 0.016141831874847412, 0.023597199469804764, 0.020003333687782288, 0.02194083109498024, 0.033699728548526764, 0.023214472457766533, 0.025277774780988693, 0.024360291659832, 0.020661193877458572, 0.025210291147232056, 0.020929880440235138, 0.024243200197815895, 0.013621579855680466, 0.019252073019742966, 0.015724852681159973, 0.016918970271945, 0.015971936285495758, 0.014337328262627125]}