{"loss": [0.3515627682209015, 0.09299533069133759, 0.06766441464424133, 0.04351898282766342, 0.02685350738465786, 0.02390507236123085, 0.017864631488919258, 0.013626514002680779, 0.014814959838986397, 0.014185912907123566, 0.012812585569918156, 0.012836471199989319, 0.011375992558896542, 0.011768638156354427, 0.011293569579720497, 0.011134241707623005, 0.011070533655583858, 0.010662168264389038, 0.010869312100112438, 0.010534295812249184, 0.010546253062784672, 0.010575070977210999, 0.010294773615896702, 0.01042571198195219, 0.010239632800221443, 0.010179431177675724, 0.010173546150326729, 0.010131483897566795, 0.009993990883231163, 0.010053924284875393, 0.009933563880622387, 0.009925618767738342], "val_loss": [0.02769389934837818, 0.020222006365656853, 0.026457445695996284, 0.008855762891471386, 0.007728631142526865, 0.011096225120127201, 0.008106299676001072, 0.009281905367970467, 0.010146229527890682, 0.009173771366477013, 0.011397858150303364, 0.00944449007511139, 0.010658346116542816, 0.00920093897730112, 0.008849985897541046, 0.009725023061037064, 0.008951859548687935, 0.0099711362272501, 0.009147906675934792, 0.009325644932687283, 0.009471460245549679, 0.008956332691013813, 0.009493643417954445, 0.009098420850932598, 0.00927009154111147, 0.009326685220003128, 0.00931715127080679, 0.009213638491928577, 0.009380841627717018, 0.009320170618593693, 0.009389752522110939, 0.00944802351295948]}