{"loss": [2.4276607036590576, 0.1951124370098114, 0.1981291025876999, 0.09755367040634155, 0.06810975819826126, 0.046370767056941986, 0.03549264371395111, 0.026522627100348473, 0.020595472306013107, 0.018015610054135323, 0.014683045446872711, 0.012098368257284164, 0.012782946228981018, 0.012583181262016296, 0.014313159510493279, 0.010679136961698532, 0.009195057675242424, 0.007645317353308201, 0.006611017510294914, 0.006427980028092861, 0.007551283575594425, 0.00843003112822771, 0.011168763972818851, 0.017835956066846848, 0.02014082297682762, 0.013391833752393723, 0.019072655588388443, 0.03565240651369095, 0.02171233482658863, 0.027744490653276443, 0.01900007203221321, 0.015294482931494713], "val_loss": [0.10489717870950699, 0.20602166652679443, 0.06178570166230202, 0.04718252643942833, 0.03608664125204086, 0.016340821981430054, 0.007104089483618736, 0.011111902073025703, 0.008014916442334652, 0.012646668590605259, 0.010529211722314358, 0.0052315909415483475, 0.0053663840517401695, 0.019900919869542122, 0.007310365792363882, 0.0069416421465575695, 0.005860692355781794, 0.005535351112484932, 0.007839197292923927, 0.015441719442605972, 0.022492071613669395, 0.03136397898197174, 0.041377920657396317, 0.023516837507486343, 0.004679054953157902, 0.03654433786869049, 0.0630810335278511, 0.039296459406614304, 0.0678420290350914, 0.00989940669387579, 0.01976713538169861, 0.009242910891771317]}