{"loss": [1.525264024734497, 0.2781713604927063, 0.12099673599004745, 0.08772502839565277, 0.056171637028455734, 0.05036011338233948, 0.03593100607395172, 0.032827798277139664, 0.034209322184324265, 0.027545062825083733, 0.02597091719508171, 0.01896282471716404, 0.018000565469264984, 0.018111195415258408, 0.02167019434273243, 0.029911283403635025, 0.03441540151834488, 0.04176699370145798, 0.04112088307738304, 0.05739089101552963, 0.0486636720597744, 0.03694489970803261, 0.024119045585393906, 0.022670632228255272, 0.01971680484712124, 0.022622723132371902, 0.021428827196359634, 0.01966618001461029, 0.014528832398355007, 0.023834791034460068, 0.030144302174448967, 0.02176695130765438], "val_loss": [0.7410570979118347, 0.23174573481082916, 0.2158406376838684, 0.2886887490749359, 0.10629437863826752, 0.1355181485414505, 0.17098304629325867, 0.15342214703559875, 0.13875672221183777, 0.1756942868232727, 0.1329825073480606, 0.17511716485023499, 0.16770610213279724, 0.1485307216644287, 0.16252097487449646, 0.34955543279647827, 0.23711736500263214, 0.16393515467643738, 0.14371053874492645, 0.15908528864383698, 0.14679931104183197, 0.1464034467935562, 0.06887947767972946, 0.11862095445394516, 0.06257350742816925, 0.13904361426830292, 0.06854045391082764, 0.07285034656524658, 0.06660640239715576, 0.05382511392235756, 0.05001512169837952, 0.041217442601919174]}