{"loss": [0.49199795722961426, 0.13441815972328186, 0.07918669283390045, 0.046749331057071686, 0.03329543024301529, 0.03073909506201744, 0.023081228137016296, 0.020025819540023804, 0.019010698422789574, 0.01774660125374794, 0.016446227207779884, 0.016018137335777283, 0.016063278540968895, 0.015646066516637802, 0.015191469341516495, 0.015227662399411201, 0.015023051761090755, 0.014966443181037903, 0.014899816364049911, 0.014782303012907505, 0.014762382954359055, 0.014685303904116154, 0.014639338478446007, 0.014608822762966156, 0.014544520527124405, 0.014502191916108131, 0.014462224207818508, 0.014407321810722351, 0.014381110668182373, 0.014328948222100735, 0.01427415944635868, 0.01425256673246622], "val_loss": [0.17533709108829498, 0.0034948375541716814, 0.14319398999214172, 0.0036155458074063063, 0.08062561601400375, 0.02414419688284397, 0.004787287674844265, 0.02959028072655201, 0.0032274723052978516, 0.0030882444698363543, 0.007791272830218077, 0.0032314052805304527, 0.0034921872429549694, 0.005438212305307388, 0.004004463087767363, 0.004171900916844606, 0.0035209027118980885, 0.003715264843776822, 0.0036071089562028646, 0.004294841084629297, 0.0039002802222967148, 0.003959056921303272, 0.0040583484806120396, 0.0039030187763273716, 0.004010275471955538, 0.003977763466536999, 0.003862729761749506, 0.003930839244276285, 0.0038476570043712854, 0.0037928607780486345, 0.0038754690904170275, 0.00372717110440135]}