{"loss": [0.45726490020751953, 0.06672126799821854, 0.030602484941482544, 0.024460285902023315, 0.016294918954372406, 0.011372034437954426, 0.010408618487417698, 0.007800889667123556, 0.007097627967596054, 0.006071489304304123, 0.005211610347032547, 0.00415503466501832, 0.00404065428301692, 0.003346441313624382, 0.0031675032805651426, 0.0027621984481811523, 0.002428380073979497, 0.0021735283080488443, 0.0019153454340994358, 0.0017464662669226527, 0.001486577675677836, 0.001342553528957069, 0.0011822773376479745, 0.0010444920044392347, 0.0009714085608720779, 0.0008273771964013577, 0.0007599713862873614, 0.000711790518835187, 0.0006193954613991082, 0.0005653817788697779, 0.0005263337516225874, 0.0005075021181255579], "val_loss": [0.1047314926981926, 0.07847179472446442, 0.02421339973807335, 0.029594944790005684, 0.02093518152832985, 0.009534520097076893, 0.01774672046303749, 0.01947479136288166, 0.023617824539542198, 0.005258822813630104, 0.006867532152682543, 0.0076985652558505535, 0.005149871576577425, 0.003804803593084216, 0.006039803382009268, 0.005947459489107132, 0.0053395964205265045, 0.004572369623929262, 0.007760068867355585, 0.006022805348038673, 0.005849027540534735, 0.006827592849731445, 0.0065317219123244286, 0.0068268016912043095, 0.006697428412735462, 0.006480145268142223, 0.0070314183831214905, 0.007525378838181496, 0.006891295313835144, 0.006963216233998537, 0.008798507042229176, 0.008532661013305187]}