{"loss": [0.25980839133262634, 0.05016753077507019, 0.02357242815196514, 0.020132720470428467, 0.008276979438960552, 0.008492245338857174, 0.005083749536424875, 0.004154502879828215, 0.0027925444301217794, 0.0028914855793118477, 0.002176490379497409, 0.002123488811776042, 0.0015723140677437186, 0.0014029300073161721, 0.0013853717828169465, 0.001123726018704474, 0.0010199197567999363, 0.0008356795297004282, 0.0008339763153344393, 0.0007513405289500952, 0.0007010059780441225, 0.0006010078359395266, 0.0005744071095250547, 0.0005440461100079119, 0.0004973800387233496, 0.000457581045338884, 0.0004299469292163849, 0.00041299397707916796, 0.0003796313249040395, 0.0003491381648927927, 0.00032991779153235257, 0.0003123355272691697], "val_loss": [2.9047493934631348, 2.0275256633758545, 1.5977532863616943, 1.1720857620239258, 1.0682462453842163, 1.0403403043746948, 1.2271405458450317, 1.2070894241333008, 1.2172214984893799, 1.2974069118499756, 1.255493402481079, 1.2055853605270386, 1.2703534364700317, 1.287335991859436, 1.1446233987808228, 1.0276744365692139, 1.0047094821929932, 0.9623441696166992, 0.9005491137504578, 0.8703554272651672, 0.8332404494285583, 0.8045382499694824, 0.7883373498916626, 0.7626011967658997, 0.7406324744224548, 0.7324180006980896, 0.7154248952865601, 0.6971275806427002, 0.6848756074905396, 0.6706794500350952, 0.6597471237182617, 0.6457758545875549]}