{"loss": [0.22963377833366394, 0.03782370686531067, 0.027901317924261093, 0.020923251286149025, 0.019053827971220016, 0.016331283375620842, 0.01668572798371315, 0.015210992656648159, 0.015236361883580685, 0.01462734304368496, 0.01433095894753933, 0.01442369632422924, 0.013834169134497643, 0.014124065637588501, 0.013797360472381115, 0.013675706461071968, 0.013586320914328098, 0.013561904430389404, 0.013317197561264038, 0.013350420631468296, 0.013170817866921425, 0.013146192766726017, 0.013018297031521797, 0.012976652011275291, 0.013062815181910992, 0.012896496802568436, 0.012892448343336582, 0.012451413087546825, 0.012375103309750557, 0.012396196834743023, 0.014389519579708576, 0.01624380238354206], "val_loss": [0.07656296342611313, 0.03997770696878433, 0.05166628584265709, 0.06404492259025574, 0.06845933198928833, 0.043607279658317566, 0.047028977423906326, 0.04681136831641197, 0.05607237294316292, 0.055211860686540604, 0.053245216608047485, 0.06041143834590912, 0.056201156228780746, 0.06414798647165298, 0.060027964413166046, 0.06417938321828842, 0.06417758017778397, 0.068600594997406, 0.06834585219621658, 0.07501649111509323, 0.07513874769210815, 0.08095790445804596, 0.07403568923473358, 0.07344895601272583, 0.06651762127876282, 0.06143028289079666, 0.061615947633981705, 0.06751352548599243, 0.05756355822086334, 0.08409450948238373, 0.10741186141967773, 0.06392312794923782]}