{"loss": [1.7832777500152588, 0.4221712350845337, 0.10815296322107315, 0.09415668249130249, 0.057691238820552826, 0.05007479339838028, 0.03975096717476845, 0.03486805781722069, 0.03213626146316528, 0.026588724926114082, 0.023304475471377373, 0.02286514826118946, 0.02607177570462227, 0.020002085715532303, 0.015742089599370956, 0.014142300002276897, 0.011922316625714302, 0.011754145845770836, 0.012518667615950108, 0.010817369446158409, 0.012886694632470608, 0.02019526995718479, 0.031397707760334015, 0.03515937179327011, 0.038911573588848114, 0.043454933911561966, 0.02825331874191761, 0.021596822887659073, 0.02254975028336048, 0.017611347138881683, 0.01362348161637783, 0.013634385541081429], "val_loss": [0.12240254878997803, 0.10252894461154938, 0.14385107159614563, 0.10981514304876328, 0.008452455513179302, 0.08269744366407394, 0.01077210996299982, 0.0536571703851223, 0.020839497447013855, 0.0522165521979332, 0.05573055520653725, 0.014077659696340561, 0.025098305195569992, 0.005497669335454702, 0.005612318869680166, 0.0043256222270429134, 0.005065518897026777, 0.009668106213212013, 0.013060312718153, 0.0035242349840700626, 0.0035654050298035145, 0.007262150291353464, 0.007130095735192299, 0.006067412439733744, 0.03608963266015053, 0.015321903862059116, 0.014045026153326035, 0.003212445881217718, 0.0033906574826687574, 0.004951272625476122, 0.006302003748714924, 0.03407320752739906]}