{"loss": [3.026359796524048, 0.263763964176178, 0.1809844970703125, 0.12042973935604095, 0.06132480502128601, 0.047044433653354645, 0.03181810677051544, 0.03196544945240021, 0.021253546699881554, 0.016191234812140465, 0.01411773543804884, 0.012438636273145676, 0.015963545069098473, 0.010965893976390362, 0.011896180920302868, 0.008320946246385574, 0.010656285099685192, 0.007027432322502136, 0.006702865939587355, 0.007841941900551319, 0.010261951014399529, 0.007256720215082169, 0.006343957968056202, 0.007071758154779673, 0.0054746815003454685, 0.007275417447090149, 0.005810948088765144, 0.004690391477197409, 0.005237544421106577, 0.004868063144385815, 0.004664044361561537, 0.004522034432739019], "val_loss": [0.14008736610412598, 1.4323970079421997, 0.09659411013126373, 0.21107874810695648, 0.1043248251080513, 0.03790467604994774, 0.03984881192445755, 0.020203212276101112, 0.0324956513941288, 0.0230355653911829, 0.014982149004936218, 0.012482868507504463, 0.013126401230692863, 0.012702858075499535, 0.014159183949232101, 0.014784367755055428, 0.015373852103948593, 0.019757550209760666, 0.025040166452527046, 0.025581838563084602, 0.014276799745857716, 0.014189770445227623, 0.01286028791218996, 0.016679605469107628, 0.023584572598338127, 0.010514412075281143, 0.019199393689632416, 0.015622399747371674, 0.015739692375063896, 0.01230549719184637, 0.01410891767591238, 0.01967834122478962]}