{"loss": [0.5296286344528198, 0.07414821535348892, 0.04534158483147621, 0.02894202060997486, 0.021501148119568825, 0.014583331532776356, 0.012417887337505817, 0.011410132981836796, 0.008945558220148087, 0.00689777871593833, 0.004980142693966627, 0.004633183125406504, 0.004062195308506489, 0.003589694621041417, 0.003190463175997138, 0.002743465593084693, 0.0025455390568822622, 0.0023072347976267338, 0.0021200922783464193, 0.001941148773767054, 0.0017515476793050766, 0.0016208305023610592, 0.0014477103250101209, 0.0013266293099150062, 0.001185055822134018, 0.0010834136046469212, 0.0009636593167670071, 0.0008601385052315891, 0.0007716790423728526, 0.0006937403231859207, 0.0006328679737634957, 0.0005635587149299681], "val_loss": [0.02458525262773037, 0.05367916822433472, 0.021240543574094772, 0.009106934070587158, 0.0104518486186862, 0.007701896131038666, 0.005064311437308788, 0.009215258993208408, 0.006581691559404135, 0.003574870526790619, 0.006232344079762697, 0.00310730142518878, 0.001941760303452611, 0.0009894728427752852, 0.0015569451497867703, 0.0014343938091769814, 0.0010455342708155513, 0.0010760703589767218, 0.00152279541362077, 0.0010811344254761934, 0.0010479160118848085, 0.0008917828090488911, 0.0010457324096933007, 0.0010861112968996167, 0.0009644794627092779, 0.0009178355103358626, 0.0010210323380306363, 0.0009713995386846364, 0.0009582776110619307, 0.00089463364565745, 0.000883079890627414, 0.0008352983859367669]}