{"loss": [0.3577432930469513, 0.12671098113059998, 0.05515434965491295, 0.04130394756793976, 0.026188179850578308, 0.02654338628053665, 0.021373547613620758, 0.016582980751991272, 0.016667280346155167, 0.015396887436509132, 0.014463131316006184, 0.013642062433063984, 0.01261851005256176, 0.012783141806721687, 0.012297109700739384, 0.01227504014968872, 0.012073865160346031, 0.011898072436451912, 0.011829152703285217, 0.011714771389961243, 0.01167672872543335, 0.011576050892472267, 0.01153631042689085, 0.011440250091254711, 0.011439207941293716, 0.011327910237014294, 0.011357319541275501, 0.01123019214719534, 0.011270122602581978, 0.011153840459883213, 0.011173602193593979, 0.0110822394490242], "val_loss": [0.4908841550350189, 0.0723530650138855, 0.11364319920539856, 0.018635280430316925, 0.022395936772227287, 0.01428280957043171, 0.017742980271577835, 0.029095890000462532, 0.014424706809222698, 0.03209982439875603, 0.012126034125685692, 0.02276996150612831, 0.011850949376821518, 0.017757179215550423, 0.011373848654329777, 0.0162829477339983, 0.011116922833025455, 0.013969729654490948, 0.01143677718937397, 0.011746516451239586, 0.012271429412066936, 0.01081725861877203, 0.013197987340390682, 0.010752152651548386, 0.012756718322634697, 0.011545712128281593, 0.011771813035011292, 0.012772888876497746, 0.011222537606954575, 0.013171927072107792, 0.011652328073978424, 0.012528492137789726]}