{"loss": [0.6075204610824585, 0.1435796469449997, 0.10549773275852203, 0.04728802293539047, 0.03362385183572769, 0.02306538261473179, 0.026543084532022476, 0.015056021511554718, 0.014058723114430904, 0.012265446595847607, 0.008755102753639221, 0.0075577013194561005, 0.00757400318980217, 0.007237732410430908, 0.006262915208935738, 0.0056505086831748486, 0.005020535551011562, 0.004717860370874405, 0.00418532220646739, 0.0038764197379350662, 0.0038583772256970406, 0.0036484268493950367, 0.0033844350837171078, 0.0032444787211716175, 0.0032993019558489323, 0.003074275329709053, 0.002793366089463234, 0.0029630609788000584, 0.0027995705604553223, 0.0026280670426785946, 0.0026794401928782463, 0.0025405772030353546], "val_loss": [0.015862805768847466, 0.2701159417629242, 0.01097892876714468, 0.004311881028115749, 0.01881437562406063, 0.046853046864271164, 0.02151167392730713, 0.0015492546372115612, 0.0018575545400381088, 0.0017926475265994668, 0.016149962320923805, 0.018537940457463264, 0.004725100938230753, 0.0005900179967284203, 0.0014712350675836205, 0.006354401353746653, 0.005542208440601826, 0.0014756653690710664, 0.0011345663806423545, 0.004742870572954416, 0.009302495047450066, 0.007640019059181213, 0.0044889142736792564, 0.00465331831946969, 0.007151546888053417, 0.007955881766974926, 0.005508807487785816, 0.0037193172611296177, 0.005130590405315161, 0.006593558005988598, 0.005068060010671616, 0.0036678477190434933]}