{"loss": [0.45896512269973755, 0.11119873076677322, 0.09661492705345154, 0.05853942036628723, 0.04781486093997955, 0.031400490552186966, 0.030589532107114792, 0.023395994678139687, 0.01673707365989685, 0.01684519089758396, 0.013055004179477692, 0.013074805960059166, 0.011341637931764126, 0.009105859324336052, 0.01029573380947113, 0.008059216663241386, 0.008428886532783508, 0.008050957694649696, 0.006808259524405003, 0.007714556530117989, 0.006634796969592571, 0.006907033734023571, 0.006578936241567135, 0.006256646476686001, 0.006550309248268604, 0.00611977931112051, 0.006261570379137993, 0.006012783385813236, 0.006039693020284176, 0.006024782545864582, 0.005884417332708836, 0.00590383168309927], "val_loss": [0.007638042327016592, 0.02686847187578678, 0.05206280201673508, 0.017332829535007477, 0.018228676170110703, 0.017584485933184624, 0.016043780371546745, 0.012498760595917702, 0.01359415054321289, 0.014951054938137531, 0.00612911581993103, 0.015355193056166172, 0.004655125085264444, 0.008642837405204773, 0.005945959594100714, 0.006732471287250519, 0.010321526788175106, 0.004575427155941725, 0.006138020195066929, 0.005023370962589979, 0.005380383692681789, 0.006261921022087336, 0.00438755564391613, 0.005025092978030443, 0.004328349605202675, 0.005067913793027401, 0.004779222887009382, 0.004254563245922327, 0.004312020260840654, 0.004307410214096308, 0.004662700463086367, 0.004348136484622955]}