{"loss": [4.768945693969727, 3.5727274417877197, 0.7045240998268127, 0.821677029132843, 0.4214709997177124, 0.32519757747650146, 0.29840898513793945, 0.23162701725959778, 0.20364069938659668, 0.2212311327457428, 0.21946778893470764, 0.1979050636291504, 0.18249958753585815, 0.19037112593650818, 0.19035664200782776, 0.18203946948051453, 0.17460203170776367, 0.177869975566864, 0.17288970947265625, 0.13223767280578613, 0.14880767464637756, 0.09504292905330658, 0.08764031529426575, 0.08119417726993561, 0.08423531800508499, 0.08424746990203857, 0.08229129016399384, 0.07784762978553772, 0.0758742094039917, 0.07322292774915695, 0.07249802350997925, 0.07138386368751526], "val_loss": [7.739001750946045, 0.22345341742038727, 0.08754770457744598, 0.11497451364994049, 0.3557344079017639, 0.41423410177230835, 0.28018978238105774, 0.12428232282400131, 0.050722938030958176, 0.03675747290253639, 0.04985193535685539, 0.10091179609298706, 0.17686857283115387, 0.21346893906593323, 0.1811680942773819, 0.121266670525074, 0.07974743098020554, 0.06728917360305786, 0.07772857695817947, 0.08959482610225677, 0.07552587985992432, 0.046793725341558456, 0.03136067092418671, 0.028363198041915894, 0.02837214805185795, 0.030729055404663086, 0.03876492381095886, 0.04699282720685005, 0.046487193554639816, 0.04063837602734566, 0.03575769066810608, 0.03364173322916031]}