{"loss": [2.620603561401367, 0.38487184047698975, 0.2161838710308075, 0.19907815754413605, 0.1537487655878067, 0.13295605778694153, 0.10334882885217667, 0.07426116615533829, 0.06230548769235611, 0.053445108234882355, 0.04666764661669731, 0.03892228752374649, 0.031804993748664856, 0.026904715225100517, 0.02513875439763069, 0.023196082562208176, 0.018549209460616112, 0.017123406752943993, 0.016729220747947693, 0.014715628698468208, 0.01437344029545784, 0.015004417859017849, 0.013983828946948051, 0.012825618498027325, 0.011728337965905666, 0.011993171647191048, 0.012812327593564987, 0.015007035806775093, 0.01823762245476246, 0.018948065117001534, 0.016253380104899406, 0.02173888310790062], "val_loss": [0.05774427577853203, 0.16881325840950012, 0.3574548363685608, 0.16426080465316772, 0.037366051226854324, 0.03841414302587509, 0.05409567803144455, 0.047909460961818695, 0.05379572883248329, 0.04927188530564308, 0.05624891445040703, 0.037174999713897705, 0.034174416214227676, 0.027193572372198105, 0.02422242984175682, 0.024539101868867874, 0.019748708233237267, 0.018327439203858376, 0.0179400984197855, 0.018366526812314987, 0.020296964794397354, 0.019833452999591827, 0.018625780940055847, 0.019200684502720833, 0.020365847274661064, 0.023210803046822548, 0.028843959793448448, 0.03154321387410164, 0.028560686856508255, 0.023693425580859184, 0.050843436270952225, 0.05631614103913307]}