{"loss": [0.1743001490831375, 0.03787852078676224, 0.022845251485705376, 0.018010662868618965, 0.011094026267528534, 0.011093419045209885, 0.010103611275553703, 0.009344842284917831, 0.008824605494737625, 0.00840047001838684, 0.008061481639742851, 0.007739253342151642, 0.007759562693536282, 0.007541635073721409, 0.007343858480453491, 0.007431471720337868, 0.007272441405802965, 0.007320552133023739, 0.007136816158890724, 0.007298977114260197, 0.0070808203890919685, 0.0071920123882591724, 0.007039929740130901, 0.007098125759512186, 0.007049216888844967, 0.007000826299190521, 0.007019320968538523, 0.0069403075613081455, 0.006936775520443916, 0.006923397537320852, 0.006858753971755505, 0.006848306395113468], "val_loss": [1.5128982067108154, 0.42630264163017273, 0.4178240895271301, 0.16650952398777008, 0.25060969591140747, 0.12235574424266815, 0.1667427122592926, 0.12000508606433868, 0.134133979678154, 0.1043323203921318, 0.11889191716909409, 0.11376185715198517, 0.11781187355518341, 0.10092765092849731, 0.10697005689144135, 0.10221056640148163, 0.11788897961378098, 0.10686706006526947, 0.12074442952871323, 0.10853727161884308, 0.11839784681797028, 0.11556345969438553, 0.12375025451183319, 0.12331299483776093, 0.12553034722805023, 0.13239440321922302, 0.13305720686912537, 0.13920241594314575, 0.1444067806005478, 0.14812691509723663, 0.1569647192955017, 0.1632564812898636]}