{"loss": [0.29404887557029724, 0.05781342834234238, 0.0349578857421875, 0.026158295571804047, 0.02377290464937687, 0.019934803247451782, 0.01540367491543293, 0.01658417098224163, 0.014091018587350845, 0.012537313625216484, 0.013331339694559574, 0.011547686532139778, 0.012230995111167431, 0.011802983470261097, 0.01127073634415865, 0.011480406858026981, 0.01142933126538992, 0.01102297380566597, 0.011114228516817093, 0.010982870124280453, 0.010854729451239109, 0.01083944272249937, 0.010655032470822334, 0.010549579747021198, 0.010524187237024307, 0.010372595861554146, 0.01020126137882471, 0.0101263877004385, 0.010045241564512253, 0.009889325127005577, 0.009743386879563332, 0.009658360853791237], "val_loss": [0.012374239042401314, 0.005813420284539461, 0.012284841388463974, 0.010867226868867874, 0.011399774812161922, 0.010004239156842232, 0.010011209174990654, 0.008372067473828793, 0.006251118145883083, 0.006125596351921558, 0.006101206410676241, 0.00785817950963974, 0.0062755439430475235, 0.00643516331911087, 0.0067258570343256, 0.007012593559920788, 0.006374920718371868, 0.006533343344926834, 0.006710444577038288, 0.006601548753678799, 0.006727030500769615, 0.006651842501014471, 0.006628965027630329, 0.006746908184140921, 0.006716613192111254, 0.006705038249492645, 0.006799349561333656, 0.006772730965167284, 0.0067328657023608685, 0.006788231432437897, 0.006799598690122366, 0.006804754491895437]}