{"loss": [0.45174670219421387, 0.11361924558877945, 0.06874383240938187, 0.036939587444067, 0.030788956210017204, 0.02341718226671219, 0.01613440178334713, 0.014728240668773651, 0.011336952447891235, 0.01184634119272232, 0.00983788538724184, 0.00910869799554348, 0.00835744384676218, 0.007221614476293325, 0.0068367947824299335, 0.005832281429320574, 0.005618568975478411, 0.004903110209852457, 0.004443811718374491, 0.003955484833568335, 0.0035287542268633842, 0.0031675559002906084, 0.0026676093693822622, 0.002446162747219205, 0.0020891097374260426, 0.0018524668412283063, 0.001640312373638153, 0.0014849727740511298, 0.0013469932600855827, 0.0012463191524147987, 0.0011671612737700343, 0.0010903885122388601], "val_loss": [0.08787505328655243, 0.03931473568081856, 0.011223992332816124, 0.013391629792749882, 0.011809218674898148, 0.009906593710184097, 0.007272826507687569, 0.00471726106479764, 0.006245406810194254, 0.0026009592693299055, 0.004109740257263184, 0.002155760070309043, 0.0034120010677725077, 0.0018856601091101766, 0.002865860238671303, 0.0019850984681397676, 0.001771693816408515, 0.0018622814677655697, 0.0016155679477378726, 0.002037378726527095, 0.0014490502653643489, 0.001663362723775208, 0.0013346467167139053, 0.0016189859015867114, 0.0011428252328187227, 0.0012815830996260047, 0.0011233554687350988, 0.001085318042896688, 0.0011255143908783793, 0.0008797558257356286, 0.000987364212051034, 0.0008700832258909941]}