{"loss": [3.0130233764648438, 0.3705170452594757, 0.12435141950845718, 0.09239991754293442, 0.07523198425769806, 0.06379484385251999, 0.043993860483169556, 0.03163393959403038, 0.03218209743499756, 0.02148313820362091, 0.015023067593574524, 0.013600769452750683, 0.011426554061472416, 0.0077326539903879166, 0.006519640330225229, 0.006087954621762037, 0.005100747104734182, 0.004998456221073866, 0.004426036030054092, 0.004317974206060171, 0.004247735720127821, 0.0034896363504230976, 0.003578766016289592, 0.0035808917600661516, 0.0032173984218388796, 0.003564207348972559, 0.0050467997789382935, 0.004638033919036388, 0.004274659790098667, 0.005974430590867996, 0.007218977436423302, 0.005224267952144146], "val_loss": [0.10975392907857895, 0.11547484993934631, 0.08655428141355515, 0.11012807488441467, 0.05766474828124046, 0.06642421334981918, 0.05124577879905701, 0.02290491759777069, 0.032743267714977264, 0.05041585862636566, 0.034895122051239014, 0.021749233826994896, 0.01765105128288269, 0.016294129192829132, 0.010039321146905422, 0.011856060475111008, 0.01078228373080492, 0.009313100017607212, 0.009054919704794884, 0.008435011841356754, 0.008635888807475567, 0.00918995775282383, 0.01024785079061985, 0.007707964163273573, 0.007249959744513035, 0.008403176441788673, 0.006191807799041271, 0.009342823177576065, 0.013949437066912651, 0.015680888667702675, 0.006294163875281811, 0.01277841068804264]}