{"loss": [0.6449480652809143, 0.1249220073223114, 0.08530791848897934, 0.05347562953829765, 0.045542944222688675, 0.03447068855166435, 0.029253961518406868, 0.026964204385876656, 0.02545902691781521, 0.022842003032565117, 0.022237112745642662, 0.020153092220425606, 0.01796776056289673, 0.016697263345122337, 0.01507127657532692, 0.013470894657075405, 0.011672253720462322, 0.010122101753950119, 0.00859778095036745, 0.007042637560516596, 0.005775595083832741, 0.00478987954556942, 0.0040457830764353275, 0.0034299660474061966, 0.0030452096834778786, 0.0026822860818356276, 0.0025034358259290457, 0.0021997394505888224, 0.0020330101251602173, 0.0017987986793741584, 0.0016476833261549473, 0.001480774488300085], "val_loss": [0.020994650200009346, 0.018755747005343437, 0.023775238543748856, 0.03273006156086922, 0.01030498743057251, 0.013596190139651299, 0.013122749514877796, 0.010801355354487896, 0.021378690376877785, 0.007775175850838423, 0.007100156042724848, 0.006960419472306967, 0.013550760224461555, 0.01068771444261074, 0.009552580304443836, 0.015214589424431324, 0.011573544703423977, 0.01134534738957882, 0.010553876869380474, 0.00853586196899414, 0.009000856429338455, 0.005287975072860718, 0.007286368869245052, 0.005207209847867489, 0.006480291485786438, 0.004346403293311596, 0.0063280160538852215, 0.0045388564467430115, 0.005995022598654032, 0.004241108428686857, 0.0047951205633580685, 0.003898588242009282]}