{"loss": [0.537023663520813, 0.13955038785934448, 0.07923668622970581, 0.03721699118614197, 0.036320410668849945, 0.02253582701086998, 0.02253730781376362, 0.017197029665112495, 0.01695087179541588, 0.015765264630317688, 0.014787235297262669, 0.014955611899495125, 0.013870377093553543, 0.013971958309412003, 0.013555724173784256, 0.013296248391270638, 0.013386266306042671, 0.012982804328203201, 0.013135193847119808, 0.012791174463927746, 0.012836895883083344, 0.012612029910087585, 0.012586974538862705, 0.012446707114577293, 0.012381318025290966, 0.01226811669766903, 0.012183267623186111, 0.012086442671716213, 0.011999181471765041, 0.011902504600584507, 0.011815041303634644, 0.011704283766448498], "val_loss": [0.17955224215984344, 0.16810360550880432, 0.041061170399188995, 0.09766782075166702, 0.01767854578793049, 0.048375923186540604, 0.01628631167113781, 0.018595386296510696, 0.017531225457787514, 0.01533298660069704, 0.02240917459130287, 0.014909761026501656, 0.01938847452402115, 0.017592912539839745, 0.016517914831638336, 0.019409766420722008, 0.016150185838341713, 0.019562816247344017, 0.017283983528614044, 0.01962210237979889, 0.018426155671477318, 0.019503368064761162, 0.019212637096643448, 0.019933616742491722, 0.020372172817587852, 0.021130865439772606, 0.021695207804441452, 0.022351423278450966, 0.0232007447630167, 0.02425134740769863, 0.025389933958649635, 0.026724494993686676]}