{"loss": [1.6220442056655884, 0.15635930001735687, 0.05423474684357643, 0.05039913207292557, 0.03843699023127556, 0.04738093540072441, 0.023996423929929733, 0.0385836660861969, 0.022548386827111244, 0.015620782971382141, 0.011995531618595123, 0.010259043425321579, 0.009360948577523232, 0.00831126980483532, 0.00628527719527483, 0.005696418695151806, 0.006345062982290983, 0.0056558772921562195, 0.004963385406881571, 0.005987975746393204, 0.0074920207262039185, 0.005864438600838184, 0.004532231949269772, 0.00568765215575695, 0.007795235142111778, 0.008789004758000374, 0.007752310484647751, 0.005980551242828369, 0.007122018374502659, 0.010118023492395878, 0.010513881221413612, 0.009783648885786533], "val_loss": [1.128995418548584, 0.45235857367515564, 0.4734947085380554, 0.7472526431083679, 0.803263783454895, 0.8375402688980103, 0.766846776008606, 0.6827859878540039, 0.7216856479644775, 0.6324752569198608, 0.4702276885509491, 0.2658008933067322, 0.23173865675926208, 0.2989634573459625, 0.3763476014137268, 0.41431936621665955, 0.36233359575271606, 0.2733391523361206, 0.21990543603897095, 0.18115907907485962, 0.17662806808948517, 0.19256582856178284, 0.23621860146522522, 0.2617303729057312, 0.2806650400161743, 0.25780194997787476, 0.2216516137123108, 0.19476012885570526, 0.17528095841407776, 0.21002493798732758, 0.2308591604232788, 0.28264153003692627]}