{"loss": [0.4749116897583008, 0.17388968169689178, 0.10179685056209564, 0.08991005271673203, 0.06529231369495392, 0.056491803377866745, 0.054101794958114624, 0.05272980034351349, 0.04714421182870865, 0.04687265306711197, 0.04450523108243942, 0.04419349133968353, 0.04377422481775284, 0.042192406952381134, 0.042387913912534714, 0.041312653571367264, 0.04109597206115723, 0.04082219675183296, 0.040461380034685135, 0.039826326072216034, 0.039868224412202835, 0.03964013233780861, 0.039652854204177856, 0.03907443955540657, 0.0394178181886673, 0.03848692402243614, 0.03825833648443222, 0.037873830646276474, 0.03746931627392769, 0.03696907311677933, 0.03681506589055061, 0.036795660853385925], "val_loss": [0.23281940817832947, 0.16394522786140442, 0.08653037995100021, 0.06725167483091354, 0.054453276097774506, 0.051508285105228424, 0.046242304146289825, 0.045257389545440674, 0.04597259685397148, 0.04344538226723671, 0.04427274689078331, 0.04273863509297371, 0.04315369576215744, 0.042187608778476715, 0.04220813512802124, 0.04312116652727127, 0.04249700531363487, 0.04320688173174858, 0.043511196970939636, 0.04329850524663925, 0.043845340609550476, 0.04487380385398865, 0.04371975362300873, 0.04451558366417885, 0.04550047591328621, 0.044975027441978455, 0.045820966362953186, 0.04658062011003494, 0.046068716794252396, 0.0467769131064415, 0.04726980999112129, 0.048543624579906464]}