{"loss": [0.6371568441390991, 0.1908872276544571, 0.09346013516187668, 0.06671756505966187, 0.05552417412400246, 0.03644724190235138, 0.02894178219139576, 0.021413033828139305, 0.019163822755217552, 0.013696394860744476, 0.012447045184671879, 0.010610584169626236, 0.008608564734458923, 0.00832362100481987, 0.00747358612716198, 0.006644755601882935, 0.006084672641009092, 0.005722127854824066, 0.005182799883186817, 0.0048682852648198605, 0.004450371488928795, 0.004147297237068415, 0.003832456888630986, 0.003532758913934231, 0.003224477404728532, 0.0029604125302284956, 0.0027127666398882866, 0.00248073972761631, 0.0022597198840230703, 0.002034019911661744, 0.001837260089814663, 0.0016421970212832093], "val_loss": [0.024355443194508553, 0.05774630606174469, 0.04350412264466286, 0.014826707541942596, 0.03226199001073837, 0.012649551965296268, 0.01279333233833313, 0.005905681289732456, 0.009109925478696823, 0.006590986158698797, 0.005016534589231014, 0.004156113602221012, 0.0032620748970657587, 0.0027073363307863474, 0.00267164409160614, 0.002784227253869176, 0.0023122241254895926, 0.002057737438008189, 0.0018786563305184245, 0.0016913514118641615, 0.001614278880879283, 0.0014030708698555827, 0.0013882628409191966, 0.0012954911217093468, 0.0012092916294932365, 0.0011178965214639902, 0.0010737890843302011, 0.0010240739211440086, 0.0009443655726499856, 0.0009440309950150549, 0.0009026113548316061, 0.0007951472070999444]}