{"loss": [3.078058958053589, 0.3065236806869507, 0.15323179960250854, 0.08883129060268402, 0.05898984149098396, 0.04482291266322136, 0.037601668387651443, 0.028293441981077194, 0.024809878319501877, 0.020666897296905518, 0.01971556432545185, 0.019155137240886688, 0.019383810460567474, 0.019747553393244743, 0.017216866835951805, 0.015300112776458263, 0.014313834719359875, 0.012963708490133286, 0.012085149064660072, 0.011328286491334438, 0.011066356673836708, 0.010573705658316612, 0.009738515131175518, 0.00971459224820137, 0.00940835289657116, 0.00919734314084053, 0.008540875278413296, 0.007944888435304165, 0.00788206048309803, 0.007717092987149954, 0.008127929642796516, 0.007904390804469585], "val_loss": [0.42693954706192017, 0.248324453830719, 0.06287520378828049, 0.07115188986063004, 0.038653664290905, 0.028579531237483025, 0.028662731871008873, 0.029831301420927048, 0.025647306814789772, 0.02348170056939125, 0.02153228595852852, 0.017827192321419716, 0.017775725573301315, 0.019727451726794243, 0.018457047641277313, 0.019073063507676125, 0.020337849855422974, 0.018999265506863594, 0.019038675352931023, 0.019397737458348274, 0.018916212022304535, 0.018059147521853447, 0.017982641234993935, 0.018315937370061874, 0.01980479247868061, 0.018105465918779373, 0.017148561775684357, 0.01774977520108223, 0.01809559017419815, 0.01816563680768013, 0.018071511760354042, 0.016735674813389778]}