{"loss": [0.6290717124938965, 0.1221260279417038, 0.05127531290054321, 0.05147332698106766, 0.04373694956302643, 0.02107340469956398, 0.024968933314085007, 0.021280398592352867, 0.01659017615020275, 0.01022106222808361, 0.013787617906928062, 0.01133866049349308, 0.010487871244549751, 0.008020608685910702, 0.008395692333579063, 0.008159199729561806, 0.006743688136339188, 0.006469279062002897, 0.005894026719033718, 0.005767043214291334, 0.005267650820314884, 0.004921944811940193, 0.0043860143050551414, 0.004388806410133839, 0.004065064247697592, 0.003756504040211439, 0.0034580023493617773, 0.0032684216275811195, 0.002987070009112358, 0.002795943059027195, 0.0024968888610601425, 0.0022585936821997166], "val_loss": [0.005291870329529047, 0.03431379795074463, 0.01962151937186718, 0.02402128465473652, 0.003762287087738514, 0.006028752774000168, 0.012373371981084347, 0.0016388378571718931, 0.001828369335271418, 0.0037021504249423742, 0.0013818738516420126, 0.0022987674456089735, 0.0012048910139128566, 0.0029828129336237907, 0.0006874204846099019, 0.0005589111242443323, 0.0016121470835059881, 0.00039742697845213115, 0.001002613571472466, 0.000500424241181463, 0.0002829821314662695, 0.0006686437991447747, 0.00046323356218636036, 0.0002916552184615284, 0.0003443605965003371, 0.00032356235897168517, 0.00021166287478990853, 0.0001765438064467162, 0.00028045789804309607, 0.00023289128148462623, 0.00018563441699370742, 0.0001681200519669801]}