{"loss": [0.3726181387901306, 0.046143610030412674, 0.02624339424073696, 0.02412431687116623, 0.019601861014962196, 0.01943642646074295, 0.016471300274133682, 0.01608436554670334, 0.014590511098504066, 0.014460021629929543, 0.013854539021849632, 0.013744409196078777, 0.013400059193372726, 0.013113045133650303, 0.013206887058913708, 0.01305138785392046, 0.013063006103038788, 0.012981494888663292, 0.01322123222053051, 0.01361497025936842, 0.013616782613098621, 0.012957468628883362, 0.012079725973308086, 0.012141106650233269, 0.012675687670707703, 0.012675412930548191, 0.013888424262404442, 0.014169406145811081, 0.01227493304759264, 0.011860966682434082, 0.01229727454483509, 0.012486129999160767], "val_loss": [0.030954599380493164, 0.027572432532906532, 0.013750801794230938, 0.010467885993421078, 0.008486172184348106, 0.00696631008759141, 0.007647640071809292, 0.00757201574742794, 0.0077195437625050545, 0.009606082923710346, 0.007728537078946829, 0.008195536211133003, 0.007568379398435354, 0.007574779447168112, 0.007962672971189022, 0.009069959633052349, 0.009747711941599846, 0.010260860435664654, 0.009976991452276707, 0.010272575542330742, 0.009270021691918373, 0.008261281996965408, 0.0069090332835912704, 0.006701834965497255, 0.008564108051359653, 0.01106470450758934, 0.01052914559841156, 0.00859456043690443, 0.006335392128676176, 0.006219983566552401, 0.008520779199898243, 0.00976383127272129]}