{"loss": [2.1304826736450195, 0.32489633560180664, 0.09867549687623978, 0.07207422703504562, 0.04917001724243164, 0.039007123559713364, 0.03929232433438301, 0.0288520697504282, 0.02790321595966816, 0.017984595149755478, 0.015794318169355392, 0.013622676953673363, 0.012530557811260223, 0.010041313245892525, 0.009420967660844326, 0.013256547972559929, 0.014009333215653896, 0.02120376005768776, 0.016796885058283806, 0.017208773642778397, 0.025157690048217773, 0.019728992134332657, 0.02617737650871277, 0.024800196290016174, 0.020496688783168793, 0.021104436367750168, 0.03049754723906517, 0.022516541182994843, 0.026185758411884308, 0.023179078474640846, 0.033656131476163864, 0.023153841495513916], "val_loss": [0.7359801530838013, 0.09723484516143799, 0.063106968998909, 0.03679460287094116, 0.03597327321767807, 0.058477386832237244, 0.03410199657082558, 0.05274143069982529, 0.03673599660396576, 0.038885146379470825, 0.040574077516794205, 0.04362967982888222, 0.04052155092358589, 0.04111473262310028, 0.054638221859931946, 0.04765397310256958, 0.07769950479269028, 0.04345185309648514, 0.04626072943210602, 0.057912275195121765, 0.04617869481444359, 0.07743015885353088, 0.05693494901061058, 0.04350167512893677, 0.061697471886873245, 0.08169655501842499, 0.038184959441423416, 0.09659069031476974, 0.06306236982345581, 0.06332166492938995, 0.05076020210981369, 0.09002948552370071]}