{"loss": [0.33078011870384216, 0.06547003984451294, 0.036524202674627304, 0.023487256839871407, 0.013287163339555264, 0.010721194557845592, 0.009607749059796333, 0.007363030221313238, 0.00622868537902832, 0.005779045168310404, 0.004730237182229757, 0.004628782160580158, 0.004300558939576149, 0.003733056830242276, 0.003551807953044772, 0.0033628882374614477, 0.003095300169661641, 0.0029727916698902845, 0.0027622610796242952, 0.002662606770172715, 0.00253089121542871, 0.002376500517129898, 0.0022916013840585947, 0.002171628177165985, 0.002044739667326212, 0.0019369125366210938, 0.001818410586565733, 0.0017271367833018303, 0.0016160737723112106, 0.0015121623873710632, 0.0014100425178185105, 0.0013110246509313583], "val_loss": [1.2060861587524414, 1.251685619354248, 1.5478416681289673, 0.7217502593994141, 0.7557579874992371, 0.9894475340843201, 0.7751905918121338, 0.8496626615524292, 1.1303812265396118, 1.0557262897491455, 0.9136025309562683, 0.9364344477653503, 0.9137753248214722, 0.7953612804412842, 0.7116849422454834, 0.6751320958137512, 0.6638869643211365, 0.6415666341781616, 0.6074491739273071, 0.6115370392799377, 0.6021089553833008, 0.558915376663208, 0.5474514365196228, 0.5401889085769653, 0.5206144452095032, 0.5164417624473572, 0.5189087390899658, 0.5189849734306335, 0.5156617760658264, 0.517484724521637, 0.5112594366073608, 0.5077606439590454]}