{"loss": [0.5134782791137695, 0.10921098291873932, 0.08082008361816406, 0.05857688933610916, 0.050347939133644104, 0.04465541988611221, 0.040553633123636246, 0.038941096514463425, 0.03673859313130379, 0.03605658560991287, 0.03596042841672897, 0.03527965024113655, 0.034762028604745865, 0.03456772491335869, 0.034017644822597504, 0.0335049144923687, 0.033394135534763336, 0.03314778953790665, 0.03279360011219978, 0.0323776975274086, 0.03198622539639473, 0.031775396317243576, 0.03160290792584419, 0.031396783888339996, 0.03129071369767189, 0.03143416717648506, 0.03071051836013794, 0.03014874830842018, 0.029929768294095993, 0.030562106519937515, 0.0310649573802948, 0.02943366765975952], "val_loss": [0.03729322552680969, 0.03349122405052185, 0.022435979917645454, 0.02758195996284485, 0.024142267182469368, 0.022237733006477356, 0.021242201328277588, 0.022151555866003036, 0.021523600444197655, 0.021439198404550552, 0.021329212933778763, 0.021233854815363884, 0.02034907601773739, 0.020331697538495064, 0.020316841080784798, 0.020041925832629204, 0.02006346732378006, 0.020106978714466095, 0.02025740221142769, 0.020259736105799675, 0.020374568179249763, 0.020531028509140015, 0.020572371780872345, 0.02068021520972252, 0.02082674950361252, 0.02106652967631817, 0.021337686106562614, 0.020980242639780045, 0.021188251674175262, 0.021627405658364296, 0.021257596090435982, 0.022277211770415306]}