{"loss": [2.2339212894439697, 0.24168619513511658, 0.20938551425933838, 0.17007635533809662, 0.14957159757614136, 0.16137944161891937, 0.15151511132717133, 0.15785300731658936, 0.1526481807231903, 0.15441590547561646, 0.15208345651626587, 0.1527346968650818, 0.1496598720550537, 0.15378040075302124, 0.15150713920593262, 0.1522095501422882, 0.1499355435371399, 0.15288932621479034, 0.328019917011261, 0.18236011266708374, 0.2221047580242157, 0.1676155924797058, 0.18758483231067657, 0.1600435972213745, 0.1787843406200409, 0.15709131956100464, 0.16815420985221863, 0.15560537576675415, 0.1615332067012787, 0.15116721391677856, 0.1381598263978958, 0.13705669343471527], "val_loss": [0.04196625575423241, 0.9048359394073486, 0.5827649235725403, 0.20077188313007355, 0.46042943000793457, 0.282304972410202, 0.3827524483203888, 0.30658432841300964, 0.3699718415737152, 0.3270398676395416, 0.35641831159591675, 0.3219407796859741, 0.36696574091911316, 0.33530810475349426, 0.3489983379840851, 0.3355189859867096, 0.36968690156936646, 0.3271065652370453, 0.09898855537176132, 0.6060469150543213, 0.1910037398338318, 0.5019805431365967, 0.23437762260437012, 0.4256807863712311, 0.27489200234413147, 0.3796207904815674, 0.3027799725532532, 0.35914382338523865, 0.3145104646682739, 0.34058624505996704, 0.278537392616272, 0.044340915977954865]}