{"loss": [3.6275014877319336, 0.2431536614894867, 0.10346484184265137, 0.08895110338926315, 0.06983216106891632, 0.0866517722606659, 0.08832642436027527, 0.06704974174499512, 0.05450223758816719, 0.04350955784320831, 0.04060428962111473, 0.03351254761219025, 0.03405676782131195, 0.04236207902431488, 0.048474039882421494, 0.06370940804481506, 0.04797195643186569, 0.04245223477482796, 0.0361492894589901, 0.03591102361679077, 0.029056508094072342, 0.021915022283792496, 0.016228917986154556, 0.015774386003613472, 0.02731412462890148, 0.025992536917328835, 0.02280760370194912, 0.02339138835668564, 0.018021907657384872, 0.01636320725083351, 0.012754945084452629, 0.01213905680924654], "val_loss": [0.13963772356510162, 0.1261589676141739, 0.06196548789739609, 0.051045745611190796, 0.251124769449234, 0.24959926307201385, 0.13995608687400818, 0.120958611369133, 0.08278845250606537, 0.05643913894891739, 0.040646329522132874, 0.07062376290559769, 0.10842021554708481, 0.09180402755737305, 0.1393565535545349, 0.16398301720619202, 0.09868290275335312, 0.2452443242073059, 0.18368646502494812, 0.1586134135723114, 0.12395495176315308, 0.10842027515172958, 0.09663715213537216, 0.10342239588499069, 0.16950666904449463, 0.08387991786003113, 0.1625327318906784, 0.1594754159450531, 0.11283218860626221, 0.17262767255306244, 0.12900619208812714, 0.10111105442047119]}