{"loss": [0.41185542941093445, 0.16696397960186005, 0.07459466904401779, 0.042593058198690414, 0.03960385546088219, 0.025582030415534973, 0.020858034491539, 0.01710769720375538, 0.01294843852519989, 0.010000534355640411, 0.010171688161790371, 0.00848041009157896, 0.007867231033742428, 0.0070623978972435, 0.006388116627931595, 0.005866344552487135, 0.005214410368353128, 0.004983008839190006, 0.004417387768626213, 0.004160970449447632, 0.0037303052376955748, 0.003407490672543645, 0.0030599727761000395, 0.0027435922529548407, 0.00246881484054029, 0.002221723087131977, 0.001980623695999384, 0.001791705028153956, 0.0016117504565045238, 0.00148660724516958, 0.0013708401238545775, 0.0012604488292708993], "val_loss": [0.022960415109992027, 0.08665633946657181, 0.06597255915403366, 0.016986718401312828, 0.01676298677921295, 0.023831726983189583, 0.008517871610820293, 0.00935906358063221, 0.006116105243563652, 0.004706442356109619, 0.0051663885824382305, 0.004506952594965696, 0.004652602598071098, 0.0042619225569069386, 0.004274694249033928, 0.00406411150470376, 0.0034957467578351498, 0.0034211173187941313, 0.003260925645008683, 0.0033925294410437346, 0.0032069776207208633, 0.003127052914351225, 0.0029377967584878206, 0.002840906148776412, 0.0026034703478217125, 0.0025359869468957186, 0.002382613020017743, 0.002362332306802273, 0.002224000170826912, 0.0021879549603909254, 0.002107685199007392, 0.002015900332480669]}