{"loss": [0.35104116797447205, 0.09480789303779602, 0.0548783540725708, 0.038515470921993256, 0.025811459869146347, 0.021679893136024475, 0.018250722438097, 0.015209296718239784, 0.014561385847628117, 0.013532299548387527, 0.013155343942344189, 0.01250848826020956, 0.012120740488171577, 0.011829879134893417, 0.011568794026970863, 0.011576731689274311, 0.011268960312008858, 0.011309810914099216, 0.011185727082192898, 0.01111466996371746, 0.011035876348614693, 0.011058444157242775, 0.0109073705971241, 0.010896923951804638, 0.010819116607308388, 0.01080735307186842, 0.010708745568990707, 0.010653923265635967, 0.010612941347062588, 0.010545903816819191, 0.010503645986318588, 0.010419436730444431], "val_loss": [0.1147458404302597, 0.06323762983083725, 0.032848432660102844, 0.029759444296360016, 0.029808243736624718, 0.02453949674963951, 0.026170901954174042, 0.02320646122097969, 0.02472928911447525, 0.025264261290431023, 0.025073114782571793, 0.025696421042084694, 0.02596018649637699, 0.026254817843437195, 0.026822905987501144, 0.026648717001080513, 0.026978516951203346, 0.027220934629440308, 0.027300827205181122, 0.027355609461665154, 0.02747436985373497, 0.027408411726355553, 0.02735286019742489, 0.02730426751077175, 0.02734619565308094, 0.027258766815066338, 0.02726057916879654, 0.027269277721643448, 0.027332806959748268, 0.027343077585101128, 0.027330519631505013, 0.02736084721982479]}