{"loss": [2.127706527709961, 0.4870149791240692, 0.1418076455593109, 0.08092370629310608, 0.05814168602228165, 0.04457012936472893, 0.038756098598241806, 0.02626628987491131, 0.047706350684165955, 0.05665350332856178, 0.08104582875967026, 0.05575188994407654, 0.0948704332113266, 0.0748329684138298, 0.05121322348713875, 0.04149919003248215, 0.03392428904771805, 0.025393469259142876, 0.01978827640414238, 0.01655886135995388, 0.014708975329995155, 0.01239414606243372, 0.009662630967795849, 0.009290292859077454, 0.008402056992053986, 0.007606395520269871, 0.006764187477529049, 0.006371363997459412, 0.006212623789906502, 0.006718525663018227, 0.0069860853254795074, 0.006673392839729786], "val_loss": [0.8527796268463135, 0.06766004860401154, 0.005827298387885094, 0.005362578202039003, 0.02570895105600357, 0.014586545526981354, 0.035844530910253525, 0.020110301673412323, 0.012692919000983238, 0.013463139533996582, 0.014959871768951416, 0.20278729498386383, 0.006005984731018543, 0.07492980360984802, 0.012609893456101418, 0.007427004165947437, 0.03677443042397499, 0.029752390459179878, 0.019555488601326942, 0.006455523427575827, 0.017014030367136, 0.010101256892085075, 0.003976189531385899, 0.003978032153099775, 0.004708881489932537, 0.00546914292499423, 0.005199112463742495, 0.003384627168998122, 0.003026311518624425, 0.003627922385931015, 0.004643991123884916, 0.004588218405842781]}