{"loss": [0.3482973873615265, 0.09658631682395935, 0.05159422382712364, 0.0335322767496109, 0.026826899498701096, 0.0191472340375185, 0.01155355665832758, 0.009045088663697243, 0.0071677761152386665, 0.006577394902706146, 0.0058790696784853935, 0.005285204853862524, 0.005329743959009647, 0.004907451570034027, 0.004989385139197111, 0.004690148867666721, 0.004720971919596195, 0.004667110275477171, 0.004574076738208532, 0.004620476625859737, 0.004503524862229824, 0.004507160745561123, 0.004514382686465979, 0.004453744273632765, 0.00443913834169507, 0.004439877811819315, 0.004411239642649889, 0.004389466252177954, 0.004386278800666332, 0.0043716877698898315, 0.004347869195044041, 0.004335913807153702], "val_loss": [0.3537733256816864, 0.14804713428020477, 0.032352667301893234, 0.09358832240104675, 0.014171919785439968, 0.0468168780207634, 0.0016619268571957946, 0.015002499334514141, 0.0025446228682994843, 0.01391991600394249, 0.0018928496865555644, 0.008905143477022648, 0.002232115715742111, 0.006802722346037626, 0.004138641059398651, 0.00589358527213335, 0.0042268019169569016, 0.0033173507545143366, 0.0030808094888925552, 0.0029573440551757812, 0.0029301142785698175, 0.0032011778093874454, 0.0029051280580461025, 0.0027579355519264936, 0.002927544293925166, 0.002768793608993292, 0.002721223048865795, 0.0027434634976089, 0.0026781216729432344, 0.0026878213975578547, 0.0027018364053219557, 0.002675780327990651]}