{"loss": [0.6079822182655334, 0.11681123822927475, 0.06551986187696457, 0.04812934994697571, 0.031155988574028015, 0.019429348409175873, 0.015614226460456848, 0.014258503913879395, 0.012240632437169552, 0.007654622197151184, 0.008086763322353363, 0.007137698587030172, 0.005659505724906921, 0.005132699850946665, 0.004746998194605112, 0.004246244672685862, 0.003875293070450425, 0.0031880273018032312, 0.0029840630013495684, 0.002616708865389228, 0.002300234278663993, 0.002037028782069683, 0.0017276242142543197, 0.001524649909697473, 0.0012837763642892241, 0.0011408793507143855, 0.0009462316520512104, 0.0008276689914055169, 0.0007118368521332741, 0.0006340647232718766, 0.0005809555295854807, 0.0005156674305908382], "val_loss": [0.0245310477912426, 0.017806358635425568, 0.01174409594386816, 0.011425054632127285, 0.004178863484412432, 0.004810658749192953, 0.006869097240269184, 0.0036837910301983356, 0.0048572770319879055, 0.005893319845199585, 0.005713003221899271, 0.003707158612087369, 0.00397323165088892, 0.0038365356158465147, 0.004911924246698618, 0.003806749824434519, 0.0035222750157117844, 0.0028812624514102936, 0.0030615939758718014, 0.002746168291196227, 0.0028535895980894566, 0.002349692629650235, 0.0024484344758093357, 0.002102784812450409, 0.0022180823143571615, 0.001877003931440413, 0.0017908980371430516, 0.0017208762001246214, 0.0016098886262625456, 0.0015081310411915183, 0.0012980629689991474, 0.0013014706782996655]}