{"loss": [0.4850061237812042, 0.17918026447296143, 0.09144852310419083, 0.06948012113571167, 0.04417021572589874, 0.027941718697547913, 0.025378597900271416, 0.017928192391991615, 0.016594408079981804, 0.013392258435487747, 0.011733484454452991, 0.011230754666030407, 0.00924020167440176, 0.009157412685453892, 0.008352323435246944, 0.007382955867797136, 0.007098293397575617, 0.006559721659868956, 0.005907811224460602, 0.005580310244113207, 0.005139246117323637, 0.004712240304797888, 0.004348380025476217, 0.003912896383553743, 0.0035673410166054964, 0.0031997382175177336, 0.002868887037038803, 0.00257652229629457, 0.002288354327902198, 0.0020721969194710255, 0.0018495301483199, 0.0016827069921419024], "val_loss": [0.3693765699863434, 0.06489478796720505, 0.1949671506881714, 0.07319332659244537, 0.04530218243598938, 0.059295158833265305, 0.026114119216799736, 0.02872125804424286, 0.033906321972608566, 0.04694303125143051, 0.024867158383131027, 0.01929374411702156, 0.020388901233673096, 0.010166371241211891, 0.00792045146226883, 0.009915466420352459, 0.006275708321481943, 0.005500428844243288, 0.0073842937126755714, 0.004570885095745325, 0.005118102766573429, 0.004914174787700176, 0.004137083888053894, 0.005550761707127094, 0.004047507420182228, 0.004523071460425854, 0.004425144288688898, 0.004217653535306454, 0.004834539722651243, 0.0041916249319911, 0.005062753800302744, 0.0039120991714298725]}