{"loss": [1.77288818359375, 0.2650544047355652, 0.2124568521976471, 0.17518410086631775, 0.10012859851121902, 0.09373456984758377, 0.06819002330303192, 0.05001542717218399, 0.04542338103055954, 0.04039836302399635, 0.030001351609826088, 0.02761591039597988, 0.02178097702562809, 0.0171230249106884, 0.01570485718548298, 0.01336481049656868, 0.011843989603221416, 0.010563946329057217, 0.009667845442891121, 0.009034570306539536, 0.00752079114317894, 0.00682502007111907, 0.006201948504894972, 0.005792244803160429, 0.004920708015561104, 0.004083232022821903, 0.0035303661134094, 0.003374509047716856, 0.0029138904064893723, 0.0025411779060959816, 0.0022553529124706984, 0.002410395536571741], "val_loss": [0.3692595064640045, 0.45246097445487976, 0.6276889443397522, 0.468295156955719, 0.42515331506729126, 0.39507174491882324, 0.4310607612133026, 0.39611849188804626, 0.36265289783477783, 0.3661448657512665, 0.3589503765106201, 0.3809552490711212, 0.35505735874176025, 0.3251468539237976, 0.31279852986335754, 0.3185093104839325, 0.32324478030204773, 0.3103761374950409, 0.3105660378932953, 0.29272302985191345, 0.28477317094802856, 0.2797573506832123, 0.26929405331611633, 0.2574586868286133, 0.24859589338302612, 0.24060823023319244, 0.2264951914548874, 0.2120009958744049, 0.20488044619560242, 0.1957709789276123, 0.20223969221115112, 0.18655870854854584]}