{"loss": [0.32248765230178833, 0.06792647391557693, 0.05057986080646515, 0.03850959241390228, 0.029257964342832565, 0.024583816528320312, 0.021422024816274643, 0.01932448334991932, 0.018868882209062576, 0.01804729923605919, 0.017969274893403053, 0.017171816900372505, 0.017284732311964035, 0.01668619178235531, 0.01677640900015831, 0.016502732411026955, 0.01636129803955555, 0.016221363097429276, 0.016079429537057877, 0.01601276732981205, 0.015860768035054207, 0.015786290168762207, 0.01564677804708481, 0.015528125688433647, 0.015452642925083637, 0.015305309556424618, 0.015171824023127556, 0.015057714655995369, 0.014917271211743355, 0.01479573454707861, 0.014662199653685093, 0.014540080912411213], "val_loss": [0.0416487455368042, 0.025113381445407867, 0.023757431656122208, 0.04896610602736473, 0.01034129224717617, 0.016123659908771515, 0.014077149331569672, 0.009867008775472641, 0.012486282736063004, 0.009508541785180569, 0.012452814728021622, 0.009528079070150852, 0.011338962242007256, 0.00922949705272913, 0.01146210078150034, 0.010042651556432247, 0.011087297461926937, 0.010300840251147747, 0.010489369742572308, 0.011293506249785423, 0.010808019898831844, 0.011391938664019108, 0.01107542123645544, 0.01144628506153822, 0.01164995040744543, 0.011207115836441517, 0.011584379710257053, 0.011880327947437763, 0.01181267760694027, 0.012044236063957214, 0.012289195321500301, 0.012329751625657082]}