{"loss": [0.3739405870437622, 0.05394535884261131, 0.0396413616836071, 0.027059169486165047, 0.02363431453704834, 0.01942615956068039, 0.01578643172979355, 0.013377943076193333, 0.012968957424163818, 0.011791347526013851, 0.01135588251054287, 0.011157207190990448, 0.010626700706779957, 0.010672660544514656, 0.010342147201299667, 0.010323729366064072, 0.010185529477894306, 0.009965918958187103, 0.009915861301124096, 0.009836607612669468, 0.009730988182127476, 0.00967656821012497, 0.009486407041549683, 0.0093666547909379, 0.009354407899081707, 0.009246611036360264, 0.009127317927777767, 0.009020165540277958, 0.00897631049156189, 0.008938292041420937, 0.008836830034852028, 0.008693216368556023], "val_loss": [0.011673792265355587, 0.015108512714505196, 0.009020684286952019, 0.00705802021548152, 0.006683884654194117, 0.008402271196246147, 0.006205305922776461, 0.005360168404877186, 0.005614976864308119, 0.005343414843082428, 0.0057266829535365105, 0.005355796776711941, 0.005210503004491329, 0.0053153205662965775, 0.005183760076761246, 0.005252047907561064, 0.005220306571573019, 0.005169034004211426, 0.005170315969735384, 0.005189986899495125, 0.005158350337296724, 0.005141915287822485, 0.005136976484209299, 0.005139767192304134, 0.005135017447173595, 0.005118188448250294, 0.005103079602122307, 0.005096988752484322, 0.005110820755362511, 0.005107602570205927, 0.0050996155478060246, 0.005090494640171528]}