{"loss": [3.896911859512329, 0.4470319151878357, 0.13885562121868134, 0.13078953325748444, 0.0963781401515007, 0.08120892941951752, 0.05512954294681549, 0.060223110020160675, 0.061832573264837265, 0.05294378474354744, 0.0810021311044693, 0.049642063677310944, 0.037022508680820465, 0.030826162546873093, 0.02680385112762451, 0.023328235372900963, 0.018813900649547577, 0.018409518525004387, 0.012903934344649315, 0.01294789556413889, 0.010360443033277988, 0.010696801356971264, 0.009687889367341995, 0.009751299396157265, 0.009037462063133717, 0.007434213068336248, 0.007978524081408978, 0.008014955557882786, 0.008416807278990746, 0.009136306121945381, 0.01106741651892662, 0.011418363079428673], "val_loss": [0.0031286408193409443, 0.3156188130378723, 0.3781435787677765, 0.3884575664997101, 0.3139191269874573, 0.20306159555912018, 0.12405873090028763, 0.07400014251470566, 0.08744581788778305, 0.11666827648878098, 0.07737229019403458, 0.024567527696490288, 0.02948518842458725, 0.02568359300494194, 0.03720689192414284, 0.041531868278980255, 0.03254922851920128, 0.02650526911020279, 0.03665333241224289, 0.037028681486845016, 0.03183282911777496, 0.021071739494800568, 0.021669883280992508, 0.021033359691500664, 0.0281145591288805, 0.02660420909523964, 0.028911281377077103, 0.022676730528473854, 0.027728144079446793, 0.0332987941801548, 0.033527303487062454, 0.05357171595096588]}