{"loss": [0.31905511021614075, 0.05238860845565796, 0.02204238437116146, 0.015384607948362827, 0.012313454411923885, 0.009737521409988403, 0.006611475721001625, 0.005407141521573067, 0.005054381210356951, 0.003976546227931976, 0.0037457908038049936, 0.0032772456761449575, 0.0028405103366822004, 0.0027926620095968246, 0.0022400151938199997, 0.002305792411789298, 0.002119237557053566, 0.0019055804004892707, 0.0018046586774289608, 0.0016687912866473198, 0.0015387306921184063, 0.0013922489015385509, 0.00126123137306422, 0.001154811936430633, 0.0010218999814242125, 0.0009078445727936924, 0.0007961218361742795, 0.0007160705863498151, 0.000625931250397116, 0.0005624418263323605, 0.0005028057494200766, 0.00045867086737416685], "val_loss": [0.08521612733602524, 0.024060383439064026, 0.04598836600780487, 0.02826225571334362, 0.026332447305321693, 0.022280989214777946, 0.01786251924932003, 0.022853422909975052, 0.015653392300009727, 0.02731693722307682, 0.020580682903528214, 0.0214573722332716, 0.022619454190135002, 0.01661888137459755, 0.021711694076657295, 0.016413941979408264, 0.018497595563530922, 0.017808523029088974, 0.019274916499853134, 0.018661484122276306, 0.0179392509162426, 0.017088398337364197, 0.018492186442017555, 0.01674574986100197, 0.01856774277985096, 0.016459692269563675, 0.01796996034681797, 0.016514025628566742, 0.016539564356207848, 0.01706944778561592, 0.015812017023563385, 0.01597542315721512]}