{"loss": [0.25184738636016846, 0.04670890420675278, 0.027726441621780396, 0.019814345985651016, 0.015103671699762344, 0.011750279925763607, 0.01048161182552576, 0.009974701330065727, 0.009044460952281952, 0.007854780182242393, 0.007027576211839914, 0.0062925261445343494, 0.0059976112097501755, 0.0056590549647808075, 0.005641156807541847, 0.005617623683065176, 0.0054910434409976006, 0.00538272550329566, 0.005409285891801119, 0.005370882339775562, 0.0053192125633358955, 0.005234954413026571, 0.005227236542850733, 0.005187775939702988, 0.005168170668184757, 0.0051118237897753716, 0.005054693669080734, 0.0049828169867396355, 0.004890569485723972, 0.0048014502972364426, 0.00471100490540266, 0.004626545123755932], "val_loss": [0.3334023356437683, 0.2515922486782074, 0.21734580397605896, 0.2572536766529083, 0.15774913132190704, 0.17909842729568481, 0.158388152718544, 0.15665456652641296, 0.1513412743806839, 0.16790041327476501, 0.14815481007099152, 0.15879416465759277, 0.16721822321414948, 0.1588498055934906, 0.1614220142364502, 0.16735349595546722, 0.17378279566764832, 0.17207147181034088, 0.17691048979759216, 0.18022648990154266, 0.18611399829387665, 0.18788252770900726, 0.19219018518924713, 0.19677574932575226, 0.20300117135047913, 0.2084728181362152, 0.21373812854290009, 0.22047771513462067, 0.22653912007808685, 0.23236489295959473, 0.23844841122627258, 0.24386979639530182]}