{"loss": [2.5167109966278076, 0.291567862033844, 0.2737569808959961, 0.11350591480731964, 0.05536928400397301, 0.05727434903383255, 0.04227009043097496, 0.03331265598535538, 0.03840479254722595, 0.04325714707374573, 0.03906489163637161, 0.029068700969219208, 0.022529859095811844, 0.02612943947315216, 0.02398296818137169, 0.02189689688384533, 0.019575832411646843, 0.016406547278165817, 0.015775218605995178, 0.018425382673740387, 0.017393074929714203, 0.01764042302966118, 0.016583334654569626, 0.01938547194004059, 0.016119249165058136, 0.017161685973405838, 0.014898229390382767, 0.01690349355340004, 0.012682684697210789, 0.015198711305856705, 0.01627311296761036, 0.011793892830610275], "val_loss": [0.39659202098846436, 0.3071889877319336, 0.21130326390266418, 0.06757444888353348, 0.07628148049116135, 0.060252055525779724, 0.05096403881907463, 0.04189084842801094, 0.06704287230968475, 0.12118642777204514, 0.068960040807724, 0.056481488049030304, 0.07885026186704636, 0.048010583966970444, 0.050032444298267365, 0.0435619130730629, 0.05244649201631546, 0.04732159152626991, 0.049826838076114655, 0.034573789685964584, 0.03911720961332321, 0.032588765025138855, 0.040386755019426346, 0.03836391121149063, 0.054806359112262726, 0.03489837422966957, 0.03498537093400955, 0.03605707362294197, 0.03466508165001869, 0.03263726085424423, 0.033256519585847855, 0.04190690815448761]}