{"loss": [0.6248587369918823, 0.06918132305145264, 0.04891451820731163, 0.028011925518512726, 0.020192915573716164, 0.018855169415473938, 0.020233076065778732, 0.0151456817984581, 0.00934902299195528, 0.010747110471129417, 0.007996046915650368, 0.007470047101378441, 0.005317085422575474, 0.005082492716610432, 0.004909607581794262, 0.003656692337244749, 0.003739940468221903, 0.002926942426711321, 0.0029738140292465687, 0.0025656563229858875, 0.0026836050674319267, 0.002158375922590494, 0.002159080235287547, 0.0018143444322049618, 0.0018890606006607413, 0.001636609435081482, 0.0015767868608236313, 0.0013917095493525267, 0.0013215806102380157, 0.0012287052813917398, 0.0011592577211558819, 0.00107393111102283], "val_loss": [0.033923011273145676, 0.05723975598812103, 0.027001462876796722, 0.010231908410787582, 0.011078843846917152, 0.016433874145150185, 0.021355904638767242, 0.015192697755992413, 0.007813883014023304, 0.01520260889083147, 0.018200913444161415, 0.005036544054746628, 0.0049715288914740086, 0.005221528001129627, 0.005525199696421623, 0.005747339688241482, 0.005125937517732382, 0.006450164131820202, 0.0063130054622888565, 0.00508467573672533, 0.00467544374987483, 0.004421713761985302, 0.0037175333127379417, 0.003874381771311164, 0.003811856731772423, 0.003777602454647422, 0.0038384818471968174, 0.0037974780425429344, 0.0037093565333634615, 0.0037717348895967007, 0.003574382746592164, 0.003517590230330825]}