{"loss": [0.4342047870159149, 0.07458366453647614, 0.05518871545791626, 0.04938758909702301, 0.043956458568573, 0.03274761140346527, 0.029762201011180878, 0.027293147519230843, 0.026457393541932106, 0.023488305509090424, 0.02343263477087021, 0.021802669391036034, 0.022818278521299362, 0.021465618163347244, 0.021556109189987183, 0.02065301686525345, 0.020556921139359474, 0.019991500303149223, 0.020021598786115646, 0.019660411402583122, 0.019567109644412994, 0.019398009404540062, 0.019170552492141724, 0.019210435450077057, 0.018853148445487022, 0.01894216053187847, 0.018746569752693176, 0.018579499796032906, 0.018761897459626198, 0.018358571454882622, 0.01846662536263466, 0.018290212377905846], "val_loss": [0.11473903805017471, 0.1474722921848297, 0.11075277626514435, 0.16829797625541687, 0.09036237001419067, 0.10994690656661987, 0.06832276284694672, 0.08411101251840591, 0.06707510352134705, 0.06767269223928452, 0.08152392506599426, 0.07074454426765442, 0.08474427461624146, 0.07441660761833191, 0.08433440327644348, 0.07331780344247818, 0.08122867345809937, 0.07487756758928299, 0.08165686577558517, 0.0762815773487091, 0.08380268514156342, 0.07741222530603409, 0.08411315828561783, 0.0804722011089325, 0.08336673676967621, 0.08512666821479797, 0.08411573618650436, 0.08853622525930405, 0.08694233745336533, 0.08840412646532059, 0.09083493798971176, 0.09019848704338074]}