{"loss": [2.317779541015625, 0.4121772050857544, 0.15864013135433197, 0.095200315117836, 0.08916623145341873, 0.04409203678369522, 0.053895413875579834, 0.06108514219522476, 0.07833750545978546, 0.13300518691539764, 0.11634446680545807, 0.08025224506855011, 0.11771755665540695, 0.09885021299123764, 0.07196284830570221, 0.05903460830450058, 0.0468442477285862, 0.05528737232089043, 0.0455668568611145, 0.04053134471178055, 0.037442125380039215, 0.031204741448163986, 0.033429089933633804, 0.03359122574329376, 0.03095117025077343, 0.026967119425535202, 0.020205900073051453, 0.017448630183935165, 0.01903689280152321, 0.017566300928592682, 0.01589101180434227, 0.013056686148047447], "val_loss": [0.1300506442785263, 0.03779473155736923, 0.03044293262064457, 0.03457540646195412, 0.04180868715047836, 0.03559330105781555, 0.014784609898924828, 0.029301907867193222, 0.052764203399419785, 0.08901701122522354, 0.03207792714238167, 0.15245495736598969, 0.05280684307217598, 0.0746568962931633, 0.009947282262146473, 0.02096693404018879, 0.05393923074007034, 0.026698270812630653, 0.06260723620653152, 0.03261469304561615, 0.03053971193730831, 0.05217317119240761, 0.01941956765949726, 0.039114754647016525, 0.05790559574961662, 0.01929624378681183, 0.013516019098460674, 0.010981721803545952, 0.012694736011326313, 0.008103578351438046, 0.01242228876799345, 0.011594273149967194]}