{"loss": [0.5007670521736145, 0.08945447206497192, 0.049257274717092514, 0.03639833256602287, 0.0262504443526268, 0.020151412114501, 0.012822958640754223, 0.011697576381266117, 0.00940923485904932, 0.00803698692470789, 0.007684407290071249, 0.005782542284578085, 0.005609354004263878, 0.004676444921642542, 0.00447785435244441, 0.004159025382250547, 0.0033699702471494675, 0.003362770425155759, 0.00269313994795084, 0.002550177974626422, 0.0022097991313785315, 0.0019672426860779524, 0.001726311631500721, 0.0015269030118361115, 0.0013522374210879207, 0.0011958838440477848, 0.001063279458321631, 0.0009382949210703373, 0.0008537445100955665, 0.0007726142066530883, 0.0007123862742446363, 0.0006686709821224213], "val_loss": [0.04512513056397438, 0.015488259494304657, 0.011064060032367706, 0.008371549658477306, 0.006521375849843025, 0.009704208001494408, 0.007225169334560633, 0.007197229191660881, 0.006781991105526686, 0.005072081461548805, 0.00553052918985486, 0.0044729565270245075, 0.004598834551870823, 0.0036670088302344084, 0.0039977096021175385, 0.00300547294318676, 0.0026621376164257526, 0.002538784174248576, 0.0027975444681942463, 0.002548863645642996, 0.0024476549588143826, 0.0025016062427312136, 0.002478289417922497, 0.0024190887343138456, 0.0022417441941797733, 0.0022368484642356634, 0.002133759204298258, 0.0021146410144865513, 0.002072465606033802, 0.0020253672264516354, 0.0020178048871457577, 0.001993557671085]}