{"loss": [0.33748874068260193, 0.043460868299007416, 0.026292812079191208, 0.020873501896858215, 0.01651940681040287, 0.013152621686458588, 0.011928094550967216, 0.012060328386723995, 0.01101905107498169, 0.010178216733038425, 0.010337169282138348, 0.010386119596660137, 0.009784151799976826, 0.00995516125112772, 0.009583869948983192, 0.00928421039134264, 0.009289810433983803, 0.00952068343758583, 0.009584914892911911, 0.008916295133531094, 0.008891552686691284, 0.009235600009560585, 0.009220129810273647, 0.009510505013167858, 0.009467941708862782, 0.008914703503251076, 0.00989462248980999, 0.009627895429730415, 0.01067514531314373, 0.010877431370317936, 0.0104918722063303, 0.011812284588813782], "val_loss": [0.024670451879501343, 0.012852873653173447, 0.015126435086131096, 0.010711383074522018, 0.00547675509005785, 0.005136045627295971, 0.008873336017131805, 0.00794459693133831, 0.004956651944667101, 0.005157073028385639, 0.005347990896552801, 0.005757463630288839, 0.007468115538358688, 0.006088408641517162, 0.004674308933317661, 0.0058136978186666965, 0.008948327042162418, 0.010039115324616432, 0.007655568420886993, 0.005384521093219519, 0.005871272180229425, 0.007913545705378056, 0.011235597543418407, 0.0119778448715806, 0.006461213808506727, 0.00488626305013895, 0.0064784870482981205, 0.012334698811173439, 0.017400965094566345, 0.004997230134904385, 0.004525759723037481, 0.012532792054116726]}