{"loss": [0.5831313133239746, 0.23929297924041748, 0.10720250010490417, 0.07806108146905899, 0.05099119246006012, 0.04674476385116577, 0.03731726109981537, 0.029498755931854248, 0.02884024940431118, 0.024999739602208138, 0.02053077705204487, 0.02005990594625473, 0.017850222066044807, 0.01599203795194626, 0.01441560685634613, 0.012341253459453583, 0.011126880533993244, 0.009295579046010971, 0.007753070443868637, 0.006583515554666519, 0.0053518288768827915, 0.004500058479607105, 0.003750305622816086, 0.0032109750900417566, 0.002795144682750106, 0.002383098006248474, 0.0022324752062559128, 0.0019527170807123184, 0.001793224480934441, 0.0016772877424955368, 0.00151655578520149, 0.0013851132243871689], "val_loss": [0.06295394152402878, 0.12063943594694138, 0.02094443514943123, 0.032961443066596985, 0.03382222726941109, 0.016802914440631866, 0.013797514140605927, 0.01372875552624464, 0.015090671367943287, 0.008791793137788773, 0.007929082959890366, 0.008983044885098934, 0.0064151170663535595, 0.006195578724145889, 0.007830601185560226, 0.005528791341930628, 0.005006078165024519, 0.004193174187093973, 0.0039404621347785, 0.0034104706719517708, 0.0030384839046746492, 0.002870808122679591, 0.002336018020287156, 0.0023020284716039896, 0.0018922451417893171, 0.0017429218860343099, 0.0016928125405684114, 0.001535699120722711, 0.001485468470491469, 0.0013407564256340265, 0.0012389933690428734, 0.001140978536568582]}