{"loss": [1.957694172859192, 0.1760268658399582, 0.07892683148384094, 0.05276110768318176, 0.04652005806565285, 0.04813438653945923, 0.038738638162612915, 0.03459698334336281, 0.16115927696228027, 0.09497599303722382, 0.09239254891872406, 0.0785548985004425, 0.0836433619260788, 0.26787489652633667, 0.15611860156059265, 0.10556074976921082, 0.07361139357089996, 0.05931992456316948, 0.045980773866176605, 0.0480068065226078, 0.033701423555612564, 0.03229602798819542, 0.023586522787809372, 0.02239230088889599, 0.020984362810850143, 0.015925312414765358, 0.013362254947423935, 0.01279301568865776, 0.011153314262628555, 0.009930652566254139, 0.009123784489929676, 0.009024343453347683], "val_loss": [0.11497226357460022, 0.1451694816350937, 0.021092046052217484, 0.03953603655099869, 0.023423433303833008, 0.07860179245471954, 0.0724443569779396, 0.022360749542713165, 0.033242058008909225, 0.02785416692495346, 0.05086350068449974, 0.10555217415094376, 0.029146729037165642, 0.1285332292318344, 0.24413345754146576, 0.02354622073471546, 0.01908140629529953, 0.012588622979819775, 0.028232423588633537, 0.02290371246635914, 0.038175277411937714, 0.037219297140836716, 0.0430118627846241, 0.04755406826734543, 0.038507841527462006, 0.034106139093637466, 0.024886779487133026, 0.017274165526032448, 0.021548733115196228, 0.012323488481342793, 0.01217987947165966, 0.013765646144747734]}