{"loss": [2.183669090270996, 0.16853389143943787, 0.06046659126877785, 0.03598550334572792, 0.03279586136341095, 0.029549963772296906, 0.025267265737056732, 0.024860646575689316, 0.021582555025815964, 0.021698743104934692, 0.015830952674150467, 0.016493279486894608, 0.011069800704717636, 0.009865518659353256, 0.008313415572047234, 0.0076655009761452675, 0.00605545099824667, 0.005408140830695629, 0.005420490633696318, 0.004471019841730595, 0.0035194021183997393, 0.0036578199360519648, 0.0037435689009726048, 0.00422443775460124, 0.0033736848272383213, 0.0030300456564873457, 0.0031205597333610058, 0.003168636467307806, 0.00406607473269105, 0.003789994865655899, 0.002777046523988247, 0.0031990872230380774], "val_loss": [0.32215195894241333, 0.09743495285511017, 0.07830433547496796, 0.06352364271879196, 0.04132542014122009, 0.04253999516367912, 0.032628219574689865, 0.027108680456876755, 0.055708687752485275, 0.02619299851357937, 0.02910098433494568, 0.018009329214692116, 0.030833857133984566, 0.01545560359954834, 0.013502431102097034, 0.013272102922201157, 0.01391667127609253, 0.014191840775310993, 0.010538063012063503, 0.010427474044263363, 0.010049697011709213, 0.010266317054629326, 0.00972981471568346, 0.008572717197239399, 0.008528710342943668, 0.010531439445912838, 0.009379020892083645, 0.01007495541125536, 0.01047237403690815, 0.008391129784286022, 0.009522217325866222, 0.010385136120021343]}