{"loss": [0.39720311760902405, 0.13250623643398285, 0.05205250903964043, 0.03844568505883217, 0.02821185253560543, 0.017814205959439278, 0.018382595852017403, 0.015195528976619244, 0.012268195860087872, 0.011218003928661346, 0.009512349031865597, 0.009225181303918362, 0.007646080572158098, 0.00741153210401535, 0.006952659692615271, 0.006146957632154226, 0.005791918840259314, 0.005252378061413765, 0.004703244660049677, 0.004271240439265966, 0.0038590373005717993, 0.0033820520620793104, 0.003000526921823621, 0.00263858656398952, 0.002316039055585861, 0.00195477157831192, 0.0017300988547503948, 0.0014445934211835265, 0.0012573733692988753, 0.0010843538912013173, 0.0009493399411439896, 0.000825291033834219], "val_loss": [0.4834272563457489, 0.06074247136712074, 0.6146901845932007, 0.10939744859933853, 0.15561778843402863, 0.26080581545829773, 0.14472030103206635, 0.22256042063236237, 0.21688084304332733, 0.23730875551700592, 0.15984070301055908, 0.18833284080028534, 0.20481643080711365, 0.1916113942861557, 0.21031005680561066, 0.20124582946300507, 0.19413846731185913, 0.19821250438690186, 0.22430025041103363, 0.1953960359096527, 0.23208369314670563, 0.21422289311885834, 0.23583947122097015, 0.2379366010427475, 0.23813095688819885, 0.24753956496715546, 0.23705358803272247, 0.2581597864627838, 0.24033915996551514, 0.26795050501823425, 0.2513768970966339, 0.26885631680488586]}