{"loss": [0.48668816685676575, 0.1651250720024109, 0.08268766850233078, 0.058137208223342896, 0.05395860970020294, 0.044906824827194214, 0.03966745361685753, 0.03901991620659828, 0.0341201052069664, 0.03324573487043381, 0.029313959181308746, 0.029674530029296875, 0.02682802826166153, 0.026576748117804527, 0.02568989433348179, 0.025426816195249557, 0.02521369606256485, 0.024898458272218704, 0.024672986939549446, 0.02447057142853737, 0.024225933477282524, 0.02410774491727352, 0.023832617327570915, 0.02374241128563881, 0.023514797911047935, 0.023424679413437843, 0.023244209587574005, 0.023126615211367607, 0.0229710191488266, 0.022798309102654457, 0.022697634994983673, 0.022473476827144623], "val_loss": [0.11646223068237305, 0.10573048144578934, 0.03442145138978958, 0.038574978709220886, 0.03548726812005043, 0.036201391369104385, 0.03121742606163025, 0.030140845105051994, 0.028941068798303604, 0.03031912073493004, 0.028165554627776146, 0.028944406658411026, 0.02778412587940693, 0.02769962139427662, 0.027915678918361664, 0.02772955596446991, 0.02818256989121437, 0.02760348655283451, 0.02775452472269535, 0.027502410113811493, 0.02777358517050743, 0.027505220845341682, 0.027728555724024773, 0.027504123747348785, 0.02762588858604431, 0.027538293972611427, 0.027642032131552696, 0.027718612924218178, 0.02772551029920578, 0.027777815237641335, 0.02790851891040802, 0.02788460999727249]}