{"loss": [0.31016623973846436, 0.05513285472989082, 0.027819423004984856, 0.018586546182632446, 0.01786215603351593, 0.012838627211749554, 0.010814297012984753, 0.009560909122228622, 0.009380204603075981, 0.008785183541476727, 0.00840220507234335, 0.008076868951320648, 0.007972588762640953, 0.007899465970695019, 0.007825708016753197, 0.007638817187398672, 0.007569257169961929, 0.007580328267067671, 0.007494076155126095, 0.007453818805515766, 0.0074411844834685326, 0.007414545863866806, 0.0073853409849107265, 0.007358578499406576, 0.007321077398955822, 0.007284783758223057, 0.007270313799381256, 0.0072608813643455505, 0.0072640650905668736, 0.007299921475350857, 0.0073480079881846905, 0.007428636308759451], "val_loss": [0.05988282710313797, 0.01317774411290884, 0.006895477417856455, 0.004878158215433359, 0.007943062111735344, 0.003530432004481554, 0.0033551049418747425, 0.0032782219350337982, 0.004201249685138464, 0.0032026052940636873, 0.0032654053065925837, 0.0032776312436908484, 0.003273427253589034, 0.0033653583377599716, 0.0034886833745986223, 0.0034098783507943153, 0.0035036802291870117, 0.0035565048456192017, 0.0035388036631047726, 0.0035652925726026297, 0.0036435627844184637, 0.0037472709082067013, 0.0037055257707834244, 0.0036854783538728952, 0.0037177586928009987, 0.0037312107160687447, 0.0037650589365512133, 0.003815388772636652, 0.0038961132522672415, 0.004000448156148195, 0.00410396046936512, 0.0041903662495315075]}