{"loss": [0.6153479218482971, 0.09809529781341553, 0.057226259261369705, 0.03781316801905632, 0.026653410866856575, 0.019871579483151436, 0.01829420030117035, 0.014770799316465855, 0.012187830172479153, 0.010042081587016582, 0.009519482031464577, 0.008521348237991333, 0.007580665871500969, 0.0068416050635278225, 0.006149263586848974, 0.005600819364190102, 0.004855148494243622, 0.004477665759623051, 0.003833199618384242, 0.0034529846161603928, 0.0029593249782919884, 0.0025973080191761255, 0.0022316945251077414, 0.0019244709983468056, 0.0016743182204663754, 0.0014361728681251407, 0.0012613462749868631, 0.0011219732696190476, 0.0009799731196835637, 0.0008659802842885256, 0.0007870749686844647, 0.0007145010749809444], "val_loss": [0.10599852353334427, 0.02201412059366703, 0.015389563515782356, 0.016369735822081566, 0.011740193702280521, 0.012185098603367805, 0.004206341225653887, 0.010905989445745945, 0.006999459583312273, 0.007422183640301228, 0.0038584761787205935, 0.0039740861393511295, 0.004236679989844561, 0.0036627452354878187, 0.003071695100516081, 0.003329922677949071, 0.003394439583644271, 0.0030917299445718527, 0.0020398821216076612, 0.0024288783315569162, 0.0021114633418619633, 0.0017450146842747927, 0.0012667248956859112, 0.001163660897873342, 0.001275305519811809, 0.000986659899353981, 0.0008434693445451558, 0.0009452050435356796, 0.000820985937025398, 0.0006971884868107736, 0.0007345326594077051, 0.0006956528523005545]}