{"loss": [2.8714194297790527, 0.6171010732650757, 0.32992303371429443, 0.201168030500412, 0.19098274409770966, 0.12073246389627457, 0.09156403690576553, 0.06973275542259216, 0.05502373352646828, 0.056025274097919464, 0.044639963656663895, 0.0349029116332531, 0.03453719615936279, 0.029650673270225525, 0.024505093693733215, 0.018276600167155266, 0.020085565745830536, 0.017533717676997185, 0.01742907427251339, 0.015813268721103668, 0.012143101543188095, 0.010895009152591228, 0.009607934392988682, 0.009672884829342365, 0.009838312864303589, 0.009031247347593307, 0.008934454061090946, 0.0077986568212509155, 0.007645742502063513, 0.007016729097813368, 0.006580800283700228, 0.005993624217808247], "val_loss": [0.7986853718757629, 0.21481508016586304, 0.3265347480773926, 0.12261759489774704, 0.115178182721138, 0.041634999215602875, 0.08622895181179047, 0.09041809290647507, 0.12088926881551743, 0.09833463281393051, 0.08800617605447769, 0.06334171444177628, 0.044046930968761444, 0.04026470333337784, 0.03839594125747681, 0.04656960070133209, 0.044302258640527725, 0.03487074002623558, 0.02993934415280819, 0.034190583974123, 0.0307963564991951, 0.03164336830377579, 0.029201989993453026, 0.03097892552614212, 0.02879619039595127, 0.03367328271269798, 0.028325632214546204, 0.029019011184573174, 0.02864372543990612, 0.030362963676452637, 0.02802235260605812, 0.0311697106808424]}