{"loss": [0.4877329468727112, 0.13771294057369232, 0.08435182273387909, 0.05074567347764969, 0.038925815373659134, 0.02691478841006756, 0.021546315401792526, 0.021995123475790024, 0.018877845257520676, 0.01704990305006504, 0.01672549359500408, 0.015986952930688858, 0.01530374027788639, 0.014935133047401905, 0.014675751328468323, 0.014628130942583084, 0.014292027801275253, 0.014108505100011826, 0.01420710701495409, 0.013917963951826096, 0.01385269034653902, 0.013732336461544037, 0.013703372329473495, 0.013642603531479836, 0.013541164807975292, 0.01350573543459177, 0.013401329517364502, 0.013386842794716358, 0.013310807757079601, 0.013301396742463112, 0.013227815739810467, 0.013208923861384392], "val_loss": [0.0685347244143486, 0.07374701648950577, 0.01833336427807808, 0.015570231713354588, 0.012332330457866192, 0.013554473407566547, 0.011290089227259159, 0.01249295100569725, 0.0115967420861125, 0.011060070246458054, 0.010942922905087471, 0.010636194609105587, 0.010542308911681175, 0.011026419699192047, 0.010607603006064892, 0.010491825640201569, 0.010571063496172428, 0.010540069080889225, 0.010416533797979355, 0.010320560075342655, 0.010388542897999287, 0.010363491252064705, 0.01032627746462822, 0.010364478453993797, 0.010358170606195927, 0.010342190973460674, 0.01035364530980587, 0.010377947241067886, 0.010369201190769672, 0.010400575585663319, 0.01040368527173996, 0.010412882082164288]}