{"loss": [0.31339749693870544, 0.12369632720947266, 0.06451328843832016, 0.03426913917064667, 0.023090815171599388, 0.019517481327056885, 0.012964329682290554, 0.012470114044845104, 0.010302890092134476, 0.008322040550410748, 0.007454812992364168, 0.006090367678552866, 0.0057203867472708225, 0.005251029040664434, 0.004829880315810442, 0.004538831766694784, 0.004336908925324678, 0.004008826334029436, 0.0036613261327147484, 0.003516056342050433, 0.003283773548901081, 0.003015565685927868, 0.002838863292708993, 0.0026333185378462076, 0.0024370879400521517, 0.0022669865284115076, 0.0020865448750555515, 0.0019319296116009355, 0.0017880309605970979, 0.0016485765809193254, 0.0015344959683716297, 0.0014259446179494262], "val_loss": [1.0990039110183716, 0.6254337430000305, 0.8889369964599609, 0.4152153730392456, 0.6037499904632568, 0.5241310596466064, 0.44576749205589294, 0.5065410733222961, 0.4736578166484833, 0.47361037135124207, 0.3972892165184021, 0.4042830765247345, 0.3832983374595642, 0.3784683644771576, 0.4310874342918396, 0.38534092903137207, 0.38558289408683777, 0.35599783062934875, 0.34959864616394043, 0.35088062286376953, 0.3688671886920929, 0.35668396949768066, 0.37122398614883423, 0.3639950156211853, 0.36670351028442383, 0.3701842129230499, 0.3683016300201416, 0.3705943822860718, 0.3699764013290405, 0.3686719536781311, 0.364991694688797, 0.3716844916343689]}