{"loss": [4.162630081176758, 1.1935268640518188, 0.3908219039440155, 0.27048251032829285, 0.26328179240226746, 0.17806825041770935, 0.14620853960514069, 0.1396351307630539, 0.13188976049423218, 0.12736988067626953, 0.12606096267700195, 0.13579925894737244, 0.13320215046405792, 0.13255177438259125, 0.1319945603609085, 0.13072676956653595, 0.1304018199443817, 0.1289767622947693, 0.12867681682109833, 0.12740571796894073, 0.12723970413208008, 0.12862636148929596, 0.14706632494926453, 0.10044270008802414, 0.11459341645240784, 0.12068594992160797, 0.08127181977033615, 0.0714983195066452, 0.08282329142093658, 0.07054724544286728, 0.04891994222998619, 0.055861055850982666], "val_loss": [0.121124766767025, 0.05756121873855591, 0.05696260556578636, 0.05814659222960472, 0.05488661676645279, 0.05809283256530762, 0.05571708828210831, 0.05652584135532379, 0.057571135461330414, 0.055989086627960205, 0.05715199559926987, 0.0598808228969574, 0.0587804801762104, 0.059742849320173264, 0.05945892259478569, 0.059225283563137054, 0.059390340000391006, 0.058763742446899414, 0.059177182614803314, 0.05847322195768356, 0.05694619193673134, 0.05346471443772316, 0.06908846646547318, 0.03214948996901512, 0.032861337065696716, 0.0459904670715332, 0.02442793920636177, 0.025910383090376854, 0.01314537413418293, 0.034768734127283096, 0.015157785266637802, 0.01069139689207077]}