{"loss": [0.32187968492507935, 0.08293701708316803, 0.06604518741369247, 0.04392104968428612, 0.029261238873004913, 0.02318332903087139, 0.019918477162718773, 0.01740398071706295, 0.014983542263507843, 0.01409108191728592, 0.012890114448964596, 0.01221404504030943, 0.012074645608663559, 0.011200888082385063, 0.011002694256603718, 0.0109908701851964, 0.01059355866163969, 0.010583160445094109, 0.010448981076478958, 0.010420148260891438, 0.010206528007984161, 0.01019119843840599, 0.010090593248605728, 0.010095857083797455, 0.009949017316102982, 0.009888174012303352, 0.00983584113419056, 0.009796129539608955, 0.009745148941874504, 0.009668826125562191, 0.009599706158041954, 0.009516063146293163], "val_loss": [0.018821965903043747, 0.03076789900660515, 0.012745853513479233, 0.02326147072017193, 0.016411906108260155, 0.012613799422979355, 0.011942417360842228, 0.010509081184864044, 0.007981092669069767, 0.00764086376875639, 0.013905826956033707, 0.011030684225261211, 0.008810027502477169, 0.010969633236527443, 0.010824880562722683, 0.009762313216924667, 0.00945320539176464, 0.010756775736808777, 0.009598957374691963, 0.009623338468372822, 0.009456902742385864, 0.00959080457687378, 0.00918627344071865, 0.009628677740693092, 0.009089721366763115, 0.009199602529406548, 0.009189004078507423, 0.009270122274756432, 0.009152551181614399, 0.009122725576162338, 0.009011576883494854, 0.008987389504909515]}