{"loss": [0.7493517994880676, 0.32441166043281555, 0.16115796566009521, 0.11574878543615341, 0.07123997807502747, 0.05938608944416046, 0.04687480255961418, 0.036148667335510254, 0.03209328651428223, 0.028699418529868126, 0.025743983685970306, 0.023917071521282196, 0.021681740880012512, 0.019933359697461128, 0.018260622397065163, 0.016147909685969353, 0.01489782240241766, 0.013308849185705185, 0.012092712335288525, 0.010902661830186844, 0.009839058853685856, 0.008915804326534271, 0.007959871552884579, 0.007324633654206991, 0.00655971048399806, 0.005990717560052872, 0.005425185430794954, 0.0048798732459545135, 0.004435115028172731, 0.0040496899746358395, 0.0036974316462874413, 0.0033883152063935995], "val_loss": [0.1584094911813736, 0.2892000079154968, 0.14551907777786255, 0.09613970667123795, 0.06273964792490005, 0.042728591710329056, 0.04111311957240105, 0.042553406208753586, 0.03874017298221588, 0.028518974781036377, 0.02668515220284462, 0.029477398842573166, 0.0249627735465765, 0.024603869765996933, 0.025421416386961937, 0.022429274395108223, 0.023590028285980225, 0.02102471888065338, 0.01956191472709179, 0.019709216430783272, 0.01767195761203766, 0.01725403033196926, 0.015002664178609848, 0.01467113010585308, 0.013238589279353619, 0.01300322450697422, 0.011993518099188805, 0.011931498534977436, 0.010740363039076328, 0.010976080782711506, 0.010577965527772903, 0.010097943246364594]}