{"loss": [2.554290771484375, 0.37726733088493347, 0.2504718601703644, 0.17964699864387512, 0.11955055594444275, 0.1469021588563919, 0.10512159019708633, 0.06803533434867859, 0.06236720085144043, 0.08001527190208435, 0.07041966170072556, 0.05921177566051483, 0.07839091122150421, 0.060350947082042694, 0.043731410056352615, 0.05153223127126694, 0.03780350461602211, 0.03503180667757988, 0.03473873436450958, 0.02504744939506054, 0.02157006412744522, 0.024055343121290207, 0.02154901623725891, 0.021218810230493546, 0.020697489380836487, 0.02049492485821247, 0.01977476477622986, 0.017160551622509956, 0.015856463462114334, 0.011798283085227013, 0.010091240517795086, 0.009281886741518974], "val_loss": [0.2517690062522888, 0.09286978840827942, 0.09473882615566254, 0.1210634633898735, 0.17611443996429443, 0.06067955121397972, 0.0635003075003624, 0.04467077925801277, 0.048106033354997635, 0.08238938450813293, 0.0474015548825264, 0.0451565645635128, 0.03981471061706543, 0.06514105200767517, 0.09312018007040024, 0.03207295387983322, 0.028776220977306366, 0.04112802818417549, 0.05837582051753998, 0.0380820594727993, 0.03064323030412197, 0.03246336802840233, 0.04169966280460358, 0.03768370300531387, 0.037426915019750595, 0.033428408205509186, 0.03647042438387871, 0.038127776235342026, 0.03403779864311218, 0.033534519374370575, 0.0323387011885643, 0.0319773368537426]}