{"loss": [2.869569778442383, 0.3167848587036133, 0.2841774523258209, 0.2496766448020935, 0.20147424936294556, 0.18554316461086273, 0.11808782815933228, 0.08658156543970108, 0.05418401584029198, 0.03699929267168045, 0.028461705893278122, 0.021494954824447632, 0.019971173256635666, 0.021676907315850258, 0.025975706055760384, 0.022256631404161453, 0.015474371612071991, 0.016727812588214874, 0.012547488324344158, 0.01011467631906271, 0.00893266312777996, 0.007040421478450298, 0.007711198180913925, 0.008307419717311859, 0.0066352467983961105, 0.006552247796207666, 0.007352262735366821, 0.006606789771467447, 0.004942878615111113, 0.00506220106035471, 0.0055916449055075645, 0.004930737428367138], "val_loss": [0.049576498568058014, 1.3284918069839478, 0.5453099608421326, 0.498565673828125, 0.717421293258667, 0.23406177759170532, 0.23168660700321198, 0.1360652893781662, 0.03295253589749336, 0.017822636291384697, 0.06120986491441727, 0.019390864297747612, 0.1005922332406044, 0.10777237266302109, 0.017768027260899544, 0.012299781665205956, 0.01092421356588602, 0.019223468378186226, 0.02955668233335018, 0.021097075194120407, 0.011193777434527874, 0.012964223511517048, 0.01001833751797676, 0.01804087497293949, 0.02230728417634964, 0.021833255887031555, 0.013710234314203262, 0.016898510977625847, 0.013177216053009033, 0.017383847385644913, 0.01938593201339245, 0.025531679391860962]}