{"loss": [0.36212432384490967, 0.10744664072990417, 0.06189257279038429, 0.04612370580434799, 0.036856137216091156, 0.031094973906874657, 0.03233463317155838, 0.026059865951538086, 0.026947379112243652, 0.02470926195383072, 0.025097303092479706, 0.022969242185354233, 0.020140770822763443, 0.0199680645018816, 0.019081171602010727, 0.01924033649265766, 0.019129445776343346, 0.018625538796186447, 0.01865546405315399, 0.018245834857225418, 0.0183081217110157, 0.017886942252516747, 0.017927587032318115, 0.01767764799296856, 0.017824534326791763, 0.01755225658416748, 0.017810344696044922, 0.017474910244345665, 0.0177523884922266, 0.017214665189385414, 0.017471574246883392, 0.01683143526315689], "val_loss": [0.114202581346035, 0.08072364330291748, 0.07142853736877441, 0.05419042333960533, 0.05042370781302452, 0.05049588903784752, 0.056510645896196365, 0.05414116755127907, 0.06131080538034439, 0.06006530299782753, 0.05959746986627579, 0.061606671661138535, 0.05743301659822464, 0.05936155468225479, 0.0570891797542572, 0.0566181018948555, 0.05696487054228783, 0.05586874112486839, 0.05713117495179176, 0.05585596337914467, 0.05638139694929123, 0.0557827427983284, 0.056062761694192886, 0.0561027005314827, 0.055835459381341934, 0.05633239075541496, 0.0565904937684536, 0.05736069008708, 0.05844782292842865, 0.05953991040587425, 0.061152536422014236, 0.06227193772792816]}