{"loss": [0.5412269830703735, 0.09745462983846664, 0.05393840745091438, 0.038732726126909256, 0.027526022866368294, 0.022588789463043213, 0.018036318942904472, 0.015314888209104538, 0.013301183469593525, 0.011346649378538132, 0.009471976198256016, 0.0082605741918087, 0.007071228232234716, 0.005511749070137739, 0.004895058926194906, 0.00414692098274827, 0.0036491751670837402, 0.0031490789260715246, 0.0028795190155506134, 0.002754785353317857, 0.0025226371362805367, 0.0023176847025752068, 0.0022230360191315413, 0.002018777886405587, 0.001905941404402256, 0.0018124519847333431, 0.0017159691778942943, 0.0016226159641519189, 0.0015400933334603906, 0.0014707325026392937, 0.0013835277641192079, 0.0012930893572047353], "val_loss": [0.02961473912000656, 0.10131482034921646, 0.026545973494648933, 0.013415643945336342, 0.03959665820002556, 0.009048893116414547, 0.03985900804400444, 0.007025191560387611, 0.03603874146938324, 0.004002906382083893, 0.04144380986690521, 0.0031809064093977213, 0.02415923960506916, 0.004716368857771158, 0.015240894630551338, 0.004277195781469345, 0.010366215370595455, 0.006085066124796867, 0.00566159188747406, 0.005994157399982214, 0.004315520171076059, 0.005093470681458712, 0.0036606008652597666, 0.004514539614319801, 0.0034621127415448427, 0.004059880040585995, 0.003275721101090312, 0.003704485483467579, 0.0031378658022731543, 0.0033596649300307035, 0.0031383284367620945, 0.002915712771937251]}