{"loss": [0.3345467448234558, 0.10202573984861374, 0.04177346080541611, 0.029075421392917633, 0.02062082663178444, 0.015335699543356895, 0.01573892869055271, 0.014319851994514465, 0.012304130010306835, 0.011882243677973747, 0.011164871044456959, 0.011121758259832859, 0.010729318484663963, 0.010243888944387436, 0.010502057150006294, 0.010099675506353378, 0.010178236290812492, 0.010057665407657623, 0.00985599122941494, 0.009930046275258064, 0.009757696650922298, 0.009771480225026608, 0.009663118980824947, 0.009694172069430351, 0.009555314667522907, 0.009570359252393246, 0.009493857622146606, 0.009495019912719727, 0.009409720078110695, 0.009407415986061096, 0.009359462186694145, 0.009338288567960262], "val_loss": [0.02320011518895626, 0.46157827973365784, 0.0820380300283432, 0.009140525944530964, 0.038192350417375565, 0.014921605587005615, 0.018569761887192726, 0.03297358378767967, 0.010533275082707405, 0.012155121192336082, 0.012081289663910866, 0.008774394169449806, 0.01540047861635685, 0.015645282343029976, 0.013941667042672634, 0.011978794820606709, 0.010695169679820538, 0.008008871227502823, 0.010612782090902328, 0.010644455440342426, 0.008457156829535961, 0.009960159659385681, 0.008610093966126442, 0.008688169531524181, 0.008422384969890118, 0.009119922295212746, 0.008427378721535206, 0.008522669784724712, 0.008405910804867744, 0.008544474840164185, 0.008458228781819344, 0.008309810422360897]}