{"loss": [0.543860137462616, 0.12222190946340561, 0.05792511627078056, 0.035532381385564804, 0.028129106387495995, 0.022327160462737083, 0.01817668043076992, 0.013415453024208546, 0.012532934546470642, 0.010456583462655544, 0.00964917242527008, 0.008358103223145008, 0.007959435693919659, 0.007176098879426718, 0.006675688549876213, 0.005980826914310455, 0.005372142884880304, 0.005003652069717646, 0.0045384434051811695, 0.0041161589324474335, 0.0036743709351867437, 0.00337618007324636, 0.00292322039604187, 0.002658315934240818, 0.002215093933045864, 0.0020235972478985786, 0.0016639403766021132, 0.0014769259141758084, 0.0012264882680028677, 0.0010530318832024932, 0.0009019994176924229, 0.0007544183754362166], "val_loss": [0.06359267979860306, 0.019898567348718643, 0.020280130207538605, 0.016373952850699425, 0.01657344028353691, 0.01700761169195175, 0.013929227367043495, 0.009631807915866375, 0.011466491967439651, 0.008950584568083286, 0.00919024646282196, 0.00775561761111021, 0.006710452493280172, 0.006497462745755911, 0.0058991992846131325, 0.0061193108558654785, 0.005699086468666792, 0.005721040070056915, 0.005601365119218826, 0.005307041574269533, 0.0050129638984799385, 0.00477259187027812, 0.004613490309566259, 0.004260971676558256, 0.004022658336907625, 0.003759361570701003, 0.0033497188705950975, 0.0030815433710813522, 0.002846585586667061, 0.0027410441543906927, 0.002493092557415366, 0.002460298128426075]}