{"loss": [1.2528847455978394, 0.2622237801551819, 0.14030803740024567, 0.09987642616033554, 0.0673685073852539, 0.04602653533220291, 0.04072962701320648, 0.03248811513185501, 0.02573391981422901, 0.02189679816365242, 0.023167012259364128, 0.019809365272521973, 0.015372857451438904, 0.011626044288277626, 0.013001599349081516, 0.01042742095887661, 0.01959252543747425, 0.01737194135785103, 0.014296802692115307, 0.009562568739056587, 0.007088775280863047, 0.0075488341972231865, 0.005384400486946106, 0.005873540416359901, 0.004714693408459425, 0.005202429369091988, 0.003829134628176689, 0.0043656425550580025, 0.0036464291624724865, 0.0037321129348129034, 0.003542929422110319, 0.003340544644743204], "val_loss": [1.4215261936187744, 0.6099741458892822, 0.42027783393859863, 0.7547280788421631, 0.747449517250061, 0.4063951373100281, 0.47888803482055664, 0.6689881682395935, 0.3431287407875061, 0.47117722034454346, 0.29238155484199524, 0.2466658055782318, 0.17886735498905182, 0.11613880097866058, 0.05371354892849922, 0.20872120559215546, 0.0789913684129715, 0.5134135484695435, 0.06388144195079803, 0.05343268811702728, 0.09196572005748749, 0.0350814089179039, 0.06555866450071335, 0.07877358049154282, 0.033179569989442825, 0.04927857592701912, 0.04720987752079964, 0.027502380311489105, 0.04514330253005028, 0.04586734250187874, 0.03212633728981018, 0.045743800699710846]}