{"loss": [0.4900200366973877, 0.1271948367357254, 0.0572349913418293, 0.053461771458387375, 0.03547470271587372, 0.034985899925231934, 0.025489553809165955, 0.01778591237962246, 0.01225820928812027, 0.009013032540678978, 0.007591417524963617, 0.006590362638235092, 0.005591599270701408, 0.004798098001629114, 0.004134495742619038, 0.0036571950186043978, 0.0033553026150912046, 0.003121728776022792, 0.0029245130717754364, 0.0026260053273290396, 0.0024715466424822807, 0.0022404007613658905, 0.0020861749071627855, 0.0019176360219717026, 0.0018109703669324517, 0.0016286218306049705, 0.0015232759760692716, 0.001369139994494617, 0.0012820124393329024, 0.0011549872579053044, 0.0010795422131195664, 0.0009771963814273477], "val_loss": [0.14800962805747986, 0.0638725757598877, 0.1334581971168518, 0.05547187849879265, 0.021737534552812576, 0.00866178423166275, 0.014973674900829792, 0.01037952397018671, 0.029629167169332504, 0.018358083441853523, 0.01324606966227293, 0.009611069224774837, 0.006228471174836159, 0.010501828975975513, 0.0077627417631447315, 0.008542337454855442, 0.007186560891568661, 0.006147179752588272, 0.007632841356098652, 0.005640973336994648, 0.0057983240112662315, 0.0038197054527699947, 0.0028206687420606613, 0.002931384602561593, 0.003237949451431632, 0.0031494968570768833, 0.0036097110714763403, 0.0031580727081745863, 0.0031541024800390005, 0.0031481424812227488, 0.0031085496302694082, 0.0027198949828743935]}