{"loss": [1.2556333541870117, 0.2677129805088043, 0.13930842280387878, 0.11875806748867035, 0.13316690921783447, 0.11619658768177032, 0.09835304319858551, 0.07684235274791718, 0.0697537511587143, 0.06737632304430008, 0.05203383043408394, 0.04113820195198059, 0.02491120807826519, 0.015115153044462204, 0.01188226044178009, 0.013212541118264198, 0.011216370388865471, 0.010474517941474915, 0.00884254276752472, 0.007159130647778511, 0.007139939349144697, 0.00619102455675602, 0.005307846236974001, 0.005573363974690437, 0.005833870265632868, 0.004690667614340782, 0.004066695459187031, 0.005611801985651255, 0.006447390653192997, 0.006851260084658861, 0.008862917311489582, 0.010617734864354134], "val_loss": [0.613107442855835, 0.12264545261859894, 0.10390131920576096, 0.08309730887413025, 0.42195451259613037, 0.13399988412857056, 0.3170744776725769, 0.09702494740486145, 0.1507183313369751, 0.0917457863688469, 0.07327283918857574, 0.07863739132881165, 0.038470227271318436, 0.03866066783666611, 0.038216255605220795, 0.022248564288020134, 0.0157361701130867, 0.01787770539522171, 0.025025349110364914, 0.019102562218904495, 0.01095040887594223, 0.008978264406323433, 0.012406725436449051, 0.015937216579914093, 0.014400100335478783, 0.013780646957457066, 0.015270110219717026, 0.017818039283156395, 0.01992335543036461, 0.02131301909685135, 0.016502803191542625, 0.011006547138094902]}