{"loss": [0.24858582019805908, 0.046054497361183167, 0.02207202836871147, 0.01737368479371071, 0.013334879651665688, 0.013365011662244797, 0.009284749627113342, 0.010569913312792778, 0.008526570163667202, 0.008416765369474888, 0.008322314359247684, 0.008156931027770042, 0.007679949514567852, 0.008193745277822018, 0.0075561897829174995, 0.007723112590610981, 0.007638025563210249, 0.007663189899176359, 0.007420921698212624, 0.007509129121899605, 0.007511851377785206, 0.007354273926466703, 0.007348807528614998, 0.007268750574439764, 0.007372821215540171, 0.007238851860165596, 0.007187581155449152, 0.007162325084209442, 0.007113411091268063, 0.007112504448741674, 0.00701646925881505, 0.006949715781956911], "val_loss": [0.0363849438726902, 0.1384461671113968, 0.015123584307730198, 0.040082771331071854, 0.013343497179448605, 0.030597398057579994, 0.010754172690212727, 0.021653246134519577, 0.007601129822432995, 0.015033775940537453, 0.009608879685401917, 0.014047915115952492, 0.011386741884052753, 0.01243619155138731, 0.010814676061272621, 0.01053343340754509, 0.012148459441959858, 0.009482854045927525, 0.012640620581805706, 0.009022044017910957, 0.01221872866153717, 0.008901935070753098, 0.011384913697838783, 0.009815122932195663, 0.010237385518848896, 0.010538266971707344, 0.009798375889658928, 0.010693144984543324, 0.01018423680216074, 0.010289561003446579, 0.010613913647830486, 0.010333037935197353]}