{"loss": [0.39587917923927307, 0.1292666345834732, 0.06250791996717453, 0.04005679488182068, 0.025969967246055603, 0.019064851105213165, 0.0197936799377203, 0.01499916985630989, 0.013272077776491642, 0.011232553981244564, 0.009732111357152462, 0.009070217609405518, 0.00796443223953247, 0.007009228225797415, 0.006468608509749174, 0.005621284246444702, 0.00510744983330369, 0.004584105685353279, 0.0038681887090206146, 0.003561313496902585, 0.003102782415226102, 0.002792823128402233, 0.0024531418457627296, 0.0021580455359071493, 0.0019021480111405253, 0.001728829345665872, 0.001493872725404799, 0.0014135275268927217, 0.001246039872057736, 0.0011786778923124075, 0.001074163243174553, 0.000998626695945859], "val_loss": [0.013919869437813759, 0.006245394703000784, 0.015405584126710892, 0.002965135034173727, 0.004550221376121044, 0.009400077164173126, 0.0027492695953696966, 0.0020371091086417437, 0.002112640766426921, 0.0029277843423187733, 0.0018329978920519352, 0.0017831912264227867, 0.0018210175912827253, 0.0015477087581530213, 0.001508409739471972, 0.0016956216422840953, 0.0014867164427414536, 0.0014608235796913505, 0.0014340115012601018, 0.0016064489027485251, 0.0013050336856395006, 0.0012579149333760142, 0.001190681359730661, 0.001253603957593441, 0.0010585468262434006, 0.0009934358531609178, 0.0009434971143491566, 0.0009035976254381239, 0.000852069235406816, 0.0008275393047370017, 0.0007698870613239706, 0.0007420569309033453]}