{"loss": [0.38493889570236206, 0.09041617065668106, 0.04196590185165405, 0.029310304671525955, 0.024213403463363647, 0.019244318827986717, 0.018436914309859276, 0.013141456060111523, 0.01149378065019846, 0.011033612303435802, 0.010660631582140923, 0.010679668746888638, 0.010181821882724762, 0.010858152061700821, 0.010215049609541893, 0.011444308795034885, 0.011022699996829033, 0.012601939961314201, 0.012319985777139664, 0.01492292620241642, 0.015173068270087242, 0.01916952058672905, 0.01879717968404293, 0.02211962267756462, 0.018366537988185883, 0.01616559363901615, 0.012667939066886902, 0.010415131226181984, 0.010149543173611164, 0.009830395691096783, 0.009814178571105003, 0.009479397907853127], "val_loss": [0.05541221424937248, 0.033235564827919006, 0.019855143502354622, 0.015885351225733757, 0.018659627065062523, 0.039834871888160706, 0.014397119171917439, 0.009366726502776146, 0.009038683027029037, 0.009047149680554867, 0.008307931013405323, 0.009796133264899254, 0.008196961134672165, 0.010797128081321716, 0.008195617236196995, 0.011442159302532673, 0.009043052792549133, 0.00987626425921917, 0.009061753749847412, 0.010054558515548706, 0.009256728924810886, 0.008526693098247051, 0.008333900943398476, 0.009037327021360397, 0.012649116106331348, 0.013262255117297173, 0.014125303365290165, 0.010002543218433857, 0.009222453460097313, 0.008969188667833805, 0.00858029630035162, 0.00932393316179514]}