{"loss": [3.0599544048309326, 0.5013771057128906, 0.31043726205825806, 0.22738562524318695, 0.17636728286743164, 0.11449874937534332, 0.051938291639089584, 0.022560330107808113, 0.026372157037258148, 0.0542152002453804, 0.020567208528518677, 0.021432993933558464, 0.015332531183958054, 0.01309957355260849, 0.011955075897276402, 0.00754223857074976, 0.006546504329890013, 0.006306970492005348, 0.004810916259884834, 0.005914203356951475, 0.004070495255291462, 0.0037947986274957657, 0.0027521541342139244, 0.002445236314088106, 0.0026130499318242073, 0.0020432432647794485, 0.002123564714565873, 0.0022746531758457422, 0.002542230300605297, 0.0026126974262297153, 0.0023871008306741714, 0.002806024393066764], "val_loss": [0.46514052152633667, 0.016054384410381317, 0.03861061856150627, 0.007101505529135466, 0.006884300149977207, 0.0057475268840789795, 0.004567980766296387, 0.006354770623147488, 0.008904917165637016, 0.004406117834150791, 0.005213332362473011, 0.006617471110075712, 0.004431343171745539, 0.004651140887290239, 0.005646029952913523, 0.004713048692792654, 0.004415252711623907, 0.0039834086783230305, 0.0049010468646883965, 0.0033352933824062347, 0.0034500611945986748, 0.003671033075079322, 0.003533173818141222, 0.0035139196552336216, 0.003463324159383774, 0.0034335546661168337, 0.0035101009998470545, 0.0033301690127700567, 0.004034602083265781, 0.003433742094784975, 0.0035460717044770718, 0.005807832814753056]}