{"loss": [0.5195339322090149, 0.06731540709733963, 0.04457839950919151, 0.02328162081539631, 0.017427952960133553, 0.015550091862678528, 0.012096869759261608, 0.010134547017514706, 0.007615563925355673, 0.007466860115528107, 0.006230758968740702, 0.005555098410695791, 0.005332214292138815, 0.00456159096211195, 0.004261303693056107, 0.0038363721687346697, 0.003808500012382865, 0.0034713279455900192, 0.003277246607467532, 0.003029181621968746, 0.0028327200561761856, 0.002635939745232463, 0.002448605140671134, 0.002272495999932289, 0.002109384397044778, 0.0019204476848244667, 0.0017723377095535398, 0.0016152309253811836, 0.00150741683319211, 0.0013623330742120743, 0.0012669403804466128, 0.0011566608445718884], "val_loss": [0.0444418266415596, 0.055798910558223724, 0.03174300119280815, 0.038301486521959305, 0.007622918579727411, 0.011833996511995792, 0.015265575610101223, 0.0070215375162661076, 0.018127797171473503, 0.006470588501542807, 0.009813286364078522, 0.007170586846768856, 0.007288368884474039, 0.0074419076554477215, 0.005531833972781897, 0.00748366117477417, 0.0057487282902002335, 0.006447983905673027, 0.005340141709893942, 0.005484520457684994, 0.004809284582734108, 0.004765859339386225, 0.004591260105371475, 0.004619524348527193, 0.004088749177753925, 0.004088704474270344, 0.003761419327929616, 0.003628798294812441, 0.003299806034192443, 0.0032179420813918114, 0.003000981407240033, 0.002821765374392271]}