{"loss": [1.6294692754745483, 0.11475921422243118, 0.05777321010828018, 0.04338165745139122, 0.030860580503940582, 0.022523535415530205, 0.017963487654924393, 0.019255951046943665, 0.013606864027678967, 0.009576921351253986, 0.006532082799822092, 0.0048851072788238525, 0.004121385980397463, 0.0036136372946202755, 0.0026739262975752354, 0.0020697033032774925, 0.0019490191480144858, 0.0013418308226391673, 0.0011645788326859474, 0.000983114237897098, 0.000962764082942158, 0.0009172788122668862, 0.0006781642441637814, 0.0006820363341830671, 0.0005961988354101777, 0.0005728364922106266, 0.0005510195624083281, 0.0005277124582789838, 0.00048772493028081954, 0.0004735070397146046, 0.0004444972728379071, 0.00044532062020152807], "val_loss": [6.51629638671875, 0.680020809173584, 0.09681926667690277, 0.22609606385231018, 0.4020150899887085, 0.634627103805542, 0.6790673732757568, 0.9108591079711914, 0.896549642086029, 0.838965117931366, 1.114855170249939, 1.2660239934921265, 1.265519142150879, 1.2679409980773926, 1.203913688659668, 1.072056531906128, 1.0487878322601318, 1.0748906135559082, 1.126469612121582, 1.0917625427246094, 1.141780138015747, 1.0970841646194458, 1.0387659072875977, 1.0790398120880127, 1.1046398878097534, 1.1016254425048828, 1.1179871559143066, 1.1430418491363525, 1.1278064250946045, 1.1150627136230469, 1.097724199295044, 1.1022539138793945]}