{"loss": [0.38388022780418396, 0.08500616997480392, 0.05947355180978775, 0.04328268766403198, 0.036889199167490005, 0.03300256282091141, 0.03225720301270485, 0.03105706349015236, 0.028432141989469528, 0.02896682173013687, 0.026287203654646873, 0.02606269158422947, 0.025331325829029083, 0.023696428164839745, 0.02451707422733307, 0.02272525615990162, 0.023642035201191902, 0.022698305547237396, 0.022811785340309143, 0.022757235914468765, 0.022341569885611534, 0.02265365980565548, 0.022165004163980484, 0.022370848804712296, 0.022316519170999527, 0.0220059584826231, 0.022398732602596283, 0.02182758040726185, 0.0221998393535614, 0.021821344271302223, 0.02189446985721588, 0.021750546991825104], "val_loss": [0.0867161974310875, 0.1529826521873474, 0.024318652227520943, 0.01990356110036373, 0.01568428985774517, 0.021047957241535187, 0.028229374438524246, 0.0345747247338295, 0.03622467815876007, 0.05529627203941345, 0.030599821358919144, 0.03225090354681015, 0.011972134932875633, 0.011628661304712296, 0.009669800288975239, 0.009532466530799866, 0.013856127858161926, 0.00990543607622385, 0.014201004058122635, 0.01002561952918768, 0.0128290094435215, 0.009942593052983284, 0.011417150497436523, 0.011135850101709366, 0.010628651827573776, 0.0119305569678545, 0.010580881498754025, 0.011751645244657993, 0.010917414911091328, 0.011123050935566425, 0.011278332211077213, 0.010927419178187847]}