{"loss": [0.4618109166622162, 0.11742127686738968, 0.04378706216812134, 0.026858389377593994, 0.019109314307570457, 0.014020655304193497, 0.012600197456777096, 0.009781540371477604, 0.007689738180488348, 0.006958524230867624, 0.005402209237217903, 0.005283908452838659, 0.004597275983542204, 0.0037361441645771265, 0.0035484072286635637, 0.0030977099668234587, 0.002698143944144249, 0.0023813387379050255, 0.002131315181031823, 0.0018957331776618958, 0.0016851825639605522, 0.0015264805406332016, 0.0013642283156514168, 0.0012468453496694565, 0.001167314243502915, 0.001077632769010961, 0.0009985248325392604, 0.0009085689671337605, 0.0008311606361530721, 0.0007800966850481927, 0.000726592552382499, 0.0006757492665201426], "val_loss": [0.08078614622354507, 0.016262182965874672, 0.010887214913964272, 0.006394727621227503, 0.01599082164466381, 0.01673869974911213, 0.003939933609217405, 0.005878809839487076, 0.009226834401488304, 0.0015258669154718518, 0.007637565489858389, 0.002305057132616639, 0.0015724721597507596, 0.006331312470138073, 0.0017459288937970996, 0.003052063286304474, 0.0037306048907339573, 0.001730669173412025, 0.0031172772869467735, 0.0018902728334069252, 0.003354625077918172, 0.0023008431307971478, 0.0021042099688202143, 0.002666046377271414, 0.001864143880084157, 0.0024556308053433895, 0.0017940010875463486, 0.0023541126865893602, 0.001779399230144918, 0.002234965329989791, 0.001684916322119534, 0.002002695808187127]}