{"loss": [0.21262003481388092, 0.049225836992263794, 0.027521805837750435, 0.01590128429234028, 0.01056515984237194, 0.008924157358705997, 0.0074446131475269794, 0.006476661190390587, 0.00533069483935833, 0.004797927103936672, 0.00455465167760849, 0.0042574149556458, 0.004101041238754988, 0.003910157363861799, 0.0038689514622092247, 0.0037744594737887383, 0.003701732726767659, 0.0036528806667774916, 0.003579830750823021, 0.0035420856438577175, 0.003515637945383787, 0.0034555410966277122, 0.0034633027389645576, 0.003359133843332529, 0.0033266954123973846, 0.0033015161752700806, 0.003229429479688406, 0.003187914378941059, 0.003175912657752633, 0.003266744315624237, 0.0034445589408278465, 0.0031502784695476294], "val_loss": [0.3885364532470703, 0.1173066571354866, 0.6900888085365295, 0.046288177371025085, 0.46905094385147095, 0.054619353264570236, 0.10622958838939667, 0.0417867936193943, 0.06649596989154816, 0.03999671712517738, 0.0425223633646965, 0.038950901478528976, 0.04019666090607643, 0.0402873158454895, 0.04311863332986832, 0.039951663464307785, 0.04358965530991554, 0.04221257194876671, 0.05075575411319733, 0.0466751828789711, 0.062066540122032166, 0.05148757994174957, 0.061951927840709686, 0.0587075874209404, 0.05908789113163948, 0.06617389619350433, 0.07077439874410629, 0.07273095101118088, 0.07405685633420944, 0.06580794602632523, 0.0555025190114975, 0.055075209587812424]}