{"loss": [2.5643093585968018, 0.35945460200309753, 0.3103320896625519, 0.268094927072525, 0.15457385778427124, 0.08640747517347336, 0.06289727240800858, 0.038340792059898376, 0.026257384568452835, 0.018745016306638718, 0.015236089006066322, 0.016375485807657242, 0.01411269698292017, 0.014924523420631886, 0.011908444575965405, 0.010481113567948341, 0.009211570955812931, 0.00812012329697609, 0.0068825059570372105, 0.006933211348950863, 0.006918617524206638, 0.006969287991523743, 0.00600344268605113, 0.0057951705530285835, 0.005587953608483076, 0.00522880582138896, 0.004913918673992157, 0.005466192960739136, 0.0062885889783501625, 0.0063954927027225494, 0.006289016921073198, 0.007366043049842119], "val_loss": [2.219059467315674, 0.1171727105975151, 0.2077295482158661, 0.5290052890777588, 0.204954132437706, 0.2049953192472458, 0.04601232707500458, 0.03980075195431709, 0.023197131231427193, 0.01256714016199112, 0.016318228095769882, 0.007111507002264261, 0.024659346789121628, 0.01672220416367054, 0.016079537570476532, 0.009962840937077999, 0.00922282412648201, 0.007160582114011049, 0.007786400616168976, 0.0060022445395588875, 0.007400203496217728, 0.006047338247299194, 0.00626996997743845, 0.005922325421124697, 0.007817601785063744, 0.005735946353524923, 0.006303303875029087, 0.005971902050077915, 0.004862454254180193, 0.005562248639762402, 0.008256223052740097, 0.010093308985233307]}