{"loss": [2.3829903602600098, 0.3288913667201996, 0.1545841097831726, 0.07281267642974854, 0.039795536547899246, 0.0386035330593586, 0.02710174396634102, 0.055768199265003204, 0.04696367681026459, 0.042815301567316055, 0.024561364203691483, 0.02900160849094391, 0.026207897812128067, 0.014262992888689041, 0.015009022317826748, 0.029138050973415375, 0.028055116534233093, 0.019980214536190033, 0.026818502694368362, 0.02127356082201004, 0.018767187371850014, 0.027217954397201538, 0.018150322139263153, 0.013682356104254723, 0.015119235031306744, 0.01992432028055191, 0.024396713823080063, 0.015827860683202744, 0.017080562189221382, 0.02306954748928547, 0.022399108856916428, 0.020984455943107605], "val_loss": [0.089940644800663, 0.02770848199725151, 0.15641579031944275, 0.025447838008403778, 0.0244094617664814, 0.026425281539559364, 0.02518068626523018, 0.05071565881371498, 0.04528858885169029, 0.0246285330504179, 0.050870735198259354, 0.03740548714995384, 0.01981792412698269, 0.031213033944368362, 0.017615366727113724, 0.01956816203892231, 0.019021522253751755, 0.02260969765484333, 0.07144106924533844, 0.0110554751008749, 0.0446581207215786, 0.01879609376192093, 0.028941329568624496, 0.03573067858815193, 0.02577640302479267, 0.030763231217861176, 0.013906395062804222, 0.04850602149963379, 0.01882365345954895, 0.009282389655709267, 0.008163079619407654, 0.022319823503494263]}