{"loss": [0.31692034006118774, 0.04608361795544624, 0.02469436265528202, 0.02357420139014721, 0.01917972043156624, 0.016486549749970436, 0.012629395350813866, 0.012629621662199497, 0.009405896998941898, 0.008454129099845886, 0.008156740106642246, 0.008080142550170422, 0.007455472368746996, 0.007187932264059782, 0.007557767443358898, 0.007034221664071083, 0.006751448847353458, 0.00686184037476778, 0.007019872311502695, 0.006844359450042248, 0.006579701788723469, 0.006634565070271492, 0.006784200668334961, 0.00672260532155633, 0.006509040482342243, 0.006491676438599825, 0.006537649780511856, 0.006628235336393118, 0.006498054601252079, 0.006425444968044758, 0.006327846087515354, 0.006430948153138161], "val_loss": [0.027041610330343246, 0.02122146636247635, 0.012425100430846214, 0.008609394542872906, 0.003758984385058284, 0.003970779478549957, 0.011898674070835114, 0.014568790793418884, 0.01397987361997366, 0.005370404105633497, 0.003242699895054102, 0.004285026807337999, 0.004068898968398571, 0.004250804428011179, 0.003496110439300537, 0.0037040829192847013, 0.003197731915861368, 0.0032083389814943075, 0.003320331685245037, 0.0030690166167914867, 0.003308273619040847, 0.0032455050386488438, 0.0033257314935326576, 0.003219624049961567, 0.003400359535589814, 0.0033646533265709877, 0.003452139440923929, 0.003417510073632002, 0.0035095498897135258, 0.0035609989427030087, 0.0036879198160022497, 0.00370966549962759]}