{"loss": [0.4290800094604492, 0.14211590588092804, 0.0692465528845787, 0.04389652982354164, 0.03211867809295654, 0.022735008969902992, 0.019586818292737007, 0.01566925458610058, 0.014070260338485241, 0.012758343480527401, 0.010065365582704544, 0.010466977022588253, 0.009131579659879208, 0.008629943244159222, 0.0078611820936203, 0.006890423130244017, 0.006559364032000303, 0.0057301330380141735, 0.005243942141532898, 0.00467525003477931, 0.004085417836904526, 0.003668335033580661, 0.0031458635348826647, 0.002802255330607295, 0.002399097429588437, 0.0021846890449523926, 0.0019044363871216774, 0.001759230624884367, 0.0016029439866542816, 0.0014863958349451423, 0.0013931859284639359, 0.0013130948645994067], "val_loss": [0.5795376300811768, 0.3481937050819397, 0.308008074760437, 0.16297733783721924, 0.11869154870510101, 0.11116687208414078, 0.05981580168008804, 0.08798231929540634, 0.06050404533743858, 0.05433349311351776, 0.0619858019053936, 0.04692743718624115, 0.05740424245595932, 0.05169627070426941, 0.041154924780130386, 0.04508936032652855, 0.036590829491615295, 0.04031724855303764, 0.03612152859568596, 0.03413154557347298, 0.035008855164051056, 0.032588522881269455, 0.0347406305372715, 0.03107157163321972, 0.03159818425774574, 0.029532602056860924, 0.030175182968378067, 0.028322383761405945, 0.028099611401557922, 0.027015527710318565, 0.026341360062360764, 0.025882858783006668]}