{"loss": [2.5690829753875732, 0.24749700725078583, 0.06066888943314552, 0.050343744456768036, 0.04542205110192299, 0.03399334102869034, 0.025620223954319954, 0.02223164401948452, 0.019660744816064835, 0.018269624561071396, 0.016330236569046974, 0.011899171397089958, 0.00785265862941742, 0.006897974293678999, 0.006068006623536348, 0.005467436742037535, 0.005687220022082329, 0.005075227934867144, 0.004833290819078684, 0.004217932932078838, 0.00431206077337265, 0.004050522577017546, 0.0030219205655157566, 0.0049856286495924, 0.004634791053831577, 0.008457853458821774, 0.0046676225028932095, 0.00575533602386713, 0.004304211586713791, 0.004264626652002335, 0.003675354877486825, 0.003274001646786928], "val_loss": [0.2818499207496643, 0.08540242165327072, 0.20715001225471497, 0.08266901224851608, 0.059138186275959015, 0.10259465873241425, 0.08094289153814316, 0.03436256945133209, 0.03192606940865517, 0.02216428890824318, 0.0354963093996048, 0.03549042344093323, 0.025225287303328514, 0.019313311204314232, 0.020280003547668457, 0.025863410905003548, 0.02081192657351494, 0.02447352185845375, 0.0259096622467041, 0.029743967577815056, 0.01566014066338539, 0.01786000095307827, 0.02440190128982067, 0.015608142130076885, 0.02482583560049534, 0.016071779653429985, 0.03569380193948746, 0.013297959230840206, 0.009768972173333168, 0.012696010991930962, 0.009068484418094158, 0.012271414510905743]}