{"loss": [0.3158179223537445, 0.04044637829065323, 0.029518697410821915, 0.01749063841998577, 0.015331669710576534, 0.01498221606016159, 0.0110987089574337, 0.009299633093178272, 0.0076433829963207245, 0.007605654187500477, 0.00683104433119297, 0.005572840571403503, 0.005173371639102697, 0.00517873652279377, 0.005301081109791994, 0.005505644716322422, 0.0052660005167126656, 0.004641334526240826, 0.00438664760440588, 0.004306802526116371, 0.004546503536403179, 0.004946238826960325, 0.005058608017861843, 0.00472817150875926, 0.004279070533812046, 0.004083187319338322, 0.004150554537773132, 0.0043561095371842384, 0.004556316416710615, 0.004583947826176882, 0.004429447464644909, 0.004241557791829109], "val_loss": [0.06592152267694473, 0.09501634538173676, 0.0793481171131134, 0.10555829852819443, 0.07219038903713226, 0.07290343195199966, 0.07175765186548233, 0.04949256405234337, 0.041719503700733185, 0.024033598601818085, 0.014799103140830994, 0.009608699008822441, 0.008559240959584713, 0.007199652958661318, 0.007234534248709679, 0.0074429684318602085, 0.007246473804116249, 0.006950667127966881, 0.007125316187739372, 0.006885412614792585, 0.006936192978173494, 0.006931093521416187, 0.006986685562878847, 0.0072090341709554195, 0.007396119646728039, 0.007485138718038797, 0.007497323211282492, 0.007425182964652777, 0.00732750678434968, 0.007366652600467205, 0.007574303075671196, 0.007704132702201605]}