{"loss": [0.5695026516914368, 0.10488799214363098, 0.05357218161225319, 0.03543644770979881, 0.022965125739574432, 0.016873927786946297, 0.013043556362390518, 0.010920893400907516, 0.009033980779349804, 0.008329183794558048, 0.006732268258929253, 0.006314887199550867, 0.005400671157985926, 0.0047990623861551285, 0.00427333265542984, 0.0036967487540096045, 0.003366217715665698, 0.0029266204219311476, 0.002552888821810484, 0.0022413870319724083, 0.0019413871923461556, 0.0017288461094722152, 0.0015560849569737911, 0.0013288677437230945, 0.0012397338869050145, 0.0010712287621572614, 0.0009797686943784356, 0.0009219613275490701, 0.0008195557747967541, 0.0007831003167666495, 0.0007271187496371567, 0.0006743533886037767], "val_loss": [0.12530627846717834, 0.09065379202365875, 0.045145388692617416, 0.05252107232809067, 0.04055974632501602, 0.042136020958423615, 0.022869059816002846, 0.02496815100312233, 0.018177516758441925, 0.02153600938618183, 0.01622985303401947, 0.020928306505084038, 0.01566157676279545, 0.016153711825609207, 0.012332391925156116, 0.012569980695843697, 0.010554247535765171, 0.01082058995962143, 0.009136763401329517, 0.009556973353028297, 0.0080637875944376, 0.008546693250536919, 0.007142858114093542, 0.0075641474686563015, 0.006818522699177265, 0.006870602257549763, 0.0067687565460801125, 0.0060387966223061085, 0.006184999365359545, 0.005896944086998701, 0.005531787872314453, 0.00549654196947813]}