{"loss": [0.2614281475543976, 0.07255817949771881, 0.03335627168416977, 0.021550973877310753, 0.018935272470116615, 0.017117200419306755, 0.013568812049925327, 0.013156594708561897, 0.012817450799047947, 0.012409718707203865, 0.010813849046826363, 0.010364193469285965, 0.010007493197917938, 0.010274592787027359, 0.009504060260951519, 0.009459814056754112, 0.009196256287395954, 0.009500974789261818, 0.009249950759112835, 0.009031896479427814, 0.008872265927493572, 0.00879119336605072, 0.00895371101796627, 0.00899948738515377, 0.008916779421269894, 0.00874344166368246, 0.008567688055336475, 0.008490215986967087, 0.008479045704007149, 0.008500517345964909, 0.008574466221034527, 0.008638111874461174], "val_loss": [0.013810386881232262, 0.010370498523116112, 0.008926982060074806, 0.006486815866082907, 0.005656910128891468, 0.008481589145958424, 0.004392196889966726, 0.005574725568294525, 0.007083959877490997, 0.006598480977118015, 0.004435291048139334, 0.00486446637660265, 0.005058158654719591, 0.005434224847704172, 0.0049374280497431755, 0.005685506854206324, 0.005360571201890707, 0.005881736520677805, 0.005525586195290089, 0.0055396175011992455, 0.005511017516255379, 0.005461256951093674, 0.005660845898091793, 0.005715536884963512, 0.005728519055992365, 0.0055744098499417305, 0.005482234992086887, 0.005523638799786568, 0.005511419847607613, 0.005525361746549606, 0.0054557002149522305, 0.00538410060107708]}