{"loss": [2.827793598175049, 0.2988062798976898, 0.21804973483085632, 0.15961620211601257, 0.11156824976205826, 0.06934431940317154, 0.06566033512353897, 0.07573363184928894, 0.06442628055810928, 0.04053979367017746, 0.029053879901766777, 0.02698902040719986, 0.019808463752269745, 0.016318585723638535, 0.014471185393631458, 0.013225436210632324, 0.012069815769791603, 0.011067193932831287, 0.009178678505122662, 0.009366657584905624, 0.011954416520893574, 0.011242838576436043, 0.01274836901575327, 0.013026800006628036, 0.007484535686671734, 0.00731259398162365, 0.0072770207189023495, 0.006972840987145901, 0.0079026585444808, 0.008156375959515572, 0.007149338256567717, 0.005500671919435263], "val_loss": [0.23424328863620758, 0.12995219230651855, 0.15638461709022522, 0.062208373099565506, 0.07035575807094574, 0.055828217417001724, 0.06476857513189316, 0.04722943902015686, 0.05055156722664833, 0.02798711694777012, 0.03683427348732948, 0.024297518655657768, 0.023529868572950363, 0.01737976260483265, 0.014190103858709335, 0.01752002164721489, 0.012428129091858864, 0.016176531091332436, 0.012298722751438618, 0.025522558018565178, 0.011200850829482079, 0.02333454228937626, 0.030578482896089554, 0.012925790622830391, 0.01110023632645607, 0.012782793492078781, 0.012214911170303822, 0.011793410405516624, 0.010074612684547901, 0.009377272799611092, 0.009461041539907455, 0.00839323177933693]}