{"loss": [0.6473241448402405, 0.18471719324588776, 0.10319101065397263, 0.054984599351882935, 0.04659436643123627, 0.03394148126244545, 0.02471320889890194, 0.022602500393986702, 0.019764402881264687, 0.018034905195236206, 0.015124795027077198, 0.01317268144339323, 0.012546983547508717, 0.011394702829420567, 0.009741832502186298, 0.009299498982727528, 0.008133294992148876, 0.00699291005730629, 0.006312564481049776, 0.005390356760472059, 0.004815804306417704, 0.004213755484670401, 0.0036917750257998705, 0.0032786105293780565, 0.002878461964428425, 0.002653823234140873, 0.0024111373350024223, 0.002205842174589634, 0.0020535823423415422, 0.00189827976282686, 0.0017649264773353934, 0.0016218224773183465], "val_loss": [0.16764460504055023, 0.10139954835176468, 0.08332105726003647, 0.038306042551994324, 0.04165464639663696, 0.03381664305925369, 0.03220978006720543, 0.02812931314110756, 0.019179563969373703, 0.01655120961368084, 0.016752926632761955, 0.021713072434067726, 0.015145436860620975, 0.015973171219229698, 0.011754662729799747, 0.013145995326340199, 0.010960194282233715, 0.010556160472333431, 0.009578936733305454, 0.009400411508977413, 0.008712812326848507, 0.007757005747407675, 0.007247301284223795, 0.007067606318742037, 0.006700107827782631, 0.006494417320936918, 0.006235424429178238, 0.0058973971754312515, 0.005688112694770098, 0.005362462718039751, 0.005052504595369101, 0.00478716567158699]}