{"loss": [2.968416213989258, 0.3972760736942291, 0.10335911065340042, 0.06412298232316971, 0.04019393026828766, 0.02844952419400215, 0.031048811972141266, 0.025058366358280182, 0.02374899759888649, 0.016728496178984642, 0.01286996342241764, 0.010233741253614426, 0.007739212829619646, 0.006265686359256506, 0.005276898387819529, 0.004796557128429413, 0.004690113011747599, 0.004237383604049683, 0.0036090854555368423, 0.0034078583121299744, 0.003248062916100025, 0.003294122638180852, 0.003143852110952139, 0.002605235669761896, 0.002615684177726507, 0.0027382976841181517, 0.0028325021266937256, 0.0027031193021684885, 0.0029789621476083994, 0.002909294795244932, 0.002793464809656143, 0.0029336153529584408], "val_loss": [0.12013666331768036, 0.010814798064529896, 0.013491913676261902, 0.0537433847784996, 0.017078939825296402, 0.017445139586925507, 0.010686366818845272, 0.018182603642344475, 0.006191521417349577, 0.017915356904268265, 0.009237335994839668, 0.003968218341469765, 0.0039244345389306545, 0.007243545260280371, 0.003850596724078059, 0.0037859121803194284, 0.003213932504877448, 0.0027196789160370827, 0.0036696926690638065, 0.002871792297810316, 0.003212205832824111, 0.003092802595347166, 0.0027375109493732452, 0.002950799185782671, 0.0026636263355612755, 0.0029441979713737965, 0.0028435070998966694, 0.0028546862304210663, 0.0027827881276607513, 0.0027962822932749987, 0.003282043617218733, 0.0030908272601664066]}