{"loss": [0.505100667476654, 0.061467837542295456, 0.03717830777168274, 0.01976419799029827, 0.016411852091550827, 0.012276183813810349, 0.009093116037547588, 0.006775718182325363, 0.0060652694664895535, 0.005331324879080057, 0.004093562718480825, 0.0034610761795192957, 0.0029931708704680204, 0.002650510286912322, 0.002216473687440157, 0.00196381495334208, 0.0018443381413817406, 0.0015588767128065228, 0.0014331660931929946, 0.0012360804248601198, 0.0011445325799286366, 0.0010090689174830914, 0.0009354371577501297, 0.0008038626983761787, 0.0007425965741276741, 0.0006498899892903864, 0.000619741331320256, 0.0005456417566165328, 0.0005127269541844726, 0.0004634101933334023, 0.0004294601967558265, 0.0004035701567772776], "val_loss": [0.027547230944037437, 0.0740627571940422, 0.02226456068456173, 0.006529456004500389, 0.03741291165351868, 0.019152997061610222, 0.015283409506082535, 0.025518910959362984, 0.005907813552767038, 0.023641197010874748, 0.003831083420664072, 0.011442067101597786, 0.005446500610560179, 0.0070859105326235294, 0.004339262843132019, 0.004236230626702309, 0.005466236267238855, 0.00370989041402936, 0.004863593261688948, 0.0037353034131228924, 0.003985317889600992, 0.0028360181022435427, 0.0037305240985006094, 0.0031087975949048996, 0.0030414469074457884, 0.0027624983340501785, 0.0025987112894654274, 0.002765323268249631, 0.002254348248243332, 0.0027002301067113876, 0.002152347471565008, 0.002346906578168273]}