{"loss": [0.46408289670944214, 0.13714905083179474, 0.07817922532558441, 0.06446768343448639, 0.0486544594168663, 0.03403053432703018, 0.034040048718452454, 0.028167851269245148, 0.024409396573901176, 0.02334616705775261, 0.02088966593146324, 0.021268494427204132, 0.0200413279235363, 0.01948457583785057, 0.01937013305723667, 0.018843866884708405, 0.018790729343891144, 0.01864255778491497, 0.0185396745800972, 0.018291153013706207, 0.01833067275583744, 0.018111135810613632, 0.01800891011953354, 0.017910797148942947, 0.017927613109350204, 0.017766375094652176, 0.0176678579300642, 0.017553679645061493, 0.017548227682709694, 0.01743680238723755, 0.017331134527921677, 0.017207683995366096], "val_loss": [0.06810124963521957, 0.049841105937957764, 0.03964097052812576, 0.052167776972055435, 0.03060229867696762, 0.028328726068139076, 0.02791387215256691, 0.024528758600354195, 0.025217387825250626, 0.024701694026589394, 0.023589078336954117, 0.022718599066138268, 0.02215118333697319, 0.02214483730494976, 0.02148285321891308, 0.021496634930372238, 0.02207113429903984, 0.021659405902028084, 0.02161817066371441, 0.022125544026494026, 0.022091157734394073, 0.022129595279693604, 0.022301292046904564, 0.02258792519569397, 0.0226125605404377, 0.022738788276910782, 0.02293190360069275, 0.02330891229212284, 0.02354259043931961, 0.02375834435224533, 0.023960936814546585, 0.024321645498275757]}