{"loss": [0.4707814157009125, 0.08892442286014557, 0.05217791348695755, 0.03603654354810715, 0.026214301586151123, 0.021359533071517944, 0.019659200683236122, 0.016895264387130737, 0.01602141000330448, 0.015139776282012463, 0.014058779925107956, 0.01425961870700121, 0.01321946457028389, 0.013348422944545746, 0.012876491993665695, 0.012728278525173664, 0.012738261371850967, 0.012488161213696003, 0.01251772791147232, 0.012355522252619267, 0.012279340997338295, 0.012230606749653816, 0.012112019583582878, 0.012082476168870926, 0.011994837783277035, 0.0118689751252532, 0.011831396259367466, 0.011782627552747726, 0.011682571843266487, 0.011597910895943642, 0.011560127139091492, 0.011513398960232735], "val_loss": [0.2052900493144989, 0.09400628507137299, 0.07458291202783585, 0.06948046386241913, 0.07732182741165161, 0.08845964074134827, 0.08041425794363022, 0.07675023376941681, 0.08252280950546265, 0.07231191545724869, 0.0832410603761673, 0.07287328690290451, 0.07491043955087662, 0.07357145100831985, 0.07261869311332703, 0.07563775777816772, 0.07351759821176529, 0.07614131271839142, 0.07651558518409729, 0.07755881547927856, 0.0791403129696846, 0.07834997028112411, 0.07934671640396118, 0.08106570690870285, 0.08073312789201736, 0.08159759640693665, 0.08350204676389694, 0.08396849036216736, 0.08498572558164597, 0.08606079965829849, 0.08693568408489227, 0.08809800446033478]}