{"loss": [3.2863800525665283, 0.3814065456390381, 0.1222296804189682, 0.071102075278759, 0.04543523117899895, 0.027547376230359077, 0.016883429139852524, 0.01366177573800087, 0.010297069326043129, 0.00834890641272068, 0.007253182120621204, 0.006110525690019131, 0.005272801965475082, 0.004159445408731699, 0.0035898154601454735, 0.003023414872586727, 0.002897879807278514, 0.002602799329906702, 0.0023164041340351105, 0.002043765038251877, 0.0017433655448257923, 0.0016384116606786847, 0.0015293470351025462, 0.0013899790355935693, 0.001322782365605235, 0.0012588804820552468, 0.0012099171290174127, 0.0011405444238334894, 0.0011260671308264136, 0.0010609865421429276, 0.0010106785921379924, 0.0010158158838748932], "val_loss": [0.2043984979391098, 1.1529345512390137, 0.715268611907959, 0.6066204309463501, 0.37957313656806946, 0.42181649804115295, 0.33671796321868896, 0.2575669586658478, 0.27870845794677734, 0.24444134533405304, 0.2355586588382721, 0.24149729311466217, 0.2070629596710205, 0.22267626225948334, 0.2189732939004898, 0.2248516082763672, 0.2219398319721222, 0.21815037727355957, 0.21484415233135223, 0.21508945524692535, 0.21180222928524017, 0.2108616679906845, 0.2044660747051239, 0.2045285403728485, 0.2029462605714798, 0.20155006647109985, 0.19934231042861938, 0.19859229028224945, 0.1952143758535385, 0.19399426877498627, 0.19459788501262665, 0.191231831908226]}