{"loss": [0.6067571640014648, 0.10032253712415695, 0.05491176247596741, 0.036473434418439865, 0.02443980611860752, 0.021700246259570122, 0.015077830292284489, 0.013123060576617718, 0.011691741645336151, 0.009190144017338753, 0.007181813940405846, 0.006574312224984169, 0.00598900904878974, 0.005426689516752958, 0.004914965480566025, 0.00455573620274663, 0.004134348127990961, 0.0038351702969521284, 0.003553517162799835, 0.00332605536095798, 0.0030505917966365814, 0.0027962385211139917, 0.002611651783809066, 0.002415094058960676, 0.0022176450584083796, 0.0020283416379243135, 0.0018784552812576294, 0.0017106164013966918, 0.0015663538360968232, 0.0014233490219339728, 0.0013163454132154584, 0.001196655910462141], "val_loss": [0.13509710133075714, 0.06858733296394348, 0.08725230395793915, 0.02818508818745613, 0.02598007582128048, 0.03899721801280975, 0.018875619396567345, 0.02823779173195362, 0.015764735639095306, 0.018792295828461647, 0.020407460629940033, 0.014678631909191608, 0.0222761407494545, 0.012831497937440872, 0.011094245128333569, 0.013746184296905994, 0.0118266511708498, 0.015081869438290596, 0.011714176274836063, 0.011893302202224731, 0.011830552481114864, 0.010259508155286312, 0.012373683042824268, 0.010567816905677319, 0.012296020053327084, 0.010323699563741684, 0.011815272271633148, 0.01000010222196579, 0.010837768204510212, 0.009990621358156204, 0.010957641527056694, 0.0097044687718153]}