{"loss": [2.069247245788574, 0.26247772574424744, 0.11226879060268402, 0.09967445582151413, 0.11025197803974152, 0.07235191762447357, 0.06470569223165512, 0.05731847882270813, 0.05576316639780998, 0.04942415654659271, 0.04555218666791916, 0.09087807685136795, 0.05600424110889435, 0.03817863389849663, 0.023233015090227127, 0.01745082065463066, 0.010034915991127491, 0.0083208829164505, 0.009809120558202267, 0.008446508087217808, 0.006761279422789812, 0.00721320416778326, 0.029792459681630135, 0.024683477357029915, 0.01708272285759449, 0.01706783100962639, 0.023226838558912277, 0.01569557748734951, 0.014548122882843018, 0.013270625844597816, 0.01269981823861599, 0.012916084378957748], "val_loss": [3.9333174228668213, 0.337971955537796, 0.9337923526763916, 1.0532889366149902, 0.1825055032968521, 0.11803942918777466, 0.26288658380508423, 0.3419569134712219, 0.2696157693862915, 0.4234415590763092, 0.1563437283039093, 0.5062548518180847, 0.4854469299316406, 0.5190544724464417, 0.4710821807384491, 0.6156905293464661, 0.7002562880516052, 0.3976830244064331, 0.5475407838821411, 0.5915876030921936, 0.45949673652648926, 0.5224137306213379, 0.3358774483203888, 0.10601125657558441, 0.5462403893470764, 0.20630978047847748, 0.4889757037162781, 0.28764885663986206, 0.40281999111175537, 0.3962102234363556, 0.43776312470436096, 0.4280877113342285]}