{"loss": [0.388698935508728, 0.10536503791809082, 0.07475879043340683, 0.04087137058377266, 0.03197020664811134, 0.028026804327964783, 0.017310837283730507, 0.01586822420358658, 0.014028522185981274, 0.011171440593898296, 0.010087578557431698, 0.009250164963304996, 0.007889729924499989, 0.007252356503158808, 0.006392281502485275, 0.005554650444537401, 0.004930132534354925, 0.004434869159013033, 0.0035241376608610153, 0.003210976952686906, 0.0025090035051107407, 0.002171548316255212, 0.0018073901301249862, 0.0015860991552472115, 0.0014601716538891196, 0.00128369708545506, 0.0011674795532599092, 0.0010710241040214896, 0.0009401005227118731, 0.0008391239098273218, 0.0007633657078258693, 0.0006879002321511507], "val_loss": [0.013265983201563358, 0.0313887782394886, 0.0128687908872962, 0.053230635821819305, 0.007730421610176563, 0.009862623177468777, 0.016195261850953102, 0.00720430351793766, 0.007740382570773363, 0.00839942041784525, 0.006310539785772562, 0.005454991012811661, 0.006059661041945219, 0.004704313352704048, 0.004499298520386219, 0.004402243997901678, 0.004175381734967232, 0.0037322009447962046, 0.0038658836856484413, 0.0032244303729385138, 0.0031271192710846663, 0.002880855230614543, 0.002608972368761897, 0.002507376717403531, 0.002273495774716139, 0.002062554005533457, 0.0019723258446902037, 0.0018007494509220123, 0.0016460169572383165, 0.0015235471073538065, 0.0014069791650399566, 0.0012858518166467547]}