{"loss": [0.2183855026960373, 0.0332336500287056, 0.020080246031284332, 0.013693711720407009, 0.011516032740473747, 0.009222452528774738, 0.007569610141217709, 0.006509655155241489, 0.005674206186085939, 0.005799261853098869, 0.005221890285611153, 0.0048922388814389706, 0.0049392650835216045, 0.0046669309958815575, 0.0047698188573122025, 0.004528902471065521, 0.004437856841832399, 0.004400715697556734, 0.004376302007585764, 0.0044068871065974236, 0.004359138663858175, 0.004376951605081558, 0.004289033357053995, 0.00426139822229743, 0.004203372169286013, 0.00420218612998724, 0.004172729793936014, 0.004189837723970413, 0.004181777127087116, 0.004207849036902189, 0.004209745209664106, 0.004228852689266205], "val_loss": [0.8418334722518921, 0.12709836661815643, 0.46551164984703064, 0.08588540554046631, 0.3426331877708435, 0.14062342047691345, 0.1382259726524353, 0.18904078006744385, 0.0820670947432518, 0.14348094165325165, 0.11249104887247086, 0.09536349773406982, 0.12496913969516754, 0.08381836861371994, 0.10818468779325485, 0.0984581857919693, 0.10339998453855515, 0.10601573437452316, 0.0980614572763443, 0.10579680651426315, 0.09629593044519424, 0.10579004138708115, 0.09972402453422546, 0.10612209141254425, 0.101384237408638, 0.1074700653553009, 0.10438135266304016, 0.11064968258142471, 0.10884243994951248, 0.11485496163368225, 0.11546112596988678, 0.1216861829161644]}