{"loss": [0.5582842230796814, 0.1700110286474228, 0.07422364503145218, 0.04838751628994942, 0.03170563280582428, 0.02494441717863083, 0.01996561884880066, 0.014985979534685612, 0.011126947589218616, 0.009907836094498634, 0.009097867645323277, 0.007762106601148844, 0.006850837264209986, 0.0064079235307872295, 0.00592760881409049, 0.005324070807546377, 0.005039485637098551, 0.004633068107068539, 0.004234613385051489, 0.00398599449545145, 0.0036499183624982834, 0.00342402420938015, 0.0031703251879662275, 0.0029562152922153473, 0.002750612562522292, 0.002561089349910617, 0.002384341089054942, 0.0022375741973519325, 0.002067202003672719, 0.0019359760917723179, 0.0017823511734604836, 0.001665563671849668], "val_loss": [0.06446117162704468, 0.07644281536340714, 0.03396573290228844, 0.010165023617446423, 0.01735485903918743, 0.009231326170265675, 0.00772506557404995, 0.007997697219252586, 0.006017419043928385, 0.01126245129853487, 0.008336135186254978, 0.0081577617675066, 0.006520584225654602, 0.005179412197321653, 0.005094220396131277, 0.0050107864663004875, 0.004564410075545311, 0.00395206967368722, 0.0036136514972895384, 0.003540911478921771, 0.003427148563787341, 0.0032895358745008707, 0.0030420897528529167, 0.0029567487072199583, 0.002948896260932088, 0.0028456130530685186, 0.002780953189358115, 0.0027027681935578585, 0.0026370740961283445, 0.002554862992838025, 0.0024728465359658003, 0.002404410857707262]}