{"loss": [0.3580077290534973, 0.07674682885408401, 0.05368421971797943, 0.0317842997610569, 0.02675485610961914, 0.022926878184080124, 0.02157505229115486, 0.019963271915912628, 0.019668493419885635, 0.018436692655086517, 0.018207119777798653, 0.017988385632634163, 0.017584044486284256, 0.017417892813682556, 0.017585914582014084, 0.0173521488904953, 0.017219390720129013, 0.017128538340330124, 0.017132172361016273, 0.01700485125184059, 0.016915109008550644, 0.01690826192498207, 0.01684240996837616, 0.016768068075180054, 0.016678327694535255, 0.01662100851535797, 0.016591332852840424, 0.016504846513271332, 0.016408227384090424, 0.016346212476491928, 0.016270630061626434, 0.016182277351617813], "val_loss": [0.09747396409511566, 0.05091937258839607, 0.033010415732860565, 0.026024550199508667, 0.005200004670768976, 0.010851189494132996, 0.0053734262473881245, 0.009035700932145119, 0.0033720212522894144, 0.006277238484472036, 0.005121833644807339, 0.002921778243035078, 0.003239029087126255, 0.0030697756446897984, 0.0030161230824887753, 0.002991747809574008, 0.0033748948480933905, 0.0030829638708382845, 0.0030997502617537975, 0.0031432840041816235, 0.0031778435222804546, 0.0031611372251063585, 0.0031598901841789484, 0.003206606488674879, 0.0032274324912577868, 0.003231487702578306, 0.0032582455314695835, 0.00329035148024559, 0.0033421225380152464, 0.0034241953399032354, 0.0035110609605908394, 0.0035992672201246023]}