{"loss": [2.3541758060455322, 0.3517970144748688, 0.1960362046957016, 0.1314496099948883, 0.11857019364833832, 0.09954386204481125, 0.11592124402523041, 0.16647212207317352, 0.13602668046951294, 0.11865100264549255, 0.11393097788095474, 0.10226622223854065, 0.06955534964799881, 0.04405990615487099, 0.040517013520002365, 0.03884170204401016, 0.039133235812187195, 0.03467777743935585, 0.029766639694571495, 0.026475781574845314, 0.030903538689017296, 0.02585197612643242, 0.024350479245185852, 0.023412484675645828, 0.023447221145033836, 0.02509809285402298, 0.026374103501439095, 0.027741780504584312, 0.041550859808921814, 0.050167880952358246, 0.08602957427501678, 0.07950880378484726], "val_loss": [1.8060311079025269, 0.10852894186973572, 0.022361505776643753, 0.1137247309088707, 0.06290395557880402, 0.029342185705900192, 0.020005911588668823, 0.035046715289354324, 0.02706107869744301, 0.15904857218265533, 0.01528291217982769, 0.06089378893375397, 0.028278522193431854, 0.07310041040182114, 0.0473443977534771, 0.030609596520662308, 0.02862112782895565, 0.03806132823228836, 0.01598844863474369, 0.02411549538373947, 0.018978020176291466, 0.030915744602680206, 0.020141061395406723, 0.02407197654247284, 0.013163268566131592, 0.02234608866274357, 0.018838178366422653, 0.02937161736190319, 0.01950688660144806, 0.02385709248483181, 0.05341767892241478, 0.031766850501298904]}