{"loss": [0.19661492109298706, 0.035961683839559555, 0.01629849709570408, 0.013883955776691437, 0.010732267051935196, 0.009186642244458199, 0.009250899776816368, 0.007372737862169743, 0.007274497300386429, 0.005056106951087713, 0.005216089077293873, 0.0037060885224491358, 0.0035885507240891457, 0.002964704530313611, 0.0028310073539614677, 0.0033042170107364655, 0.002597543876618147, 0.002790933009237051, 0.0027426218148320913, 0.0024601269979029894, 0.0025496932212263346, 0.002440387848764658, 0.002371277427300811, 0.0023994031362235546, 0.002401449717581272, 0.0022650077007710934, 0.002345325192436576, 0.0022703642025589943, 0.0022475284058600664, 0.0022480967454612255, 0.0022100727073848248, 0.0021885696332901716], "val_loss": [0.38618922233581543, 0.6684451103210449, 0.22415217757225037, 0.35358336567878723, 0.5192421078681946, 0.266908198595047, 0.18563973903656006, 0.3452047109603882, 0.19680671393871307, 0.29421231150627136, 0.17306986451148987, 0.18588782846927643, 0.1675877422094345, 0.11172640323638916, 0.17479854822158813, 0.14981922507286072, 0.12137658149003983, 0.20219789445400238, 0.15702730417251587, 0.1837996393442154, 0.1787133365869522, 0.18717651069164276, 0.17821775376796722, 0.2167282998561859, 0.20313021540641785, 0.22371838986873627, 0.23655390739440918, 0.22594255208969116, 0.2427067905664444, 0.253053218126297, 0.258054256439209, 0.2769078016281128]}