{"loss": [0.40829893946647644, 0.07218744605779648, 0.04018088057637215, 0.024473274126648903, 0.017927350476384163, 0.014423370361328125, 0.0130723612383008, 0.010725212283432484, 0.009109090082347393, 0.008372336626052856, 0.007377343252301216, 0.007010584231466055, 0.006021192763000727, 0.005938374903053045, 0.005358451511710882, 0.005092913284897804, 0.004712296649813652, 0.004440186079591513, 0.004184054676443338, 0.003887992585077882, 0.003628268139436841, 0.003362872637808323, 0.0031017062719911337, 0.002860428998246789, 0.0026147712487727404, 0.002384019549936056, 0.002155430382117629, 0.0019586284179240465, 0.0017665693303570151, 0.0015977941220626235, 0.001453979522921145, 0.0013211355544626713], "val_loss": [0.46180421113967896, 0.3432936668395996, 0.9347743988037109, 0.6050416231155396, 0.5676246881484985, 0.7891473174095154, 0.5530034899711609, 0.47296464443206787, 0.7979381680488586, 0.9177168607711792, 0.688979983329773, 0.6684335470199585, 0.7572854161262512, 0.6691336035728455, 0.5734685659408569, 0.5933403372764587, 0.6268531680107117, 0.6131352186203003, 0.5964899063110352, 0.6295345425605774, 0.6160134673118591, 0.5745413303375244, 0.5853066444396973, 0.5912821292877197, 0.5785834789276123, 0.5732846856117249, 0.5688242316246033, 0.5484012961387634, 0.5486986637115479, 0.5484686493873596, 0.5365607738494873, 0.5358167290687561]}