{"loss": [1.203454852104187, 0.2687079906463623, 0.14801573753356934, 0.05083358287811279, 0.030314037576317787, 0.017320534214377403, 0.011600597761571407, 0.010806865058839321, 0.009160288609564304, 0.008085109293460846, 0.007005268707871437, 0.0058089569211006165, 0.005208002403378487, 0.0048170373775064945, 0.006494448985904455, 0.005482792854309082, 0.0055845752358436584, 0.005971214268356562, 0.006196561735123396, 0.006389710120856762, 0.004377259872853756, 0.0037092026323080063, 0.003896759357303381, 0.00558759830892086, 0.004897549282759428, 0.004415600094944239, 0.005211937241256237, 0.005336136091500521, 0.004566535819321871, 0.003306045662611723, 0.004024849273264408, 0.0034799682907760143], "val_loss": [0.03652135655283928, 0.10945947468280792, 0.04375031217932701, 0.03720749914646149, 0.01476044300943613, 0.0080255176872015, 0.006800278089940548, 0.004309135023504496, 0.004590628668665886, 0.011693213135004044, 0.008413144387304783, 0.005808484740555286, 0.0032568713650107384, 0.0026013837195932865, 0.0056471750140190125, 0.003763164160773158, 0.00920313224196434, 0.006397975143045187, 0.003389626042917371, 0.005585087463259697, 0.004512250889092684, 0.0037314980290830135, 0.002984284423291683, 0.009853370487689972, 0.007946235127747059, 0.007357842288911343, 0.005597835872322321, 0.005385496653616428, 0.003759639570489526, 0.007062376942485571, 0.003139132633805275, 0.002987738698720932]}