{"loss": [0.457555890083313, 0.12603899836540222, 0.07103344053030014, 0.044241104274988174, 0.030723342671990395, 0.023258190602064133, 0.017506293952465057, 0.016051199287176132, 0.014968976378440857, 0.014367486350238323, 0.01342623308300972, 0.012838449329137802, 0.012353797443211079, 0.01210747193545103, 0.011852852068841457, 0.01164238527417183, 0.011510929092764854, 0.011295673437416553, 0.011176642030477524, 0.0110568106174469, 0.010963118635118008, 0.010887864045798779, 0.01083130668848753, 0.010740196332335472, 0.010696638375520706, 0.010667133145034313, 0.0106146689504385, 0.010550293140113354, 0.010502592660486698, 0.010470759123563766, 0.010436369106173515, 0.010389425791800022], "val_loss": [0.042375750839710236, 0.10935202986001968, 0.01374188531190157, 0.013333079405128956, 0.010436993092298508, 0.011078095994889736, 0.010823454707860947, 0.011171683669090271, 0.010042484849691391, 0.010939391329884529, 0.010492442175745964, 0.010388167575001717, 0.010267740115523338, 0.01008586771786213, 0.010082051157951355, 0.01026085577905178, 0.010029547847807407, 0.010212801396846771, 0.010249308310449123, 0.010154536925256252, 0.010178092867136002, 0.010017726570367813, 0.010034099221229553, 0.009971329011023045, 0.010216116905212402, 0.010137409903109074, 0.01018690224736929, 0.010196843184530735, 0.010264397598803043, 0.010297581553459167, 0.01031701359897852, 0.010326176881790161]}