{"loss": [0.43432745337486267, 0.06776203960180283, 0.029576195403933525, 0.023915963247418404, 0.013513054698705673, 0.011767451651394367, 0.009400674141943455, 0.007512544747442007, 0.00605711480602622, 0.005563757847994566, 0.004791971296072006, 0.004250002093613148, 0.0038139622192829847, 0.0035327731166034937, 0.0033825773280113935, 0.0030583124607801437, 0.002728531137108803, 0.002560687018558383, 0.002352131297811866, 0.002204457065090537, 0.0019407951040193439, 0.0018459027633070946, 0.0016489651752635837, 0.0014823050005361438, 0.0013535426696762443, 0.0012126428773626685, 0.0010970778530463576, 0.0010140867670997977, 0.0009166002855636179, 0.0008351081633009017, 0.000781613402068615, 0.0007387600489892066], "val_loss": [0.06500820815563202, 0.014937176369130611, 0.015112878754734993, 0.009520245715975761, 0.01469286996871233, 0.006990876514464617, 0.022369366139173508, 0.0073578860610723495, 0.010343709960579872, 0.004565037786960602, 0.008367685601115227, 0.004930972121655941, 0.0046237558126449585, 0.003489437513053417, 0.004061887972056866, 0.0036143562756478786, 0.0028698306996375322, 0.0029498848598450422, 0.002919884631410241, 0.0032902206294238567, 0.002591583877801895, 0.0025790808722376823, 0.002821597270667553, 0.002374043921008706, 0.0023017667699605227, 0.002352861687541008, 0.0021962712053209543, 0.0021214112639427185, 0.002083476400002837, 0.001934909145347774, 0.0017912732437252998, 0.0017549232579767704]}