{"loss": [1.966700553894043, 0.3225306272506714, 0.22802753746509552, 0.1359967738389969, 0.13213518261909485, 0.05402156338095665, 0.04330909997224808, 0.03337343782186508, 0.022652503103017807, 0.024584395810961723, 0.013989155180752277, 0.015364054590463638, 0.013704201206564903, 0.010644553229212761, 0.009472623467445374, 0.00822740700095892, 0.007069260813295841, 0.010930877178907394, 0.009380584582686424, 0.008192318491637707, 0.007258889265358448, 0.008267998695373535, 0.008831700310111046, 0.009151621721684933, 0.015395437367260456, 0.07133538275957108, 0.06255228072404861, 0.03689068555831909, 0.030009206384420395, 0.023968776687979698, 0.01830010861158371, 0.019495202228426933], "val_loss": [0.17693519592285156, 0.5825439691543579, 0.13101494312286377, 0.18777921795845032, 0.1332910656929016, 0.1270405501127243, 0.1016475036740303, 0.08652405440807343, 0.049075085669755936, 0.03509173542261124, 0.030437368899583817, 0.02700291946530342, 0.031880032271146774, 0.04245864599943161, 0.039388760924339294, 0.037911172956228256, 0.03334702551364899, 0.033545829355716705, 0.04380445182323456, 0.02865881472826004, 0.02665890008211136, 0.019166341051459312, 0.025468548759818077, 0.026896996423602104, 0.03112896904349327, 0.03547472134232521, 0.028880909085273743, 0.03365730494260788, 0.03221511468291283, 0.027289502322673798, 0.02106459252536297, 0.03429846838116646]}