{"loss": [0.39148569107055664, 0.051903627812862396, 0.02628050185739994, 0.020920205861330032, 0.016898607835173607, 0.014486128464341164, 0.012665822170674801, 0.01116406824439764, 0.009767469950020313, 0.009902747347950935, 0.009246842004358768, 0.008561456575989723, 0.0085385050624609, 0.008208981715142727, 0.008223740383982658, 0.008089871145784855, 0.007968238554894924, 0.008014857769012451, 0.007846842519938946, 0.0077914767898619175, 0.007812264375388622, 0.007712122984230518, 0.007603039965033531, 0.007589278742671013, 0.007523953448981047, 0.00741264782845974, 0.007377520203590393, 0.0073034754022955894, 0.007253308314830065, 0.007173104211688042, 0.007134991232305765, 0.007085700519382954], "val_loss": [0.031817514449357986, 0.006978824269026518, 0.01623733527958393, 0.009068170562386513, 0.0071936110034585, 0.008056191727519035, 0.006673381198197603, 0.0048060365952551365, 0.0052775233052670956, 0.004383737687021494, 0.005423408467322588, 0.0046881139278411865, 0.0047822268679738045, 0.005331002175807953, 0.004910203628242016, 0.005188161972910166, 0.005137997679412365, 0.005058913957327604, 0.0051453434862196445, 0.005237302742898464, 0.005085873417556286, 0.005236898548901081, 0.00524939876049757, 0.0052098119631409645, 0.0052781435661017895, 0.005387940909713507, 0.005426531657576561, 0.005452836398035288, 0.005593693815171719, 0.00566118536517024, 0.00574227049946785, 0.005819025915116072]}