{"loss": [0.4212418794631958, 0.08173709362745285, 0.053029660135507584, 0.0295118261128664, 0.024267299100756645, 0.02075190097093582, 0.01405468862503767, 0.010466773994266987, 0.01071349810808897, 0.008289887569844723, 0.006959802936762571, 0.006296464707702398, 0.005784342065453529, 0.005050923675298691, 0.004371353425085545, 0.0040715462528169155, 0.003583315759897232, 0.003101210342720151, 0.0028574562165886164, 0.0024733797181397676, 0.0021688903216272593, 0.0019535489846020937, 0.001723089604638517, 0.001559965661726892, 0.0013874518917873502, 0.0012408746406435966, 0.0011326358653604984, 0.0010253157233819366, 0.000930852082092315, 0.0008574879611842334, 0.0007979990914463997, 0.0007382187177427113], "val_loss": [0.11681003123521805, 0.07875798642635345, 0.049051083624362946, 0.04092764854431152, 0.007795639801770449, 0.0020608482882380486, 0.009604813531041145, 0.0048694186843931675, 0.0028764449525624514, 0.005684226751327515, 0.0038629688788205385, 0.002047396032139659, 0.003194171702489257, 0.0020945798605680466, 0.0026215114630758762, 0.001706044771708548, 0.0009165596566163003, 0.002199654234573245, 0.0007806385401636362, 0.0009512583492323756, 0.001222145976498723, 0.0006909876829013228, 0.0012626171810552478, 0.0007412960985675454, 0.0006802919670008123, 0.0009566895314492285, 0.0005774120218120515, 0.0007853756542317569, 0.0005823004757985473, 0.0005939528346061707, 0.0005897823139093816, 0.0005217081634327769]}