{"loss": [4.425499439239502, 0.44502103328704834, 0.4072701930999756, 0.2854236960411072, 0.25420790910720825, 0.1601065695285797, 0.09771094471216202, 0.06988875567913055, 0.05183259770274162, 0.04592588171362877, 0.03681706264615059, 0.0432693287730217, 0.0432005375623703, 0.03074856474995613, 0.02194691076874733, 0.019675161689519882, 0.01531933806836605, 0.01765482872724533, 0.017090126872062683, 0.011859518475830555, 0.010748797096312046, 0.009280403144657612, 0.008052787743508816, 0.007056746166199446, 0.006571236997842789, 0.006107158027589321, 0.005681387148797512, 0.005399701185524464, 0.0051018716767430305, 0.005001983605325222, 0.004707992542535067, 0.004633534234017134], "val_loss": [0.03933918848633766, 0.19252000749111176, 0.24925477802753448, 0.26734060049057007, 0.20847274363040924, 0.06979765743017197, 0.06561556458473206, 0.02058171108365059, 0.027632053941488266, 0.04275090992450714, 0.02684081345796585, 0.024487528949975967, 0.02242850698530674, 0.014785835519433022, 0.014898281544446945, 0.015373004600405693, 0.01212519034743309, 0.010610864497721195, 0.01185361947864294, 0.010250597260892391, 0.009394246153533459, 0.008613822050392628, 0.00847993977367878, 0.008265431970357895, 0.009160470217466354, 0.00930426362901926, 0.00878717191517353, 0.008180485107004642, 0.008329415693879128, 0.008642029017210007, 0.00895533338189125, 0.01000817772001028]}