{"loss": [3.4038240909576416, 0.1687074899673462, 0.08758525550365448, 0.07092144340276718, 0.0485491007566452, 0.044528767466545105, 0.025223182514309883, 0.024853410199284554, 0.01808794029057026, 0.02017492800951004, 0.013398083858191967, 0.010009018704295158, 0.010321066714823246, 0.011282524093985558, 0.008893607184290886, 0.007201001979410648, 0.004819935187697411, 0.0042608450166881084, 0.004237768240272999, 0.0037713320925831795, 0.0036346958950161934, 0.0035870634019374847, 0.003549485933035612, 0.0034229918383061886, 0.0035701023880392313, 0.0034790891222655773, 0.003588013583794236, 0.0035549867898225784, 0.0035061081871390343, 0.003422155976295471, 0.0032677873969078064, 0.003130549332126975], "val_loss": [1.7688896656036377, 1.3344933986663818, 1.104602336883545, 0.9476720094680786, 0.38312703371047974, 0.33735212683677673, 0.19182243943214417, 0.1652224212884903, 0.13687396049499512, 0.16691693663597107, 0.16741886734962463, 0.17064745724201202, 0.1494671255350113, 0.16078558564186096, 0.1277933269739151, 0.1286359578371048, 0.11930994689464569, 0.11234093457460403, 0.11158546805381775, 0.10297022014856339, 0.09966707229614258, 0.10052575170993805, 0.09741584211587906, 0.0965961441397667, 0.09219460934400558, 0.09319742023944855, 0.09104617685079575, 0.09124396741390228, 0.08994242548942566, 0.0886085256934166, 0.08785014599561691, 0.0861240103840828]}