{"loss": [0.21182429790496826, 0.06142371892929077, 0.022032879292964935, 0.009050081484019756, 0.0068012201227247715, 0.004774201195687056, 0.004097717348486185, 0.0022983811795711517, 0.0026853291783481836, 0.0018294024048373103, 0.0017557061510160565, 0.001346076838672161, 0.001313659711740911, 0.0010570591548457742, 0.0010682949796319008, 0.0009035794646479189, 0.0008772713481448591, 0.0008187186904251575, 0.0007642502896487713, 0.0006992583512328565, 0.0006629773997701705, 0.0006537781446240842, 0.0006111686234362423, 0.0005706059746444225, 0.0005539713893085718, 0.0005267157685011625, 0.0005059395916759968, 0.0004809834936168045, 0.0004688804328907281, 0.0004473511653486639, 0.00042758710333146155, 0.00041048190905712545], "val_loss": [0.5098297595977783, 0.45333394408226013, 0.42785578966140747, 0.33929476141929626, 0.28055599331855774, 0.27995312213897705, 0.22168336808681488, 0.18276523053646088, 0.21080274879932404, 0.2321198731660843, 0.2218283712863922, 0.19575652480125427, 0.1729675829410553, 0.1696617156267166, 0.16210468113422394, 0.15315310657024384, 0.15793538093566895, 0.1631619781255722, 0.16249413788318634, 0.1556142121553421, 0.15222598612308502, 0.1568526029586792, 0.15785133838653564, 0.1578759104013443, 0.1583116501569748, 0.15955817699432373, 0.1590626984834671, 0.15897402167320251, 0.16137324273586273, 0.16205428540706635, 0.16116440296173096, 0.16035324335098267]}