{"loss": [0.22318100929260254, 0.033202167600393295, 0.023552080616354942, 0.01785822957754135, 0.01450841873884201, 0.01215451117604971, 0.01301137451082468, 0.01117826346307993, 0.010837902314960957, 0.010546387173235416, 0.010464571416378021, 0.010248618200421333, 0.00998790841549635, 0.010008726269006729, 0.009791122749447823, 0.009841512888669968, 0.009609535336494446, 0.009565752930939198, 0.009584271349012852, 0.00942767970263958, 0.009368770755827427, 0.009284130297601223, 0.009128016419708729, 0.009079481475055218, 0.00910861510783434, 0.009096427820622921, 0.009009802713990211, 0.008951828815042973, 0.008656931109726429, 0.008570344187319279, 0.009131541475653648, 0.010141250677406788], "val_loss": [0.4102615416049957, 0.13953208923339844, 0.17251156270503998, 0.048584941774606705, 0.07236968725919724, 0.04800982028245926, 0.04565630108118057, 0.04654672369360924, 0.07090923190116882, 0.056594863533973694, 0.05150235444307327, 0.05704336240887642, 0.05195854604244232, 0.05316035449504852, 0.053342852741479874, 0.05776815488934517, 0.05815989151597023, 0.06248500570654869, 0.06391853839159012, 0.06490906327962875, 0.06706050038337708, 0.07073694467544556, 0.07058153301477432, 0.07242854684591293, 0.07763831317424774, 0.07745306938886642, 0.07972367107868195, 0.08374519646167755, 0.09018727391958237, 0.1065097525715828, 0.12957614660263062, 0.1333206295967102]}