{"loss": [0.4565349519252777, 0.17264164984226227, 0.09293398261070251, 0.05740496143698692, 0.04078762233257294, 0.033115774393081665, 0.020155763253569603, 0.022809982299804688, 0.018517931923270226, 0.015642376616597176, 0.014656373299658298, 0.01315369177609682, 0.011512823402881622, 0.010602235794067383, 0.009883135557174683, 0.008682500571012497, 0.008172571659088135, 0.007267663720995188, 0.006593951489776373, 0.005949581507593393, 0.005302179139107466, 0.004813131410628557, 0.004273656290024519, 0.0038257755804806948, 0.0034547338727861643, 0.00315749435685575, 0.0028509702533483505, 0.002682295860722661, 0.0024849791079759598, 0.0023530935868620872, 0.0022090021520853043, 0.002110077301040292], "val_loss": [0.6531592011451721, 0.042598266154527664, 0.29955366253852844, 0.03582703694701195, 0.042852818965911865, 0.09589780867099762, 0.02553229220211506, 0.05811592563986778, 0.13057689368724823, 0.05394875258207321, 0.030703755095601082, 0.05473516136407852, 0.05022898688912392, 0.02899751625955105, 0.025593647733330727, 0.032525017857551575, 0.0274832621216774, 0.017381325364112854, 0.020453935489058495, 0.02382569946348667, 0.016204368323087692, 0.01663166843354702, 0.01801619678735733, 0.013530554249882698, 0.012927690520882607, 0.013126317411661148, 0.011738344095647335, 0.011591787450015545, 0.011332806199789047, 0.010391484946012497, 0.011354511603713036, 0.01087918784469366]}