{"loss": [3.350902795791626, 0.3338068723678589, 0.2235749214887619, 0.1465817540884018, 0.08655990660190582, 0.047835901379585266, 0.03249581158161163, 0.026485713198781013, 0.020931627601385117, 0.04460423067212105, 0.09449413418769836, 0.09835450351238251, 0.04803791642189026, 0.03907815366983414, 0.026119615882635117, 0.03446098789572716, 0.026444166898727417, 0.0211153756827116, 0.018780674785375595, 0.017221558839082718, 0.016568399965763092, 0.011667468585073948, 0.010268903337419033, 0.008412038907408714, 0.006987385917454958, 0.00588921457529068, 0.005097450688481331, 0.0049600363709032536, 0.005266466177999973, 0.004230194259434938, 0.0036589582450687885, 0.0035209069028496742], "val_loss": [0.5516853332519531, 0.47679999470710754, 0.3347128629684448, 0.2127760946750641, 0.20977556705474854, 0.14305263757705688, 0.09996514022350311, 0.0922955647110939, 0.14705759286880493, 0.1674332618713379, 0.153883695602417, 0.12681707739830017, 0.11506078392267227, 0.08982253819704056, 0.09965363889932632, 0.10281773656606674, 0.08642350137233734, 0.08200125396251678, 0.08316898345947266, 0.10718552023172379, 0.07927457243204117, 0.0820377767086029, 0.08059665560722351, 0.08224815130233765, 0.0768604576587677, 0.08578824996948242, 0.07657374441623688, 0.07866368442773819, 0.07933378219604492, 0.08142238110303879, 0.0831599161028862, 0.07778732478618622]}