{"loss": [0.41466397047042847, 0.07271324098110199, 0.04047349467873573, 0.03625377640128136, 0.030295081436634064, 0.02894476242363453, 0.029040176421403885, 0.024887457489967346, 0.025072235614061356, 0.022376641631126404, 0.021975312381982803, 0.02024371176958084, 0.020137662068009377, 0.019333992153406143, 0.019317694008350372, 0.019078928977251053, 0.01882742904126644, 0.018890872597694397, 0.018453124910593033, 0.018560966476798058, 0.018313951790332794, 0.018270324915647507, 0.018097709864377975, 0.01811443455517292, 0.017916083335876465, 0.017871461808681488, 0.017798112705349922, 0.017720820382237434, 0.017505910247564316, 0.0174153670668602, 0.017488570883870125, 0.017284898087382317], "val_loss": [0.03370440751314163, 0.023207396268844604, 0.024656526744365692, 0.03212609142065048, 0.02307678386569023, 0.020654352381825447, 0.014002014882862568, 0.013877762481570244, 0.013801678083837032, 0.01534341461956501, 0.018003175035119057, 0.016229966655373573, 0.015917468816041946, 0.016263917088508606, 0.016109738498926163, 0.015865150839090347, 0.01583452895283699, 0.015593145973980427, 0.015759823843836784, 0.015754804015159607, 0.015828371047973633, 0.01576036401093006, 0.015872078016400337, 0.015817085281014442, 0.01576305739581585, 0.015876946970820427, 0.015743708238005638, 0.015866516157984734, 0.01565559208393097, 0.015897933393716812, 0.015596691519021988, 0.015663910657167435]}