{"loss": [0.5042077898979187, 0.1820116639137268, 0.083848737180233, 0.04858356714248657, 0.04484899342060089, 0.02710714191198349, 0.020455749705433846, 0.018696630373597145, 0.014042827300727367, 0.011095996014773846, 0.01061961054801941, 0.009295511059463024, 0.007806785404682159, 0.007457611616700888, 0.006528736557811499, 0.005736868362873793, 0.0054443650878965855, 0.004903727676719427, 0.0042418865486979485, 0.003993706777691841, 0.003644472686573863, 0.003105688840150833, 0.0028800119180232286, 0.0025190969463437796, 0.002208149991929531, 0.001966866897419095, 0.0016856055008247495, 0.0015231295255944133, 0.0013328222557902336, 0.0012003326555714011, 0.00109710858669132, 0.0009932828834280372], "val_loss": [0.7044365406036377, 0.14885328710079193, 0.2920033037662506, 0.12081006169319153, 0.13338889181613922, 0.06392291188240051, 0.059036511927843094, 0.06515812128782272, 0.06420615315437317, 0.06749952584505081, 0.045723795890808105, 0.07625129073858261, 0.04064803943037987, 0.05295538157224655, 0.040485549718141556, 0.043550170958042145, 0.04003746435046196, 0.04588916525244713, 0.04154246672987938, 0.043546199798583984, 0.04095742106437683, 0.041377656161785126, 0.039492882788181305, 0.04133804515004158, 0.03835953399538994, 0.0390998013317585, 0.03757375106215477, 0.03526898846030235, 0.03522667661309242, 0.03436323255300522, 0.03268848732113838, 0.03286231681704521]}