{"loss": [0.3022406995296478, 0.03999537602066994, 0.026502354070544243, 0.02626245655119419, 0.018634632229804993, 0.016130883246660233, 0.013361264020204544, 0.014195632189512253, 0.012371211312711239, 0.011812235228717327, 0.011595411226153374, 0.011124437674880028, 0.01085696741938591, 0.010722385719418526, 0.010792172513902187, 0.010561727918684483, 0.010535943321883678, 0.010317794978618622, 0.010300230234861374, 0.010289609432220459, 0.010222037322819233, 0.010164027102291584, 0.010074185207486153, 0.009981926530599594, 0.009936772286891937, 0.009914911352097988, 0.009909060783684254, 0.009904816746711731, 0.009875280782580376, 0.009822403080761433, 0.00973951630294323, 0.009626667015254498], "val_loss": [0.016296040266752243, 0.00777442567050457, 0.017018495127558708, 0.017650635913014412, 0.006734894588589668, 0.004976312164217234, 0.005866927560418844, 0.005884894169867039, 0.003588140942156315, 0.003944838885217905, 0.0034444977063685656, 0.003246912732720375, 0.003671805839985609, 0.0034393267706036568, 0.003306798869743943, 0.003275670576840639, 0.003430727869272232, 0.0036781688686460257, 0.003430351847782731, 0.003417474450543523, 0.0035044762771576643, 0.0035899626091122627, 0.0037303967401385307, 0.0037425656337291002, 0.0036606709472835064, 0.0036892069038003683, 0.0038136648945510387, 0.003889104351401329, 0.0038628201000392437, 0.0038239157292991877, 0.0038397281896322966, 0.0038850558921694756]}