{"loss": [1.9701459407806396, 0.31344079971313477, 0.1457308530807495, 0.07708300650119781, 0.04377138614654541, 0.03320225328207016, 0.03287239000201225, 0.027201959863305092, 0.018816359341144562, 0.0174562931060791, 0.01428656280040741, 0.012889289297163486, 0.01199594046920538, 0.010968845337629318, 0.00895521230995655, 0.007322181947529316, 0.008622078225016594, 0.00774384755641222, 0.0051757898181676865, 0.005106621887534857, 0.008221964351832867, 0.007654621731489897, 0.007268186658620834, 0.00676167756319046, 0.007263926323503256, 0.0075308820232748985, 0.008317554369568825, 0.006137265358120203, 0.004443588200956583, 0.0042205266654491425, 0.004968699999153614, 0.008543508127331734], "val_loss": [0.20381976664066315, 0.02026343159377575, 0.018023421987891197, 0.016514290124177933, 0.004623026587069035, 0.022268146276474, 0.02543681114912033, 0.0036493486259132624, 0.012573732063174248, 0.010006949305534363, 0.003930696286261082, 0.00914828572422266, 0.01087619923055172, 0.0026095116045325994, 0.0029103662818670273, 0.006611989811062813, 0.0055665187537670135, 0.003195676254108548, 0.003055202541872859, 0.0033016980160027742, 0.009808295406401157, 0.005259192083030939, 0.006114146672189236, 0.010749584063887596, 0.007684049196541309, 0.018917379900813103, 0.00670422799885273, 0.0022360575385391712, 0.0026473759207874537, 0.005253283306956291, 0.013732705265283585, 0.0026325397193431854]}