{"loss": [2.9713332653045654, 0.2629271447658539, 0.09355218708515167, 0.05806747078895569, 0.04776792228221893, 0.04230367764830589, 0.05135984346270561, 0.05656857788562775, 0.0443655401468277, 0.0391959585249424, 0.0426320917904377, 0.035111088305711746, 0.03714742138981819, 0.03764726594090462, 0.0395335927605629, 0.03204527869820595, 0.02761758491396904, 0.030867867171764374, 0.028682414442300797, 0.03442499041557312, 0.0329710990190506, 0.03836212307214737, 0.06196720525622368, 0.06277553737163544, 0.06422095000743866, 0.08812824636697769, 0.049784451723098755, 0.04888984188437462, 0.03671891614794731, 0.03951404616236687, 0.028491346165537834, 0.023090984672307968], "val_loss": [0.18544688820838928, 0.07036593556404114, 0.043647076934576035, 0.06138315796852112, 0.07211323082447052, 0.10589316487312317, 0.04961420223116875, 0.02997909113764763, 0.06401323527097702, 0.05825907737016678, 0.03818586468696594, 0.05050225928425789, 0.04536142200231552, 0.05104769021272659, 0.04191426560282707, 0.04255995154380798, 0.03355943039059639, 0.02922762744128704, 0.07866224646568298, 0.0493045337498188, 0.057547204196453094, 0.0345165953040123, 0.04597420245409012, 0.10629887133836746, 0.1245691105723381, 0.07629124075174332, 0.06009937822818756, 0.08644790947437286, 0.09066245704889297, 0.1017695814371109, 0.07628485560417175, 0.0593012236058712]}