{"loss": [0.4757275879383087, 0.08252859115600586, 0.033892128616571426, 0.025170186534523964, 0.02182427980005741, 0.0173305943608284, 0.011786120943725109, 0.010090166702866554, 0.00872662104666233, 0.006302913185209036, 0.004376581404358149, 0.004726141691207886, 0.003965297713875771, 0.0031332802027463913, 0.0026598628610372543, 0.002521627815440297, 0.0022664840798825026, 0.0019052488496527076, 0.0017888862639665604, 0.0015058076241984963, 0.0014536624075844884, 0.0012877020053565502, 0.0012047643540427089, 0.0010967639973387122, 0.0009960681200027466, 0.0009077195427380502, 0.0008326931274496019, 0.0007675057277083397, 0.0007159248925745487, 0.0006604337249882519, 0.0006298150983639061, 0.0005824920372106135], "val_loss": [0.012028423137962818, 0.016706271097064018, 0.1376904547214508, 0.01108076237142086, 0.1574944257736206, 0.0058758375234901905, 0.07809571921825409, 0.03458612412214279, 0.04991210252046585, 0.0700925961136818, 0.03265582397580147, 0.06865793466567993, 0.047580786049366, 0.053780049085617065, 0.06525571644306183, 0.03997291252017021, 0.06685895472764969, 0.0482419952750206, 0.05050477758049965, 0.05699123069643974, 0.04447514936327934, 0.0607832595705986, 0.04490683972835541, 0.054771579802036285, 0.05031995847821236, 0.05191755294799805, 0.05174669995903969, 0.04777084290981293, 0.0526110865175724, 0.049086324870586395, 0.05229565501213074, 0.048935793340206146]}