{"loss": [0.2624334990978241, 0.051702018827199936, 0.02923891879618168, 0.02153310924768448, 0.016409318894147873, 0.018564701080322266, 0.016323257237672806, 0.014868614263832569, 0.014222696423530579, 0.014162248931825161, 0.014401938766241074, 0.012997578829526901, 0.012333916500210762, 0.012059522792696953, 0.01203389186412096, 0.011465388350188732, 0.01143595390021801, 0.011650447733700275, 0.011393729597330093, 0.011064723134040833, 0.011294486001133919, 0.010815915651619434, 0.010890495963394642, 0.011301328428089619, 0.010831472463905811, 0.010915068909525871, 0.011289995163679123, 0.010751853697001934, 0.010470324195921421, 0.011720458045601845, 0.010966123081743717, 0.010576355271041393], "val_loss": [0.044634342193603516, 0.012475251220166683, 0.013190554454922676, 0.015202159062027931, 0.020091243088245392, 0.0183272585272789, 0.014685774222016335, 0.011271141469478607, 0.011574024334549904, 0.012328797951340675, 0.01118372566998005, 0.011035813950002193, 0.011426424607634544, 0.011457230895757675, 0.011480528861284256, 0.011937129311263561, 0.012829354032874107, 0.012033692561089993, 0.01209100242704153, 0.0131926778703928, 0.012658919207751751, 0.012375769205391407, 0.014946500770747662, 0.013219180516898632, 0.013023226521909237, 0.015895027667284012, 0.012852399609982967, 0.012103879824280739, 0.017243454232811928, 0.013408125378191471, 0.012157045304775238, 0.020938636735081673]}