{"loss": [0.521088182926178, 0.15553177893161774, 0.0633787214756012, 0.03871526941657066, 0.024367937818169594, 0.018560457974672318, 0.011757425963878632, 0.010159705765545368, 0.009326241910457611, 0.006797510664910078, 0.00607488164678216, 0.005454264581203461, 0.004497069399803877, 0.0038403652142733335, 0.0037493451964110136, 0.0031736446544528008, 0.0027656322345137596, 0.002711322158575058, 0.0023755000438541174, 0.0021782992407679558, 0.0019689893815666437, 0.0018079563742503524, 0.0016679450636729598, 0.0015043626772239804, 0.0013724789023399353, 0.0012694770703092217, 0.0011640434386208653, 0.0010716482065618038, 0.000981623656116426, 0.0009055312839336693, 0.0008394662872888148, 0.0007764062029309571], "val_loss": [0.21671642363071442, 0.02265334129333496, 0.03757030889391899, 0.027863625437021255, 0.042151425033807755, 0.016593296080827713, 0.08345893025398254, 0.020183077082037926, 0.017466118559241295, 0.032707542181015015, 0.013322514481842518, 0.014938299544155598, 0.013887951150536537, 0.014347667805850506, 0.01402891706675291, 0.016597116366028786, 0.02122732438147068, 0.015957100316882133, 0.014770315028727055, 0.013540373183786869, 0.017228301614522934, 0.014112358912825584, 0.013290034607052803, 0.014989355579018593, 0.011281738989055157, 0.014321526512503624, 0.012432516552507877, 0.012716520577669144, 0.012150141410529613, 0.012604636140167713, 0.011694006621837616, 0.011615891009569168]}