{"loss": [2.360419511795044, 0.2347429245710373, 0.13067372143268585, 0.11703691631555557, 0.0842680111527443, 0.06071126461029053, 0.05135781690478325, 0.04566744714975357, 0.030967004597187042, 0.023168545216321945, 0.021373463794589043, 0.02010679431259632, 0.019173895940184593, 0.020169811323285103, 0.01599358581006527, 0.015061657875776291, 0.01343717984855175, 0.013474506326019764, 0.011994701810181141, 0.010376502759754658, 0.009728727862238884, 0.0090378038585186, 0.009129571728408337, 0.008142570964992046, 0.008101927116513252, 0.006631579715758562, 0.005813900381326675, 0.005502642598003149, 0.004615253768861294, 0.0037924214266240597, 0.0037752497009932995, 0.003908366430550814], "val_loss": [0.16916798055171967, 0.2613235414028168, 0.04098324105143547, 0.039249323308467865, 0.07057395577430725, 0.02793079800903797, 0.027700461447238922, 0.021527018398046494, 0.022562749683856964, 0.024560922756791115, 0.023184476420283318, 0.020983293652534485, 0.03176570311188698, 0.031156111508607864, 0.01702503301203251, 0.027330536395311356, 0.018053961917757988, 0.02316201850771904, 0.007347641978412867, 0.009964261204004288, 0.00590297719463706, 0.006101878359913826, 0.008606305345892906, 0.008112789131700993, 0.009275982156395912, 0.004451334942132235, 0.003743138164281845, 0.004284651950001717, 0.004743654280900955, 0.005853302776813507, 0.005424590315669775, 0.0050821127369999886]}