{"loss": [0.16204634308815002, 0.05192491039633751, 0.018899239599704742, 0.015722062438726425, 0.011444272473454475, 0.009400317445397377, 0.007669101469218731, 0.006930474657565355, 0.007263018749654293, 0.0063958861865103245, 0.006041677203029394, 0.005948241800069809, 0.0056436131708323956, 0.005705204792320728, 0.005478288512676954, 0.0055373916402459145, 0.005357144866138697, 0.005381772294640541, 0.0052916062995791435, 0.00531155476346612, 0.005232855677604675, 0.005253829527646303, 0.005193191114813089, 0.005194592755287886, 0.005148346535861492, 0.005146186798810959, 0.005115080159157515, 0.005097473971545696, 0.00507965637370944, 0.005052031949162483, 0.005040058866143227, 0.005014305934309959], "val_loss": [3.1537890434265137, 2.460087299346924, 2.977161407470703, 2.302325963973999, 1.7918046712875366, 1.7974966764450073, 1.8758139610290527, 2.22456693649292, 2.0680532455444336, 2.0309274196624756, 2.11000919342041, 2.0882039070129395, 2.071483850479126, 1.9505610466003418, 1.9775644540786743, 2.008002281188965, 2.0339205265045166, 2.024592161178589, 2.0470082759857178, 2.0701329708099365, 2.104128360748291, 2.1492063999176025, 2.1942501068115234, 2.2264442443847656, 2.2566468715667725, 2.2880539894104004, 2.317194700241089, 2.349555253982544, 2.377291202545166, 2.3994061946868896, 2.421699285507202, 2.443396806716919]}