{"loss": [6.713710308074951, 0.25241437554359436, 0.1344621181488037, 0.1022561639547348, 0.09888219833374023, 0.08325435221195221, 0.053629547357559204, 0.04151807725429535, 0.033403538167476654, 0.03351292386651039, 0.023362956941127777, 0.018999649211764336, 0.015099138021469116, 0.012241365388035774, 0.009652193635702133, 0.008662054315209389, 0.008176038041710854, 0.005954940337687731, 0.005843835882842541, 0.006731580011546612, 0.008383309468626976, 0.010424829088151455, 0.01610838808119297, 0.020411567762494087, 0.013073628768324852, 0.013463527895510197, 0.007722021080553532, 0.009052377194166183, 0.0074949064292013645, 0.006195132154971361, 0.005566357169300318, 0.00466782134026289], "val_loss": [5.573286533355713, 8.958746910095215, 8.335563659667969, 6.852299690246582, 6.120553016662598, 6.532052040100098, 7.102288722991943, 6.656221389770508, 6.276327133178711, 6.106842041015625, 6.321664810180664, 5.955206871032715, 5.54799747467041, 5.363071918487549, 5.545788288116455, 5.119968414306641, 5.367048263549805, 5.389878273010254, 5.43424654006958, 5.457864284515381, 5.583906173706055, 5.711604595184326, 5.800705909729004, 5.570347309112549, 5.253440856933594, 5.5349955558776855, 5.735976696014404, 5.5421648025512695, 5.376552581787109, 5.302231311798096, 5.305699825286865, 5.353301048278809]}