{"loss": [0.5428579449653625, 0.11933135986328125, 0.052665825933218, 0.03132978454232216, 0.0209603700786829, 0.014830385334789753, 0.015280794352293015, 0.012289143167436123, 0.008974994532763958, 0.00840043555945158, 0.007859627716243267, 0.006763565819710493, 0.005771612282842398, 0.005219766870141029, 0.004982684273272753, 0.004378508776426315, 0.003793206764385104, 0.003581973724067211, 0.0030645967926830053, 0.002889575669541955, 0.002372968243435025, 0.002180775161832571, 0.001782849314622581, 0.0015923703322187066, 0.0013699998380616307, 0.0011944030411541462, 0.0010710370261222124, 0.0009642858058214188, 0.000839807849843055, 0.000785022450145334, 0.000711311586201191, 0.0006620948552154005], "val_loss": [0.06218978017568588, 0.030512142926454544, 0.017503997310996056, 0.01285905297845602, 0.018887493759393692, 0.016514316201210022, 0.010789097286760807, 0.007768298499286175, 0.0056036547757685184, 0.004765204153954983, 0.0042074499651789665, 0.004061909858137369, 0.003854422364383936, 0.003582980250939727, 0.0033776976633816957, 0.003166596870869398, 0.002937863115221262, 0.0028729536570608616, 0.002787625649943948, 0.002862189896404743, 0.0027015001978725195, 0.0028043368365615606, 0.00256855646148324, 0.0025226259604096413, 0.002416580216959119, 0.0023472777102142572, 0.0022818143479526043, 0.0022327322512865067, 0.0021468286868184805, 0.0021236930042505264, 0.0019375805277377367, 0.0019346179906278849]}