{"loss": [0.33501148223876953, 0.04658563435077667, 0.027756227180361748, 0.02237408608198166, 0.017535798251628876, 0.013643963262438774, 0.012994826771318913, 0.011370834894478321, 0.009441733360290527, 0.009020060300827026, 0.008823862299323082, 0.007656041532754898, 0.007990511134266853, 0.007402839604765177, 0.007429780438542366, 0.007097321562469006, 0.007196271792054176, 0.006969852838665247, 0.006953611969947815, 0.006871353834867477, 0.006930684670805931, 0.006851197686046362, 0.006809930317103863, 0.006796856410801411, 0.006756250746548176, 0.006774933077394962, 0.006753494963049889, 0.006730847060680389, 0.006734676659107208, 0.006719337310642004, 0.006710738874971867, 0.0067072100937366486], "val_loss": [0.1421305388212204, 0.02916828542947769, 0.0226681437343359, 0.007075261324644089, 0.005159434862434864, 0.015317360870540142, 0.006227979436516762, 0.012265568599104881, 0.004788605496287346, 0.004920712672173977, 0.007232496980577707, 0.004247228614985943, 0.005614323075860739, 0.004207948688417673, 0.004580548498779535, 0.004181791562587023, 0.004194778390228748, 0.004120470955967903, 0.004108780063688755, 0.004186280071735382, 0.004125392064452171, 0.004121736157685518, 0.004140840843319893, 0.00413489481434226, 0.004174135625362396, 0.004163137637078762, 0.004153667949140072, 0.004167725797742605, 0.004183374345302582, 0.004205240868031979, 0.004230023827403784, 0.0042596845887601376]}