{"loss": [0.3061630427837372, 0.13260939717292786, 0.06455768644809723, 0.05054490268230438, 0.03697467967867851, 0.03504522517323494, 0.029141336679458618, 0.024496756494045258, 0.02483697608113289, 0.02252482995390892, 0.02306687831878662, 0.021615173667669296, 0.021212613210082054, 0.02115393988788128, 0.020657887682318687, 0.020683709532022476, 0.0204161386936903, 0.02015974000096321, 0.020206812769174576, 0.019903644919395447, 0.019946478307247162, 0.01974216289818287, 0.019684387370944023, 0.01960664987564087, 0.01948949508368969, 0.01939578354358673, 0.01935531571507454, 0.01921696960926056, 0.01915806531906128, 0.019069615751504898, 0.018987232819199562, 0.018890872597694397], "val_loss": [0.12852436304092407, 0.04692398011684418, 0.04102672263979912, 0.0422784760594368, 0.042946066707372665, 0.02745775878429413, 0.021863672882318497, 0.02461446076631546, 0.026450004428625107, 0.023409290239214897, 0.02433771826326847, 0.025704417377710342, 0.02281516045331955, 0.02501782588660717, 0.022474365308880806, 0.02520124986767769, 0.024340324103832245, 0.02594822272658348, 0.02572152391076088, 0.02586105838418007, 0.02709326520562172, 0.026672370731830597, 0.02893891930580139, 0.029048651456832886, 0.031057734042406082, 0.03214053437113762, 0.032829657196998596, 0.03368105739355087, 0.0345209501683712, 0.034766897559165955, 0.03539106994867325, 0.036034587770700455]}