{"loss": [5.006957054138184, 0.3179684281349182, 0.14868932962417603, 0.09576861560344696, 0.07005345076322556, 0.04574369639158249, 0.04669806733727455, 0.04802189767360687, 0.04858368635177612, 0.03981562703847885, 0.03387599065899849, 0.02770993299782276, 0.025942577049136162, 0.025591284036636353, 0.02473515272140503, 0.01918696239590645, 0.021212629973888397, 0.01534759346395731, 0.014168757013976574, 0.013227066956460476, 0.011727336794137955, 0.012074007652699947, 0.011135770939290524, 0.01081044226884842, 0.010353454388678074, 0.01117008551955223, 0.013482197187840939, 0.0144523736089468, 0.010920721106231213, 0.010813363827764988, 0.0093354731798172, 0.010519511997699738], "val_loss": [0.8369786739349365, 0.4047139883041382, 0.30044281482696533, 0.2476395070552826, 0.1590629518032074, 0.19592280685901642, 0.17021961510181427, 0.18252523243427277, 0.12545651197433472, 0.1730508953332901, 0.2157665491104126, 0.1427934318780899, 0.15636663138866425, 0.1434793323278427, 0.1501203328371048, 0.14993691444396973, 0.11460256576538086, 0.12274046242237091, 0.1315234750509262, 0.12497151643037796, 0.10786940157413483, 0.11617293953895569, 0.11432857811450958, 0.11452587693929672, 0.1071261540055275, 0.1044335663318634, 0.10670067369937897, 0.11289156973361969, 0.11085833609104156, 0.1002502515912056, 0.09772103279829025, 0.09691397100687027]}