{"loss": [0.4096318483352661, 0.07588484138250351, 0.040369924157857895, 0.028880639001727104, 0.019116295501589775, 0.016472866758704185, 0.011173698119819164, 0.006433814764022827, 0.0067938449792563915, 0.006057264748960733, 0.004291955381631851, 0.0035593975335359573, 0.003253822447732091, 0.00306543312035501, 0.0024328229483217, 0.0022533906158059835, 0.0021807083394378424, 0.001873387605883181, 0.0017420320073142648, 0.0015662917867302895, 0.0014305328950285912, 0.0013651056215167046, 0.0012246440164744854, 0.001125538838095963, 0.0010128001449629664, 0.0009374446235597134, 0.0008501889533363283, 0.000786251446697861, 0.0007255074451677501, 0.0006657373160123825, 0.0006212316802702844, 0.0005745628150179982], "val_loss": [0.10428367555141449, 0.028367208316922188, 0.04205061122775078, 0.026170911267399788, 0.023813866078853607, 0.004843270871788263, 0.003899532603099942, 0.012106760405004025, 0.0028749338816851377, 0.0025699271354824305, 0.0060220398008823395, 0.0029851295985281467, 0.0024754065088927746, 0.003295082598924637, 0.0029018688946962357, 0.0025985173415392637, 0.002094066934660077, 0.0027147838845849037, 0.0025219456292688847, 0.0019941998180001974, 0.0030222998466342688, 0.002200576476752758, 0.0020693051628768444, 0.0022367925848811865, 0.0019961409270763397, 0.001903002499602735, 0.0019356057746335864, 0.001779087819159031, 0.0016141851665452123, 0.001789115834981203, 0.0015657987678423524, 0.0016083489172160625]}