{"loss": [0.37821313738822937, 0.08610095828771591, 0.06181439757347107, 0.061098966747522354, 0.04758228361606598, 0.0434747114777565, 0.04096252843737602, 0.04043344408273697, 0.03706752508878708, 0.03704902157187462, 0.03330003097653389, 0.03351068124175072, 0.03176470473408699, 0.03208417072892189, 0.031454600393772125, 0.031204480677843094, 0.031173858791589737, 0.030555859208106995, 0.030800484120845795, 0.030121706426143646, 0.030425725504755974, 0.02987583354115486, 0.03002612665295601, 0.0297387782484293, 0.02965066395699978, 0.02952100709080696, 0.029403317719697952, 0.02916323021054268, 0.029048467054963112, 0.028832757845520973, 0.02850249409675598, 0.028406301513314247], "val_loss": [0.3960339426994324, 0.18870292603969574, 0.08496003597974777, 0.07269704341888428, 0.14450310170650482, 0.10608149319887161, 0.0935293436050415, 0.09970762580633163, 0.059730205684900284, 0.11225369572639465, 0.052408453077077866, 0.09363403171300888, 0.06056619808077812, 0.06837531924247742, 0.06620440632104874, 0.05691041052341461, 0.06663980334997177, 0.055791620165109634, 0.06520803272724152, 0.05703610181808472, 0.0626937597990036, 0.058091677725315094, 0.060984984040260315, 0.059272799640893936, 0.06031201034784317, 0.05967990681529045, 0.05956888198852539, 0.05925849825143814, 0.05782580003142357, 0.05852316692471504, 0.05683737248182297, 0.058514319360256195]}