{"loss": [0.5386090874671936, 0.12762399017810822, 0.059235259890556335, 0.05015365406870842, 0.03133879601955414, 0.023962771520018578, 0.019875580444931984, 0.017383065074682236, 0.012295880354940891, 0.010810519568622112, 0.009884576313197613, 0.008541752584278584, 0.008276659995317459, 0.007285108789801598, 0.006766089703887701, 0.0061039491556584835, 0.005784183740615845, 0.005274488124996424, 0.004957943689078093, 0.004479393362998962, 0.004181417170912027, 0.0037632251624017954, 0.003451685653999448, 0.0030917786061763763, 0.002774965250864625, 0.0024656534660607576, 0.0021844443399459124, 0.0019457164453342557, 0.0017194297397509217, 0.0015318971127271652, 0.0013578758807852864, 0.0012258061906322837], "val_loss": [0.06565156579017639, 0.054296161979436874, 0.02264581248164177, 0.014484868384897709, 0.0046951971016824245, 0.008426891639828682, 0.005971675738692284, 0.005499429535120726, 0.0045148334465920925, 0.004348542541265488, 0.003823401639238, 0.0038709845393896103, 0.0038775054272264242, 0.0041724639013409615, 0.00379322306253016, 0.0035445126704871655, 0.0033966852352023125, 0.0036061895079910755, 0.0036116670817136765, 0.003405112773180008, 0.0029439404606819153, 0.002750800224021077, 0.0026678573340177536, 0.0027297325432300568, 0.002793742110952735, 0.002803999464958906, 0.002729336963966489, 0.002604698995128274, 0.002540208399295807, 0.0024642697535455227, 0.002375266747549176, 0.002284469548612833]}