{"loss": [2.5733680725097656, 0.5050179958343506, 0.33897900581359863, 0.21988125145435333, 0.13378167152404785, 0.10179964452981949, 0.06645233929157257, 0.03967992216348648, 0.02901536598801613, 0.030184045433998108, 0.017104892060160637, 0.041259393095970154, 0.04911591112613678, 0.03314242139458656, 0.026855627074837685, 0.037774451076984406, 0.037356242537498474, 0.030619248747825623, 0.0298312958329916, 0.03505362197756767, 0.03196997940540314, 0.021898867562413216, 0.023293698206543922, 0.02024831995368004, 0.021873839199543, 0.01678183488547802, 0.014497227966785431, 0.014353773556649685, 0.013742707669734955, 0.013001102022826672, 0.011026518419384956, 0.008684673346579075], "val_loss": [0.290921688079834, 0.09556189924478531, 0.11410506814718246, 0.03480973467230797, 0.038563307374715805, 0.03927985951304436, 0.09885562211275101, 0.08960969001054764, 0.07104818522930145, 0.10238818824291229, 0.08409586548805237, 0.06486127525568008, 0.10279421508312225, 0.07869689166545868, 0.09336456656455994, 0.0864434763789177, 0.08783535659313202, 0.07146988809108734, 0.0743330866098404, 0.05968863517045975, 0.06454488635063171, 0.09038309752941132, 0.058073028922080994, 0.12033457309007645, 0.07605940848588943, 0.04037346690893173, 0.06712215393781662, 0.05974463000893593, 0.17699767649173737, 0.06589628010988235, 0.06562086194753647, 0.06413929909467697]}