{"loss": [6.085504531860352, 0.6807619333267212, 0.3553905487060547, 0.15539109706878662, 0.11256731301546097, 0.06530676037073135, 0.06344755738973618, 0.04276474192738533, 0.028018340468406677, 0.029888693243265152, 0.02137155272066593, 0.018783975392580032, 0.01782286912202835, 0.021519755944609642, 0.013917706906795502, 0.01433439552783966, 0.010397449135780334, 0.01062011532485485, 0.008333031088113785, 0.007790914736688137, 0.005686299875378609, 0.006818059366196394, 0.007825086824595928, 0.0073777977377176285, 0.006483902223408222, 0.006757292430847883, 0.00464741000905633, 0.004185772966593504, 0.00438237190246582, 0.0040986184030771255, 0.004442606586962938, 0.005176229402422905], "val_loss": [0.05913780629634857, 0.07622716575860977, 0.020709112286567688, 0.2518717050552368, 0.17881761491298676, 0.06143464893102646, 0.04775964841246605, 0.11750823259353638, 0.05985584855079651, 0.12501400709152222, 0.03619951754808426, 0.025116078555583954, 0.014105497859418392, 0.01215019915252924, 0.0439516045153141, 0.018486157059669495, 0.014917800202965736, 0.01267256774008274, 0.02164185233414173, 0.01654014363884926, 0.010352510027587414, 0.011738111265003681, 0.012274688109755516, 0.011564995162189007, 0.030526887625455856, 0.01749543659389019, 0.014442273415625095, 0.012277916073799133, 0.010097630321979523, 0.009912489913403988, 0.009731655940413475, 0.01033647172152996]}