{"loss": [0.48406314849853516, 0.1358896642923355, 0.059235136955976486, 0.03785862401127815, 0.023832358419895172, 0.016499334946274757, 0.01387553196400404, 0.01265766378492117, 0.009120653383433819, 0.0089550307020545, 0.007719674613326788, 0.0066246651113033295, 0.00646253302693367, 0.005777564365416765, 0.005156201310455799, 0.004988036118447781, 0.004550084471702576, 0.004188183229416609, 0.003830524394288659, 0.0036194564308971167, 0.0033933056984096766, 0.0030822099652141333, 0.002859771018847823, 0.002593049081042409, 0.0023862894158810377, 0.0021791753824800253, 0.0019539433997124434, 0.0017626929329708219, 0.0015961535973474383, 0.0014282668707892299, 0.001272227498702705, 0.0011525716399773955], "val_loss": [0.01507740467786789, 0.012667042203247547, 0.012511681765317917, 0.0066899023950099945, 0.0033668046817183495, 0.0032810878474265337, 0.0026184115558862686, 0.0032524329144507647, 0.00481326412409544, 0.003781219944357872, 0.003262745216488838, 0.002777782268822193, 0.002821063157171011, 0.002942548366263509, 0.002701197750866413, 0.002649059286341071, 0.0023321453481912613, 0.0022717087995260954, 0.0025632549077272415, 0.0023524384014308453, 0.002233140403404832, 0.0020791979040950537, 0.00204790779389441, 0.0021790333557873964, 0.0019530889112502337, 0.0018797365482896566, 0.0018259243806824088, 0.0017925116699188948, 0.001669406658038497, 0.0015668034320697188, 0.0015625503147020936, 0.0015175454318523407]}