{"loss": [0.47452449798583984, 0.1355341374874115, 0.0745631605386734, 0.04605642333626747, 0.04023345932364464, 0.03198552876710892, 0.03185906261205673, 0.028812505304813385, 0.02694924920797348, 0.02629927359521389, 0.02474013902246952, 0.024913545697927475, 0.023783652111887932, 0.02336779609322548, 0.0233475212007761, 0.022772911936044693, 0.02318924106657505, 0.022476930171251297, 0.022703398019075394, 0.022385798394680023, 0.02246798202395439, 0.022184230387210846, 0.02229355461895466, 0.022113796323537827, 0.022104546427726746, 0.021947965025901794, 0.021903514862060547, 0.02186720445752144, 0.021782929077744484, 0.021728001534938812, 0.02159127965569496, 0.0215067807585001], "val_loss": [0.019949113950133324, 0.10285972058773041, 0.012820366770029068, 0.03878256306052208, 0.009768987074494362, 0.008996588177978992, 0.008433054201304913, 0.008777051232755184, 0.00901891477406025, 0.007939936593174934, 0.00961077306419611, 0.007632476277649403, 0.00822059903293848, 0.00786571018397808, 0.007655054796487093, 0.007945752702653408, 0.007218460086733103, 0.007366489619016647, 0.007578766439110041, 0.007486241869628429, 0.007290638983249664, 0.007298695854842663, 0.007365267723798752, 0.007422992959618568, 0.00737439189106226, 0.007348403800278902, 0.007375491317361593, 0.0074132527224719524, 0.007405431475490332, 0.007379842456430197, 0.007387405727058649, 0.007405604235827923]}