{"loss": [3.1860623359680176, 0.44316768646240234, 0.1839326173067093, 0.05996250361204147, 0.03877227380871773, 0.038056157529354095, 0.03780967742204666, 0.03416933864355087, 0.05808765068650246, 0.045619767159223557, 0.04586406052112579, 0.04180684685707092, 0.030359864234924316, 0.02882210910320282, 0.028715327382087708, 0.025608792901039124, 0.02228657901287079, 0.020135222002863884, 0.017760958522558212, 0.01380892377346754, 0.016079822555184364, 0.017733000218868256, 0.016272006556391716, 0.010701424442231655, 0.010953497141599655, 0.008637671358883381, 0.01023513451218605, 0.007719441782683134, 0.006898391991853714, 0.006574420724064112, 0.006688807625323534, 0.006438796408474445], "val_loss": [0.334206223487854, 0.4778754711151123, 0.06648322939872742, 0.03980056196451187, 0.0669819563627243, 0.2733538746833801, 0.04521513357758522, 0.13259726762771606, 0.04235842078924179, 0.08320219814777374, 0.06225160136818886, 0.06476493924856186, 0.20805804431438446, 0.16077986359596252, 0.14073540270328522, 0.060220882296562195, 0.05543960630893707, 0.02685433439910412, 0.062287501990795135, 0.0973636731505394, 0.08091580867767334, 0.02214871533215046, 0.02182445488870144, 0.037927865982055664, 0.028622208163142204, 0.03308941423892975, 0.02492263913154602, 0.0304398275911808, 0.022348525002598763, 0.024997122585773468, 0.022876055911183357, 0.025816965848207474]}