{"loss": [0.49556148052215576, 0.12478577345609665, 0.0458214096724987, 0.03525598719716072, 0.02501009590923786, 0.022404810413718224, 0.018213894218206406, 0.013713660649955273, 0.013692684471607208, 0.011809821240603924, 0.009414847940206528, 0.009125221520662308, 0.008334915153682232, 0.0069867088459432125, 0.006980137899518013, 0.005456259474158287, 0.005459813866764307, 0.00474978843703866, 0.0039969552308321, 0.0038384252693504095, 0.003019626485183835, 0.0028191450983285904, 0.002352488460019231, 0.002109498018398881, 0.0018435707315802574, 0.0016693249344825745, 0.0015327301807701588, 0.001452973927371204, 0.001346892793662846, 0.0012541479663923383, 0.001234558061696589, 0.0011416386114433408], "val_loss": [0.015604164451360703, 0.01424324233084917, 0.02616381086409092, 0.010079648345708847, 0.011547204107046127, 0.006994486786425114, 0.0074905711226165295, 0.013066916726529598, 0.008158407174050808, 0.004411227535456419, 0.012385216541588306, 0.0032894755713641644, 0.007733787409961224, 0.003763411892578006, 0.0033899329137057066, 0.0063851941376924515, 0.001756867510266602, 0.004290904384106398, 0.0013349719811230898, 0.0012303274124860764, 0.0037556381430476904, 0.0009109109523706138, 0.0020353440195322037, 0.0012124176137149334, 0.0008424074621871114, 0.0014121546410024166, 0.0013945489190518856, 0.0009186206734739244, 0.0012528132647275925, 0.0018509789370000362, 0.001260883524082601, 0.0011151276994496584]}