{"loss": [0.488688200712204, 0.09180104732513428, 0.034258343279361725, 0.013769369572401047, 0.021817775443196297, 0.00772746792063117, 0.008873122744262218, 0.005416520405560732, 0.004264365416020155, 0.00225237593986094, 0.002998856594786048, 0.0009962645126506686, 0.0016526533290743828, 0.0011226608185097575, 0.0009034741087816656, 0.0007990316953510046, 0.0006960571627132595, 0.0004949545254930854, 0.0005601788870990276, 0.00042991398368030787, 0.00040902153705246747, 0.00038160907570272684, 0.000310309260385111, 0.0002984239545185119, 0.00027274954481981695, 0.00024954360560514033, 0.00022989771969150752, 0.00021261628717184067, 0.00019760738359764218, 0.00018329480371903628, 0.00017199770081788301, 0.00016188313020393252], "val_loss": [1.9402447938919067, 1.8914493322372437, 2.20621919631958, 2.4614603519439697, 2.206409215927124, 1.844415545463562, 1.7448656558990479, 1.9265143871307373, 2.198310375213623, 2.3422765731811523, 2.3223624229431152, 2.261951446533203, 2.2520248889923096, 2.299351215362549, 2.3535690307617188, 2.349409341812134, 2.289215564727783, 2.2449049949645996, 2.2558727264404297, 2.2897019386291504, 2.305516242980957, 2.307178497314453, 2.312150239944458, 2.3219332695007324, 2.337273120880127, 2.355681896209717, 2.360769510269165, 2.3503832817077637, 2.34486985206604, 2.349846363067627, 2.3522591590881348, 2.349613904953003]}