{"loss": [3.7126965522766113, 0.5558453798294067, 0.37799185514450073, 0.3107476532459259, 0.15635539591312408, 0.08456038683652878, 0.05839608982205391, 0.04933486506342888, 0.041712839156389236, 0.028865667060017586, 0.027152929455041885, 0.03028131276369095, 0.025133706629276276, 0.020636945962905884, 0.01857970654964447, 0.026202544569969177, 0.023470398038625717, 0.025390462949872017, 0.019056417047977448, 0.023422282189130783, 0.037094034254550934, 0.04867071658372879, 0.07505013793706894, 0.2024097442626953, 0.0795859694480896, 0.06848198175430298, 0.055831581354141235, 0.03823371231555939, 0.03007604368031025, 0.027991794049739838, 0.02873331308364868, 0.028458911925554276], "val_loss": [0.5990066528320312, 0.13930565118789673, 0.17456404864788055, 0.09769454598426819, 0.09356653690338135, 0.04687394201755524, 0.08352930098772049, 0.040434688329696655, 0.04352555796504021, 0.049773555248975754, 0.04571468010544777, 0.0461907722055912, 0.035970091819763184, 0.035978641360998154, 0.04179630056023598, 0.03339477628469467, 0.03726368024945259, 0.0343642383813858, 0.03632519394159317, 0.04542054980993271, 0.09131330996751785, 0.12148667126893997, 0.0329318568110466, 0.10805442929267883, 0.16742375493049622, 0.05817314237356186, 0.06571657210588455, 0.056069955229759216, 0.039415426552295685, 0.05883629620075226, 0.03986015543341637, 0.03434084355831146]}