{"loss": [3.560314178466797, 0.5527823567390442, 0.24658344686031342, 0.09514021873474121, 0.05070367082953453, 0.042545534670352936, 0.03086947649717331, 0.027499843388795853, 0.02431979775428772, 0.01970750465989113, 0.016655923798680305, 0.010926495306193829, 0.01112012006342411, 0.008042256347835064, 0.007948909886181355, 0.006078182253986597, 0.0052384063601493835, 0.005413017235696316, 0.004146548453718424, 0.004159710370004177, 0.003737153485417366, 0.0034959311597049236, 0.0031616506166756153, 0.0031109151896089315, 0.0030633804854005575, 0.0026809072587639093, 0.002747168531641364, 0.002679082565009594, 0.0027514458633959293, 0.0026102401316165924, 0.002460313495248556, 0.002642211737111211], "val_loss": [0.31648147106170654, 0.11626157909631729, 0.03443259745836258, 0.03968413919210434, 0.07521162182092667, 0.1424919068813324, 0.06355457007884979, 0.034316536039114, 0.026035912334918976, 0.021531064063310623, 0.018788527697324753, 0.013827897608280182, 0.012578860856592655, 0.010522151365876198, 0.012487944215536118, 0.012451902031898499, 0.010452475398778915, 0.010589650832116604, 0.00876456219702959, 0.00873804371803999, 0.009243752807378769, 0.00902563240379095, 0.00826964434236288, 0.008120106533169746, 0.008489600382745266, 0.00781284924596548, 0.0078857047483325, 0.00829989556223154, 0.007673386950045824, 0.007726230658590794, 0.00822402909398079, 0.0077270506881177425]}