{"loss": [0.34285426139831543, 0.05984487757086754, 0.05373896285891533, 0.03587700426578522, 0.03006373718380928, 0.023553596809506416, 0.02061673067510128, 0.017502278089523315, 0.01811034604907036, 0.015543011017143726, 0.014860878698527813, 0.014825163409113884, 0.012744205072522163, 0.012225968763232231, 0.012083576992154121, 0.01081644557416439, 0.010027831420302391, 0.0098191536962986, 0.009041224606335163, 0.008501305244863033, 0.008087027817964554, 0.007448122836649418, 0.006801383104175329, 0.0061425198800861835, 0.005529779940843582, 0.004954562056809664, 0.0043980032205581665, 0.0038424774538725615, 0.0033345604315400124, 0.0029253042303025723, 0.0026004286482930183, 0.0023461193777620792], "val_loss": [0.5543043613433838, 0.7588179707527161, 0.8149030208587646, 0.6164259314537048, 0.46274474263191223, 0.33679646253585815, 0.5371061563491821, 0.513372540473938, 0.17509084939956665, 0.051755476742982864, 0.08219217509031296, 0.13215233385562897, 0.1593199372291565, 0.18199244141578674, 0.18987730145454407, 0.1790154129266739, 0.16814444959163666, 0.1535605937242508, 0.15897078812122345, 0.19157743453979492, 0.19760923087596893, 0.19143731892108917, 0.18648482859134674, 0.17160169780254364, 0.16934767365455627, 0.168168842792511, 0.1718895584344864, 0.1541021317243576, 0.14662717282772064, 0.15032599866390228, 0.15031874179840088, 0.13093501329421997]}