{"loss": [2.312121629714966, 0.25576573610305786, 0.1706884801387787, 0.1415785551071167, 0.09437805414199829, 0.10648158192634583, 0.07597371935844421, 0.06331930309534073, 0.04311196878552437, 0.04579508304595947, 0.04566820710897446, 0.03929738327860832, 0.04161811247467995, 0.034176602959632874, 0.03309783712029457, 0.08433274924755096, 0.06801912933588028, 0.06106588989496231, 0.0422937385737896, 0.03136006370186806, 0.028438329696655273, 0.025148356333374977, 0.023712100461125374, 0.01973869651556015, 0.015033370815217495, 0.012824383564293385, 0.011894064955413342, 0.009429709054529667, 0.00848720408976078, 0.007300345692783594, 0.0065057482570409775, 0.006086320150643587], "val_loss": [1.2000705003738403, 0.3422214686870575, 0.16559025645256042, 0.1831297129392624, 0.07759881019592285, 0.04063418507575989, 0.052087217569351196, 0.06106489524245262, 0.021533597260713577, 0.07300640642642975, 0.08931382745504379, 0.03354968875646591, 0.07159107178449631, 0.04797711968421936, 0.029437899589538574, 0.041728824377059937, 0.03674854338169098, 0.11658637970685959, 0.04453527182340622, 0.043573591858148575, 0.051082536578178406, 0.033492423593997955, 0.025011835619807243, 0.04203927889466286, 0.02572459727525711, 0.028671350330114365, 0.03457854688167572, 0.022636953741312027, 0.022843141108751297, 0.019579540938138962, 0.015226785093545914, 0.015375140123069286]}