{"loss": [0.3748215138912201, 0.20269662141799927, 0.07343580573797226, 0.053564202040433884, 0.035509951412677765, 0.030325496569275856, 0.021404171362519264, 0.017963724210858345, 0.01307265367358923, 0.011198095977306366, 0.009329408407211304, 0.007402368355542421, 0.006879077758640051, 0.006038221064954996, 0.005782559979707003, 0.005244104191660881, 0.004878755658864975, 0.004484966862946749, 0.0040788655169308186, 0.003927195444703102, 0.0035154742654412985, 0.003353378502652049, 0.0029575813096016645, 0.002803056500852108, 0.0024835120420902967, 0.002311941236257553, 0.002071421593427658, 0.00189288891851902, 0.0017164461314678192, 0.0015695728361606598, 0.001425930648110807, 0.0013230455806478858], "val_loss": [0.46608054637908936, 0.03386861830949783, 0.01679789274930954, 0.018754739314317703, 0.019744129851460457, 0.01594945229589939, 0.020369695499539375, 0.015574331395328045, 0.012548049911856651, 0.008349018171429634, 0.007892120629549026, 0.011452218517661095, 0.0072378963232040405, 0.01005528587847948, 0.006464606150984764, 0.007462507113814354, 0.005906505975872278, 0.005715296603739262, 0.005879301577806473, 0.005532455164939165, 0.005518707912415266, 0.004706007894128561, 0.005129063501954079, 0.004669873975217342, 0.0048003713600337505, 0.004047915805131197, 0.004201932344585657, 0.0037713130004704, 0.00371377682313323, 0.003566266968846321, 0.0034407959319651127, 0.0034432774409651756]}