{"loss": [0.3448679447174072, 0.09945651888847351, 0.048996273428201675, 0.034535471349954605, 0.017739741131663322, 0.018619021400809288, 0.010014413855969906, 0.012053023092448711, 0.007779078092426062, 0.00807210709899664, 0.0063523161225020885, 0.005523643922060728, 0.00507334666326642, 0.004412093665450811, 0.0041952780447900295, 0.0037396762054413557, 0.003453802317380905, 0.0031924452632665634, 0.0029381776694208384, 0.002771808532997966, 0.002529527759179473, 0.002386661944910884, 0.002156401751562953, 0.0020388804841786623, 0.001828897395171225, 0.0017050927272066474, 0.0015674488386139274, 0.0014076739316806197, 0.001317566609941423, 0.0011821369407698512, 0.001093661761842668, 0.0010081451619043946], "val_loss": [0.24438124895095825, 0.03204505518078804, 0.01280970498919487, 0.010218086652457714, 0.006649362854659557, 0.009018553420901299, 0.0292840413749218, 0.006244495045393705, 0.005440689157694578, 0.004172483924776316, 0.004000278189778328, 0.004312095697969198, 0.004069647751748562, 0.003962086047977209, 0.0030440932605415583, 0.0027233781293034554, 0.0025124584790319204, 0.002235616324469447, 0.0020295213907957077, 0.001821911078877747, 0.0018182406201958656, 0.0015244473470374942, 0.0013667605817317963, 0.0011294635478407145, 0.0010141086531803012, 0.0008817772031761706, 0.0007510493160225451, 0.0007117395871318877, 0.0005521111888810992, 0.000485298631247133, 0.0004344376502558589, 0.0003811455680988729]}