{"loss": [2.9622628688812256, 0.32595521211624146, 0.16084817051887512, 0.15687525272369385, 0.11949340999126434, 0.11111551523208618, 0.11604234576225281, 0.10018296539783478, 0.1050981730222702, 0.10247832536697388, 0.09669196605682373, 0.10408246517181396, 0.09753935039043427, 0.09578922390937805, 0.09773872792720795, 0.08485428988933563, 0.0787745788693428, 0.06801629066467285, 0.0531981885433197, 0.045703619718551636, 0.033270400017499924, 0.023813914507627487, 0.01990804634988308, 0.020361142233014107, 0.01803543232381344, 0.016081392765045166, 0.012228433042764664, 0.011203620582818985, 0.009802968241274357, 0.007977153174579144, 0.010663401335477829, 0.020893512293696404], "val_loss": [0.01646292954683304, 0.36741355061531067, 0.06195678189396858, 0.3965129554271698, 0.19392965734004974, 0.14517222344875336, 0.3092368245124817, 0.18407641351222992, 0.1872718632221222, 0.2617581784725189, 0.18078117072582245, 0.21646088361740112, 0.2230391651391983, 0.19097083806991577, 0.21234436333179474, 0.14218130707740784, 0.11684136092662811, 0.11882726103067398, 0.07129634916782379, 0.039636142551898956, 0.025505710393190384, 0.016405489295721054, 0.013952729292213917, 0.007879640907049179, 0.0063405269756913185, 0.005391883663833141, 0.008521403186023235, 0.008114787749946117, 0.0036063839215785265, 0.006946192122995853, 0.043934956192970276, 0.03066445142030716]}