{"loss": [1.3740955591201782, 0.2980751097202301, 0.1401260793209076, 0.0924600213766098, 0.05582371726632118, 0.03499576449394226, 0.02941933274269104, 0.027622729539871216, 0.019435785710811615, 0.015114422887563705, 0.012985067442059517, 0.010293392464518547, 0.00947907380759716, 0.007364246994256973, 0.006826113909482956, 0.006223457399755716, 0.005880089942365885, 0.005468819756060839, 0.004665639251470566, 0.004248719196766615, 0.004188516642898321, 0.004072045907378197, 0.003929800819605589, 0.0039138165302574635, 0.0038379712495952845, 0.0033776378259062767, 0.003162351669743657, 0.0032407143153250217, 0.0032129972241818905, 0.003196118399500847, 0.0035698297433555126, 0.004071124363690615], "val_loss": [0.7272241115570068, 0.24699412286281586, 0.06162426248192787, 0.03929726406931877, 0.033140964806079865, 0.042020898312330246, 0.05380137637257576, 0.024155495688319206, 0.01906658336520195, 0.012316599488258362, 0.012762452475726604, 0.01266553159803152, 0.015297074802219868, 0.01165768038481474, 0.013219729997217655, 0.009810646995902061, 0.009811694733798504, 0.00883343443274498, 0.00994778424501419, 0.010587180964648724, 0.010262083262205124, 0.010214785113930702, 0.008956506848335266, 0.008690528571605682, 0.009003390558063984, 0.0102218147367239, 0.011512251570820808, 0.011338946409523487, 0.010096842423081398, 0.009167985059320927, 0.008687903173267841, 0.009383470751345158]}