{"loss": [0.6738302111625671, 0.2809131145477295, 0.11550185084342957, 0.0772739052772522, 0.040535252541303635, 0.0383494608104229, 0.027618957683444023, 0.022607697173953056, 0.017663277685642242, 0.016803281381726265, 0.015277094207704067, 0.013114109635353088, 0.012063167989253998, 0.011284489184617996, 0.01067404169589281, 0.009473934769630432, 0.008964705280959606, 0.008257243782281876, 0.007644669618457556, 0.0070572481490671635, 0.0064385258592665195, 0.005985355004668236, 0.005398700479418039, 0.005002753343433142, 0.004518312867730856, 0.004143457859754562, 0.0037613604217767715, 0.003439488122239709, 0.0031398171558976173, 0.0028851598035544157, 0.0026597098913043737, 0.0024572613183408976], "val_loss": [0.0353730171918869, 0.07686169445514679, 0.024243969470262527, 0.02198534458875656, 0.009996498934924603, 0.008274582214653492, 0.008484426885843277, 0.005898439325392246, 0.009570695459842682, 0.005387656390666962, 0.004923591855913401, 0.00422590272501111, 0.0059623681008815765, 0.004739988129585981, 0.0045934985391795635, 0.0036997641436755657, 0.003615301800891757, 0.0034799999557435513, 0.0036368954461067915, 0.0036938406992703676, 0.004073642659932375, 0.0038139845710247755, 0.0038543595001101494, 0.0035995750222355127, 0.003660860937088728, 0.0035040106158703566, 0.003439866239205003, 0.003163106506690383, 0.0030696247704327106, 0.0029355506412684917, 0.0029166610911488533, 0.002816910855472088]}