{"loss": [0.34165382385253906, 0.11403844505548477, 0.04822026565670967, 0.023916713893413544, 0.029758503660559654, 0.01994076557457447, 0.014494478702545166, 0.014650785364210606, 0.009091519750654697, 0.010127364657819271, 0.006965021137148142, 0.007268184795975685, 0.005227296147495508, 0.005439105909317732, 0.004611110780388117, 0.00417247274890542, 0.0037282390985637903, 0.0035773308482021093, 0.003360685659572482, 0.0029735721182078123, 0.0029155295342206955, 0.0027078099083155394, 0.002443190896883607, 0.0023274163249880075, 0.0021609999239444733, 0.0019765885081142187, 0.0018570437096059322, 0.0017110666958615184, 0.0015821252018213272, 0.00146822992246598, 0.001349971629679203, 0.0012592129642143846], "val_loss": [1.0785106420516968, 0.3384428918361664, 0.4832250773906708, 0.9487765431404114, 0.22191645205020905, 0.33000239729881287, 0.467273473739624, 0.28106236457824707, 0.2906166613101959, 0.3802374601364136, 0.27904805541038513, 0.32129913568496704, 0.32407334446907043, 0.26937299966812134, 0.35353460907936096, 0.31100088357925415, 0.2573179304599762, 0.3549901843070984, 0.32313016057014465, 0.2735258936882019, 0.3299819231033325, 0.3113378882408142, 0.2787141799926758, 0.3118649423122406, 0.30288469791412354, 0.2896433174610138, 0.3133861720561981, 0.2994872033596039, 0.3051469326019287, 0.3253917396068573, 0.3072030246257782, 0.32424941658973694]}