{"loss": [1.8852018117904663, 0.40712258219718933, 0.385023295879364, 0.1870688945055008, 0.10464109480381012, 0.09788352996110916, 0.09652003645896912, 0.06498433649539948, 0.06658657640218735, 0.04851552098989487, 0.04008735716342926, 0.03755483031272888, 0.024881772696971893, 0.02268742397427559, 0.017822803929448128, 0.0153055340051651, 0.014158927835524082, 0.014258027076721191, 0.012777740135788918, 0.011308297514915466, 0.009611424058675766, 0.009027865715324879, 0.009457536973059177, 0.009366278536617756, 0.008207367733120918, 0.008149653673171997, 0.009456454776227474, 0.007291476242244244, 0.00878005288541317, 0.00932815670967102, 0.00930995587259531, 0.007132623810321093], "val_loss": [0.9501866102218628, 0.17253310978412628, 0.3357814848423004, 0.05565256625413895, 0.03285401314496994, 0.06972790509462357, 0.112749382853508, 0.04029969498515129, 0.11017146706581116, 0.0498935803771019, 0.04045002534985542, 0.052038565278053284, 0.026910655200481415, 0.017339441925287247, 0.016323182731866837, 0.022477343678474426, 0.020090820267796516, 0.02745179831981659, 0.01692516729235649, 0.018902460113167763, 0.02850530855357647, 0.020732657983899117, 0.01729661226272583, 0.028288032859563828, 0.026550820097327232, 0.017768708989024162, 0.019167013466358185, 0.03675740957260132, 0.016088970005512238, 0.013569238595664501, 0.02411852963268757, 0.0321449376642704]}