{"loss": [0.4368509352207184, 0.0663958266377449, 0.04395727440714836, 0.03263891860842705, 0.021709086373448372, 0.017797579988837242, 0.012880145572125912, 0.012174573726952076, 0.009341656230390072, 0.009089195169508457, 0.0075673796236515045, 0.006560459733009338, 0.006066995207220316, 0.005002113524824381, 0.004479582887142897, 0.0037185309920459986, 0.003083799732849002, 0.0026065076235681772, 0.0020943465642631054, 0.0017666342901065946, 0.0015215229941532016, 0.0013646961888298392, 0.0012539984891191125, 0.001187580288387835, 0.001148324110545218, 0.0011063149431720376, 0.0010469526750966907, 0.0009742470574565232, 0.0008987265755422413, 0.000830307079013437, 0.0007716759573668242, 0.0007257784600369632], "val_loss": [0.04003462567925453, 0.03281684219837189, 0.03409241884946823, 0.006876829080283642, 0.030318880453705788, 0.009449825622141361, 0.00976825226098299, 0.007828931324183941, 0.015047820284962654, 0.005203745793551207, 0.005414722021669149, 0.005302164703607559, 0.003758505219593644, 0.003050463739782572, 0.003587966552004218, 0.0024919817224144936, 0.0021665547974407673, 0.0020168458577245474, 0.0018842677818611264, 0.0020306736696511507, 0.0018659065244719386, 0.0018309092847630382, 0.0016635814681649208, 0.001664089853875339, 0.001609521801583469, 0.0015860884450376034, 0.0015263448003679514, 0.0014155020471662283, 0.0013728837948292494, 0.0013380279997363687, 0.0013533742167055607, 0.001305708778090775]}