{"loss": [3.439082622528076, 0.4400061368942261, 0.18781982362270355, 0.11882480978965759, 0.06092502549290657, 0.053003549575805664, 0.04787013679742813, 0.06356807053089142, 0.04595904052257538, 0.0797618180513382, 0.09668847918510437, 0.06697921454906464, 0.06633581221103668, 0.04580247029662132, 0.044914159923791885, 0.03732292726635933, 0.029332518577575684, 0.026143347844481468, 0.02218090184032917, 0.01994098164141178, 0.017316214740276337, 0.014477991499006748, 0.013230918906629086, 0.01122379768639803, 0.010368874296545982, 0.008651559241116047, 0.007681051269173622, 0.00685761496424675, 0.006757690571248531, 0.006759153679013252, 0.0061440798453986645, 0.00608329800888896], "val_loss": [0.10072233527898788, 0.025346027687191963, 0.08216344565153122, 0.03902090713381767, 0.016804466024041176, 0.06765862554311752, 0.08765798807144165, 0.0513714961707592, 0.03514958545565605, 0.03202303871512413, 0.07440342754125595, 0.028445590287446976, 0.023474503308534622, 0.028265230357646942, 0.02470199018716812, 0.031584907323122025, 0.026000963523983955, 0.02253769151866436, 0.02720092050731182, 0.019508671015501022, 0.017857644706964493, 0.017888139933347702, 0.01779475435614586, 0.018886910751461983, 0.014793823473155499, 0.014953027479350567, 0.01581374742090702, 0.013768522068858147, 0.012941614724695683, 0.014187981374561787, 0.012806758284568787, 0.01343303918838501]}