{"loss": [0.5174845457077026, 0.16336940228939056, 0.09095931053161621, 0.059510257095098495, 0.041196566075086594, 0.03287315368652344, 0.026802629232406616, 0.024134181439876556, 0.020517192780971527, 0.020629199221730232, 0.018845820799469948, 0.01635722629725933, 0.01577765680849552, 0.013975215144455433, 0.012938767671585083, 0.01188457477837801, 0.010197010822594166, 0.009319138713181019, 0.007754199206829071, 0.0068850223906338215, 0.005612479057163, 0.004799308720976114, 0.003897913498803973, 0.00333843263797462, 0.0028556082397699356, 0.002466189209371805, 0.0022258686367422342, 0.001973013626411557, 0.0017489538295194507, 0.0015797099331393838, 0.0013980064541101456, 0.0012617286993190646], "val_loss": [0.13147461414337158, 0.1002609059214592, 0.06344178318977356, 0.056855447590351105, 0.028989553451538086, 0.032513272017240524, 0.021594326943159103, 0.01795256696641445, 0.022678017616271973, 0.016844624653458595, 0.016374623402953148, 0.016227668151259422, 0.014917286112904549, 0.015024219639599323, 0.013226239010691643, 0.012792693451046944, 0.011623763479292393, 0.010318879969418049, 0.009559020400047302, 0.00800382811576128, 0.007273524533957243, 0.00591289484873414, 0.005130602512508631, 0.0043523856438696384, 0.0038248419295996428, 0.0034590098075568676, 0.003166938666254282, 0.0029399043414741755, 0.0027542526368051767, 0.0026230376679450274, 0.0025053764693439007, 0.002383596496656537]}