{"loss": [1.9898080825805664, 0.6322392225265503, 0.414490282535553, 0.18333621323108673, 0.09093837440013885, 0.050538260489702225, 0.02794986218214035, 0.034764379262924194, 0.031304337084293365, 0.025458509102463722, 0.02408011443912983, 0.019446559250354767, 0.015116935595870018, 0.015451365150511265, 0.011810043826699257, 0.013133494183421135, 0.011454278603196144, 0.010177678428590298, 0.008334928192198277, 0.007089914754033089, 0.005832956172525883, 0.005198506638407707, 0.0059956144541502, 0.00493268296122551, 0.004817677661776543, 0.004636993631720543, 0.004068218171596527, 0.004285076167434454, 0.003596988972276449, 0.003754234639927745, 0.003721715183928609, 0.003296434413641691], "val_loss": [0.8952072858810425, 0.16751649975776672, 0.04273921623826027, 0.006930406671017408, 0.011179795488715172, 0.010501403361558914, 0.026711810380220413, 0.01098012737929821, 0.01422988809645176, 0.012281911447644234, 0.03401774913072586, 0.03583396226167679, 0.008426468819379807, 0.008656824007630348, 0.011633566580712795, 0.010220787487924099, 0.01770498789846897, 0.0111041609197855, 0.009551379829645157, 0.012186856009066105, 0.01491545606404543, 0.010813750326633453, 0.011187217198312283, 0.016145136207342148, 0.02010445110499859, 0.012243732810020447, 0.011706029996275902, 0.014687764458358288, 0.021396761760115623, 0.017729779705405235, 0.011761405505239964, 0.011803830973803997]}