{"loss": [0.39590099453926086, 0.08689705282449722, 0.0508895218372345, 0.030996127054095268, 0.023601790890097618, 0.021036649122834206, 0.015090356580913067, 0.01002584770321846, 0.008414620533585548, 0.006861543748527765, 0.006257457192987204, 0.005311375949531794, 0.004299100488424301, 0.00381875061430037, 0.003155820770189166, 0.0029040395747870207, 0.002484632655978203, 0.002195668173953891, 0.001905850600451231, 0.0016241321573033929, 0.0014131938805803657, 0.001178048551082611, 0.001048704027198255, 0.0009133175481110811, 0.0007934798486530781, 0.0007051161956042051, 0.000656583986710757, 0.000614768301602453, 0.0005553086521103978, 0.0005230045062489808, 0.00048584493924863636, 0.0004818297456949949], "val_loss": [0.4074021279811859, 0.06309544295072556, 0.018396450206637383, 0.042437806725502014, 0.017326755449175835, 0.019140565767884254, 0.02326749637722969, 0.02248971164226532, 0.02049083635210991, 0.012167006731033325, 0.013763687573373318, 0.00808384083211422, 0.012954717501997948, 0.007830234244465828, 0.007864082232117653, 0.007117231376469135, 0.00581769272685051, 0.006648084614425898, 0.0046149734407663345, 0.003972913138568401, 0.003736997488886118, 0.002984556369483471, 0.002408163622021675, 0.0022751945070922375, 0.0019924596417695284, 0.0016089334385469556, 0.0014783552614971995, 0.001467364258132875, 0.0015444019809365273, 0.0013826334616169333, 0.0013692941283807158, 0.001407072995789349]}