{"loss": [2.0959036350250244, 0.15032514929771423, 0.07956799119710922, 0.06113810837268829, 0.03129662945866585, 0.030822038650512695, 0.03913261741399765, 0.028697025030851364, 0.01787126250565052, 0.015500918962061405, 0.01695464923977852, 0.014387859962880611, 0.009973090142011642, 0.009354183450341225, 0.009063156321644783, 0.007958031259477139, 0.008756672032177448, 0.006827197037637234, 0.00513207633048296, 0.005625604651868343, 0.006383990868926048, 0.0061497814022004604, 0.0051772878505289555, 0.004468256141990423, 0.0043435716070234776, 0.003950571175664663, 0.004132440313696861, 0.005160269793123007, 0.0052953301928937435, 0.004561205860227346, 0.004503628704696894, 0.004503852222114801], "val_loss": [0.29521897435188293, 0.03912379965186119, 0.14854051172733307, 0.11074461042881012, 0.16691182553768158, 0.1671573668718338, 0.19656142592430115, 0.23974615335464478, 0.18221324682235718, 0.17192618548870087, 0.18342606723308563, 0.1876380890607834, 0.21506468951702118, 0.18953624367713928, 0.1749822050333023, 0.17458128929138184, 0.19367164373397827, 0.20777931809425354, 0.21546368300914764, 0.19555853307247162, 0.19411253929138184, 0.2074604630470276, 0.22974947094917297, 0.22854328155517578, 0.21854154765605927, 0.19242089986801147, 0.1940879374742508, 0.19883005321025848, 0.23456528782844543, 0.2442663013935089, 0.24120399355888367, 0.22053162753582]}