{"loss": [2.3792037963867188, 0.33211269974708557, 0.1628255695104599, 0.13213792443275452, 0.09127071499824524, 0.08771710842847824, 0.10985708236694336, 0.0921892449259758, 0.08925393223762512, 0.07650529593229294, 0.062011830508708954, 0.058224692940711975, 0.06004273518919945, 0.05081825703382492, 0.04691825062036514, 0.03672861307859421, 0.0340689942240715, 0.02791784144937992, 0.028161268681287766, 0.019362252205610275, 0.014415254816412926, 0.011100086383521557, 0.00959461834281683, 0.00801145564764738, 0.006924367044121027, 0.006722664460539818, 0.00596510898321867, 0.006349755451083183, 0.0057051293551921844, 0.006338007748126984, 0.004820826463401318, 0.004362025763839483], "val_loss": [0.4664423167705536, 0.1389056295156479, 0.0398794524371624, 0.08800483494997025, 0.09713488817214966, 0.05555633082985878, 0.14646129310131073, 0.1862201690673828, 0.011085339821875095, 0.12449520826339722, 0.0309313777834177, 0.0257559847086668, 0.040778227150440216, 0.0196281298995018, 0.017191119492053986, 0.05527307838201523, 0.024723265320062637, 0.007096430286765099, 0.022633934393525124, 0.026980280876159668, 0.004900852218270302, 0.008504419587552547, 0.008765398524701595, 0.005172856152057648, 0.006167639046907425, 0.006603036541491747, 0.00927041471004486, 0.008313552476465702, 0.009019925259053707, 0.006604837719351053, 0.0046846987679600716, 0.006935381796211004]}