{"loss": [0.5035436749458313, 0.131212055683136, 0.07718928903341293, 0.04061957821249962, 0.038013655692338943, 0.025723962113261223, 0.022825568914413452, 0.018679168075323105, 0.017570488154888153, 0.014495357871055603, 0.013384569436311722, 0.011551231145858765, 0.010477923788130283, 0.009677628986537457, 0.008726282976567745, 0.00744716078042984, 0.007059620227664709, 0.006049111485481262, 0.005305448547005653, 0.004620794206857681, 0.003820737125352025, 0.003380022244527936, 0.002828117460012436, 0.002435651607811451, 0.0020041426178067923, 0.0017700091702863574, 0.0015783515991643071, 0.0014574028318747878, 0.0013376247370615602, 0.0012037893757224083, 0.0010368044022470713, 0.0008989595808088779], "val_loss": [0.1857656091451645, 0.1072162389755249, 0.02848728932440281, 0.031466010957956314, 0.012898571789264679, 0.02356823720037937, 0.012960555963218212, 0.02258431725203991, 0.011782987043261528, 0.01081779319792986, 0.011050681583583355, 0.011433334089815617, 0.009308022446930408, 0.007882649078965187, 0.00718922633677721, 0.006701136007905006, 0.00617668591439724, 0.0048402161337435246, 0.004226317163556814, 0.003605451202020049, 0.003348833415657282, 0.002816147403791547, 0.0024912352673709393, 0.0021715615876019, 0.0020207420457154512, 0.001774310483597219, 0.0017350803827866912, 0.001576846232637763, 0.0014920263784006238, 0.0014186968328431249, 0.0013386830687522888, 0.001225645886734128]}