{"loss": [1.643044352531433, 0.32571208477020264, 0.19871056079864502, 0.10542303323745728, 0.06744895875453949, 0.04623793810606003, 0.038671672344207764, 0.03526203706860542, 0.030816297978162766, 0.03410433977842331, 0.019826192408800125, 0.018532978370785713, 0.014658919535577297, 0.010423915460705757, 0.011629990302026272, 0.009191691875457764, 0.01456514559686184, 0.009482038207352161, 0.011309332214295864, 0.010111385025084019, 0.006907942704856396, 0.007100233342498541, 0.006872364319860935, 0.005314796697348356, 0.005417143926024437, 0.0050176833756268024, 0.005735982209444046, 0.004702867474406958, 0.005581383593380451, 0.005858878139406443, 0.007447119802236557, 0.007044799160212278], "val_loss": [1.2375593185424805, 1.3586117029190063, 1.0732065439224243, 0.9098323583602905, 0.7913945317268372, 0.6855090856552124, 0.5861601233482361, 0.566826343536377, 0.5044077038764954, 0.5529991388320923, 0.5275421738624573, 0.47449591755867004, 0.5079015493392944, 0.46380025148391724, 0.4143049120903015, 0.4508967399597168, 0.3971870541572571, 0.41802486777305603, 0.3938300311565399, 0.3639267385005951, 0.3862391710281372, 0.3786242604255676, 0.3679639995098114, 0.36668288707733154, 0.35153892636299133, 0.361061692237854, 0.3497786521911621, 0.35695937275886536, 0.349371075630188, 0.36524975299835205, 0.3524056673049927, 0.3324158489704132]}