{"loss": [0.5017609000205994, 0.0934496521949768, 0.05637059733271599, 0.0361996553838253, 0.027738086879253387, 0.02231629379093647, 0.017199119552969933, 0.013485205359756947, 0.009523510932922363, 0.008994534611701965, 0.0068752760998904705, 0.006714197341352701, 0.005729615688323975, 0.004785500001162291, 0.004537863191217184, 0.003634100081399083, 0.003448784351348877, 0.0028493357822299004, 0.0026073819026350975, 0.0021756335627287626, 0.001964022172614932, 0.0017071319743990898, 0.001490437425673008, 0.0013224896974861622, 0.0011515122605487704, 0.0010534905595704913, 0.0009496526909060776, 0.0008822947856970131, 0.000815411563962698, 0.0007737052510492504, 0.0007299454300664365, 0.0006943415501154959], "val_loss": [0.0535719208419323, 0.011161843314766884, 0.02020047791302204, 0.012336346320807934, 0.044285863637924194, 0.011429383419454098, 0.00793129950761795, 0.003966408781707287, 0.01051833014935255, 0.006926671601831913, 0.003872297238558531, 0.002835450693964958, 0.0036421124823391438, 0.0035335731226950884, 0.0023279066663235426, 0.0025357739068567753, 0.002371251117438078, 0.002425719052553177, 0.0024325211998075247, 0.002102368278428912, 0.0021126344799995422, 0.002032361924648285, 0.002179402392357588, 0.0023999318946152925, 0.0022094417363405228, 0.0020174100063741207, 0.0020742500200867653, 0.0021447197068482637, 0.0021030341740697622, 0.0019782737363129854, 0.0019252840429544449, 0.0018376290099695325]}