{"loss": [0.1786663681268692, 0.03977365791797638, 0.023876825347542763, 0.016093308106064796, 0.0093283886089921, 0.009738176129758358, 0.005428788717836142, 0.006431180518120527, 0.0041399430483579636, 0.004015700425952673, 0.0032295386772602797, 0.003075943561270833, 0.002798364730551839, 0.0024298776406794786, 0.0023457659408450127, 0.0021334595512598753, 0.0020475012715905905, 0.0018662604270502925, 0.0017976731760427356, 0.00164597702678293, 0.001572518958710134, 0.0014597427798435092, 0.0013599935919046402, 0.0012596379965543747, 0.0011832599993795156, 0.001090188859961927, 0.001004435820505023, 0.0009227429982274771, 0.0008480024407617748, 0.0007748199277557433, 0.0007086966070346534, 0.0006490375380963087], "val_loss": [0.028852805495262146, 0.04671885445713997, 0.009160427376627922, 0.00864352285861969, 0.004539821296930313, 0.0053981090895831585, 0.010868287645280361, 0.008852320723235607, 0.005353235173970461, 0.0047927601262927055, 0.005847347900271416, 0.006261637434363365, 0.005386649165302515, 0.005015064496546984, 0.005597733426839113, 0.005503990687429905, 0.004709197673946619, 0.004421587102115154, 0.004446216393262148, 0.004678701050579548, 0.004730233922600746, 0.004363462794572115, 0.004158406052738428, 0.004153369925916195, 0.003851394634693861, 0.0038116483483463526, 0.0038771131075918674, 0.0038245446048676968, 0.0036980623845010996, 0.0035186787135899067, 0.003487788373604417, 0.0033864867873489857]}