{"loss": [2.7126312255859375, 0.37656721472740173, 0.09386107325553894, 0.052082598209381104, 0.05691041052341461, 0.04097256436944008, 0.044578056782484055, 0.03873623162508011, 0.040120597928762436, 0.036961693316698074, 0.03173448517918587, 0.022985074669122696, 0.018733467906713486, 0.01512217428535223, 0.01397170964628458, 0.01760764978826046, 0.0129440538585186, 0.010743440128862858, 0.009533279575407505, 0.009633900597691536, 0.00974514614790678, 0.007701285649091005, 0.007520428858697414, 0.008573178201913834, 0.0075973267666995525, 0.007165653631091118, 0.007097074296325445, 0.006028627511113882, 0.005461952183395624, 0.006388574838638306, 0.009526766836643219, 0.006909163668751717], "val_loss": [0.8996146321296692, 0.07148303091526031, 0.0275215245783329, 0.07516156882047653, 0.1870071142911911, 0.06367094069719315, 0.09588750451803207, 0.05070069059729576, 0.1356419026851654, 0.1435505598783493, 0.06318148225545883, 0.031006215140223503, 0.010312527418136597, 0.014191997237503529, 0.00964242871850729, 0.014071733690798283, 0.010801085270941257, 0.008472716435790062, 0.009484175592660904, 0.009897733107209206, 0.008448063395917416, 0.007768756709992886, 0.014568975195288658, 0.012361899018287659, 0.019601941108703613, 0.017807545140385628, 0.009134969674050808, 0.009094348177313805, 0.009878499433398247, 0.008096303790807724, 0.01371882762759924, 0.017357181757688522]}