{"loss": [3.2774853706359863, 0.2731679081916809, 0.3127654194831848, 0.22741392254829407, 0.12251179665327072, 0.07998956739902496, 0.04379243403673172, 0.03581024333834648, 0.03273510932922363, 0.022806914523243904, 0.020396335050463676, 0.0241668950766325, 0.015339376404881477, 0.013213702477514744, 0.013319921679794788, 0.010715741664171219, 0.01017195824533701, 0.010667983442544937, 0.008286853320896626, 0.007400085683912039, 0.006953870877623558, 0.006600651890039444, 0.006451162975281477, 0.0063170199282467365, 0.006376300938427448, 0.0059310863725841045, 0.0056632887572050095, 0.005308434367179871, 0.005234753713011742, 0.005164620000869036, 0.005752441938966513, 0.006376494187861681], "val_loss": [0.9792381525039673, 0.2434324324131012, 1.2085082530975342, 0.6332747340202332, 0.23632803559303284, 0.46258842945098877, 0.0831342339515686, 0.21550561487674713, 0.04562133178114891, 0.15142042934894562, 0.10837794095277786, 0.06685122102499008, 0.10787457227706909, 0.068282850086689, 0.07918127626180649, 0.055596981197595596, 0.05593566223978996, 0.03762015327811241, 0.033245012164115906, 0.03626484423875809, 0.03315295651555061, 0.03493758663535118, 0.03375184163451195, 0.034219805151224136, 0.022115647792816162, 0.03286496177315712, 0.03348875045776367, 0.03407612815499306, 0.025196928530931473, 0.03211985528469086, 0.020641451701521873, 0.02753644436597824]}