{"loss": [0.45832011103630066, 0.10543179512023926, 0.0502636544406414, 0.03222684562206268, 0.027724625542759895, 0.021001145243644714, 0.0156484954059124, 0.011182808317244053, 0.01176841277629137, 0.008948415517807007, 0.0071826414205133915, 0.006967584136873484, 0.006091603543609381, 0.005335457157343626, 0.004930607974529266, 0.004575005266815424, 0.004314698278903961, 0.003821043064817786, 0.0037783354055136442, 0.003397126914933324, 0.0032670011278241873, 0.0029861002694815397, 0.002812756225466728, 0.0026037427596747875, 0.002387687796726823, 0.0022324826568365097, 0.0020295511931180954, 0.0018579639727249742, 0.0017276116413995624, 0.0015570861287415028, 0.0014145029708743095, 0.0013045636005699635], "val_loss": [0.29755038022994995, 0.020531129091978073, 0.03563249111175537, 0.015106425620615482, 0.015003529377281666, 0.008863789960741997, 0.00826526153832674, 0.012409331277012825, 0.010057949461042881, 0.009038455784320831, 0.00752437487244606, 0.006300983019173145, 0.007008752319961786, 0.006832827348262072, 0.005936375353485346, 0.005170410964637995, 0.0048387255519628525, 0.00459125405177474, 0.004251804668456316, 0.0036944083403795958, 0.0035535343922674656, 0.0032795039005577564, 0.003003196557983756, 0.002434591995552182, 0.0021220867056399584, 0.0019188033184036613, 0.001717066508717835, 0.0013864078791812062, 0.0011958545073866844, 0.0010482368525117636, 0.0007706115720793605, 0.0006265889387577772]}