{"loss": [0.8472937941551208, 0.11200359463691711, 0.057853881269693375, 0.0411481112241745, 0.0270073339343071, 0.021768152713775635, 0.018330054357647896, 0.0166457686573267, 0.01263367384672165, 0.011014354415237904, 0.009665355086326599, 0.008756596595048904, 0.007769148796796799, 0.006883611436933279, 0.006127613130956888, 0.0055933501571416855, 0.004852805752307177, 0.004551954101771116, 0.003880587639287114, 0.003578393952921033, 0.003085518255829811, 0.0027975242119282484, 0.0025035024154931307, 0.0022399842273443937, 0.00205967272631824, 0.0019020624458789825, 0.0017572492361068726, 0.001655864529311657, 0.0015650908462703228, 0.0014484248822554946, 0.0013689055340364575, 0.0012923631584271789], "val_loss": [0.11458812654018402, 0.03108753077685833, 0.047918640077114105, 0.01347731240093708, 0.008400268852710724, 0.011653187684714794, 0.010068281553685665, 0.010938290506601334, 0.008737321943044662, 0.006788101512938738, 0.006408564280718565, 0.005838348064571619, 0.0053359465673565865, 0.005326666869223118, 0.005121318623423576, 0.005144154652953148, 0.004478256218135357, 0.004452429246157408, 0.004163949750363827, 0.003980339039117098, 0.0038128753658384085, 0.0036419585812836885, 0.003545483574271202, 0.0034253413323312998, 0.003276222152635455, 0.003175916150212288, 0.002942815888673067, 0.0027923837769776583, 0.0026840325444936752, 0.00263594719581306, 0.0025182918179780245, 0.002397822914645076]}