{"loss": [2.4773154258728027, 0.16229279339313507, 0.08303597569465637, 0.04467593878507614, 0.031882792711257935, 0.04045240208506584, 0.04028306528925896, 0.03412218764424324, 0.023713290691375732, 0.02178414724767208, 0.017204398289322853, 0.02087702788412571, 0.03333234786987305, 0.02468515746295452, 0.02265765704214573, 0.02712188847362995, 0.029338914901018143, 0.0177588053047657, 0.01068752072751522, 0.01236983947455883, 0.013022160157561302, 0.007163588888943195, 0.0053406101651489735, 0.0046541728079319, 0.003573085181415081, 0.003645382821559906, 0.007472476921975613, 0.009637599810957909, 0.007883458398282528, 0.007781865540891886, 0.006071588024497032, 0.004820175468921661], "val_loss": [0.02167988196015358, 0.011212136596441269, 0.03209048882126808, 0.023238766938447952, 0.01573053188621998, 0.004371121060103178, 0.05656825006008148, 0.015337358228862286, 0.007671094033867121, 0.02481428161263466, 0.021713003516197205, 0.0035086304415017366, 0.025149406865239143, 0.02695959061384201, 0.006428287364542484, 0.004438816569745541, 0.04461301863193512, 0.01610872708261013, 0.001860717311501503, 0.0016743367305025458, 0.008501890115439892, 0.014506248757243156, 0.011604858562350273, 0.003852877067402005, 0.001283315708860755, 0.001987685915082693, 0.003639122238382697, 0.001973383128643036, 0.0016507592517882586, 0.006999416276812553, 0.011516369879245758, 0.006048631854355335]}