{"loss": [2.9479265213012695, 0.7463378310203552, 0.4955422282218933, 0.20651066303253174, 0.275646448135376, 0.29566842317581177, 0.17728997766971588, 0.1543014943599701, 0.17382127046585083, 0.1658916175365448, 0.1455925852060318, 0.1344282627105713, 0.12013920396566391, 0.116329126060009, 0.11659577488899231, 0.10374637693166733, 0.0947834923863411, 0.08449126034975052, 0.07616531848907471, 0.0689326673746109, 0.054584257304668427, 0.03392447903752327, 0.030542416498064995, 0.021481851115822792, 0.01893685758113861, 0.014839692041277885, 0.014552080072462559, 0.011805490590631962, 0.010696114040911198, 0.009068836458027363, 0.007981308735907078, 0.00680173235014081], "val_loss": [0.2817419171333313, 1.0042164325714111, 1.0075092315673828, 1.3045662641525269, 1.0646984577178955, 0.21972611546516418, 0.47531840205192566, 0.7314079999923706, 0.8423399925231934, 0.6699835658073425, 0.3384191393852234, 0.3345429301261902, 0.2996666133403778, 0.29641643166542053, 0.16898196935653687, 0.11474441736936569, 0.1075851321220398, 0.10553229600191116, 0.10480105131864548, 0.10675927251577377, 0.10231482237577438, 0.09294413775205612, 0.08812366425991058, 0.09902479499578476, 0.09245257824659348, 0.08829240500926971, 0.09325895458459854, 0.08938010782003403, 0.07832138985395432, 0.06409667432308197, 0.05858682096004486, 0.05136620253324509]}