{"loss": [0.49085113406181335, 0.08661233633756638, 0.0487692654132843, 0.029428450390696526, 0.020342158153653145, 0.013799074105918407, 0.009348779916763306, 0.009164403192698956, 0.007001107558608055, 0.006715080235153437, 0.005607170984148979, 0.0046922508627176285, 0.00436675688251853, 0.003720194799825549, 0.0035288899671286345, 0.003217225894331932, 0.0028756156098097563, 0.0026368144899606705, 0.0023589327465742826, 0.002147200284525752, 0.0019326312467455864, 0.0017722719348967075, 0.0015633372822776437, 0.0013925246894359589, 0.0012416803510859609, 0.0010959520004689693, 0.0009710923186503351, 0.0008459615055471659, 0.0007434398867189884, 0.0006565949879586697, 0.0005906981532461941, 0.0005385479307733476], "val_loss": [0.1009901687502861, 0.01768455281853676, 0.022585785016417503, 0.015630442649126053, 0.011470354162156582, 0.011343921534717083, 0.008895850740373135, 0.007982460781931877, 0.007025713101029396, 0.007351189386099577, 0.006788153201341629, 0.006563753355294466, 0.006042292341589928, 0.0052277641370892525, 0.005107728764414787, 0.004876488819718361, 0.004926836583763361, 0.0048621054738759995, 0.004668284673243761, 0.0045498572289943695, 0.004297005012631416, 0.004253361374139786, 0.0038781617768108845, 0.0036164855118840933, 0.0034198733046650887, 0.003342538606375456, 0.00315535138361156, 0.003002721117809415, 0.0027952659875154495, 0.002663643565028906, 0.0025105872191488743, 0.0023961318656802177]}