{"loss": [0.5659287571907043, 0.15406011044979095, 0.08414265513420105, 0.046250879764556885, 0.031813982874155045, 0.025863220915198326, 0.02265164814889431, 0.01951165683567524, 0.015786534175276756, 0.013882007449865341, 0.011614546179771423, 0.010790822096168995, 0.009480791166424751, 0.00858039129525423, 0.007822229526937008, 0.006875153630971909, 0.0062487474642694, 0.005387639626860619, 0.004779154434800148, 0.004222702234983444, 0.003676830558106303, 0.0032144973520189524, 0.0027988823130726814, 0.0024841714184731245, 0.0022491358686238527, 0.0020424050744622946, 0.001895906520076096, 0.0017584856832399964, 0.0016581621021032333, 0.0015634900191798806, 0.0014682213077321649, 0.001382810645736754], "val_loss": [0.1420912742614746, 0.06572338938713074, 0.018812421709299088, 0.029032735154032707, 0.017794286832213402, 0.031344231218099594, 0.0197796318680048, 0.010135169140994549, 0.00749283516779542, 0.007007405161857605, 0.007050538435578346, 0.006163446232676506, 0.005653594620525837, 0.0070717004127800465, 0.003966344054788351, 0.00316782109439373, 0.004426927771419287, 0.003011594992130995, 0.0044937520287930965, 0.002716491464525461, 0.0029427409172058105, 0.0024986881762742996, 0.002332265954464674, 0.0024744863621890545, 0.0021195560693740845, 0.0024835707154124975, 0.002113600727170706, 0.0023751333355903625, 0.002114403760060668, 0.002166134538128972, 0.0020838386844843626, 0.002060889732092619]}