{"loss": [1.343421459197998, 0.27913251519203186, 0.05697445571422577, 0.040599919855594635, 0.018043605610728264, 0.01162341795861721, 0.00913966167718172, 0.008378456346690655, 0.008888970129191875, 0.006834300234913826, 0.006820771377533674, 0.0061583626084029675, 0.00490852864459157, 0.0048052226193249226, 0.003600938245654106, 0.003332281718030572, 0.003591635962948203, 0.0031559676863253117, 0.00296728010289371, 0.0027282743249088526, 0.0024846522137522697, 0.002591814612969756, 0.0021763984113931656, 0.0021396970842033625, 0.0022925110533833504, 0.002160274423658848, 0.0018461127765476704, 0.0017600361024960876, 0.0018487311899662018, 0.0018781587714329362, 0.001639395602978766, 0.0017287208465859294], "val_loss": [0.38205045461654663, 0.15175598859786987, 0.1769825667142868, 0.12247279286384583, 0.17645686864852905, 0.17532815039157867, 0.18715867400169373, 0.16752636432647705, 0.16562214493751526, 0.2548116445541382, 0.2049030363559723, 0.20960181951522827, 0.17304390668869019, 0.11395188421010971, 0.12785087525844574, 0.10318824648857117, 0.10337971895933151, 0.1056288331747055, 0.09599131345748901, 0.09665624052286148, 0.0882725790143013, 0.09394621104001999, 0.08843856304883957, 0.08547092974185944, 0.08761753886938095, 0.08458510786294937, 0.08706958591938019, 0.08411796391010284, 0.0842977985739708, 0.08099696040153503, 0.08162682503461838, 0.08170976489782333]}