{"loss": [2.6444499492645264, 0.7919458150863647, 0.484527051448822, 0.33887791633605957, 0.19273154437541962, 0.12981073558330536, 0.09673706442117691, 0.1090996265411377, 0.2343064844608307, 0.15894490480422974, 0.11731894314289093, 0.08712870627641678, 0.061567217111587524, 0.04800119251012802, 0.03852284327149391, 0.03071409836411476, 0.025112498551607132, 0.019085220992565155, 0.01760977879166603, 0.0146892499178648, 0.013249287381768227, 0.011486724019050598, 0.009326971136033535, 0.008845902979373932, 0.00819962378591299, 0.0066929347813129425, 0.005944821052253246, 0.005198354832828045, 0.00483595160767436, 0.004337787628173828, 0.00394339207559824, 0.0038356385193765163], "val_loss": [0.17433413863182068, 0.042956333607435226, 0.07659479975700378, 0.10665945708751678, 0.059783849865198135, 0.027269979938864708, 0.0631367564201355, 0.041040655225515366, 0.10004876554012299, 0.07782716304063797, 0.08469833433628082, 0.10226458311080933, 0.006963818799704313, 0.008140787482261658, 0.03515450283885002, 0.008682583458721638, 0.010663093999028206, 0.013954253867268562, 0.009061319753527641, 0.009733546525239944, 0.015522047877311707, 0.007398007903248072, 0.0051689473912119865, 0.006938261911273003, 0.006325418595224619, 0.00607415521517396, 0.004826224409043789, 0.0055343275889754295, 0.005434918217360973, 0.00418528588488698, 0.004093618597835302, 0.004556779284030199]}