{"loss": [0.47140613198280334, 0.11465036869049072, 0.05075301602482796, 0.04129938408732414, 0.025792405009269714, 0.01814771629869938, 0.015516065992414951, 0.01260420586913824, 0.009298497810959816, 0.008496991358697414, 0.007874112576246262, 0.006114898715168238, 0.005708793643862009, 0.0050280108116567135, 0.004417953081429005, 0.0038507136050611734, 0.0036332879681140184, 0.003159942803904414, 0.002788170240819454, 0.002493753796443343, 0.0022859869059175253, 0.0020115619990974665, 0.0017991814529523253, 0.0016369069926440716, 0.0014277473092079163, 0.0013277671532705426, 0.001154955942183733, 0.0010918104089796543, 0.0009638032061047852, 0.0009167965035885572, 0.0008358466438949108, 0.0007953195017762482], "val_loss": [0.020275037735700607, 0.03720281645655632, 0.014921055175364017, 0.020806947723031044, 0.010923747904598713, 0.010282700881361961, 0.006729618646204472, 0.0139623349532485, 0.005626389291137457, 0.010973665863275528, 0.007580282632261515, 0.009616963565349579, 0.007025261875241995, 0.007876449264585972, 0.006347669754177332, 0.007584423758089542, 0.006546227261424065, 0.006772186607122421, 0.005879161413758993, 0.0061886669136583805, 0.005667704623192549, 0.005917735863476992, 0.005144516006112099, 0.005691573955118656, 0.004762985277920961, 0.005250090733170509, 0.00460038660094142, 0.00498632388189435, 0.0045285578817129135, 0.0044498140923678875, 0.004385633859783411, 0.0041128420270979404]}