{"loss": [4.880654811859131, 0.5551883578300476, 0.3383769392967224, 0.2477027177810669, 0.21580472588539124, 0.1969912201166153, 0.2627122104167938, 0.20889230072498322, 0.1481783092021942, 0.13428252935409546, 0.10755453258752823, 0.10168586671352386, 0.0765824019908905, 0.06995313614606857, 0.05374143645167351, 0.04098369553685188, 0.03792503476142883, 0.032412558794021606, 0.02795904502272606, 0.03221024200320244, 0.03607757017016411, 0.03473147749900818, 0.0343162976205349, 0.03707535192370415, 0.04517967998981476, 0.04035168141126633, 0.034565191715955734, 0.03622410073876381, 0.03462595492601395, 0.03625725954771042, 0.030458226799964905, 0.04102930426597595], "val_loss": [0.8731117248535156, 1.3475908041000366, 1.151639461517334, 0.994002640247345, 1.162964940071106, 0.6467758417129517, 1.8191109895706177, 0.6269768476486206, 1.049685001373291, 0.42164891958236694, 0.7223357558250427, 0.45067423582077026, 0.31854361295700073, 0.29798203706741333, 0.21638016402721405, 0.13052836060523987, 0.13113079965114594, 0.11453627794981003, 0.08738318085670471, 0.09853290766477585, 0.0980670154094696, 0.10617803037166595, 0.0890151634812355, 0.12370996177196503, 0.089837945997715, 0.09362413734197617, 0.12533850967884064, 0.13947997987270355, 0.15094873309135437, 0.1625174582004547, 0.21058844029903412, 0.2137090414762497]}