{"loss": [1.5280311107635498, 0.33847615122795105, 0.17725859582424164, 0.1566968858242035, 0.09424156695604324, 0.06729551404714584, 0.05095471814274788, 0.04039047658443451, 0.035147760063409805, 0.03438229486346245, 0.030871514230966568, 0.03774493932723999, 0.04853234067559242, 0.028344150632619858, 0.02531975880265236, 0.019427156075835228, 0.020777037367224693, 0.023315291851758957, 0.018908264115452766, 0.013306356966495514, 0.012064999900758266, 0.012494214810431004, 0.010888636112213135, 0.012494310736656189, 0.011862130835652351, 0.00797133706510067, 0.006496247835457325, 0.007080351002514362, 0.00667893560603261, 0.00934953335672617, 0.009498524479568005, 0.012028572149574757], "val_loss": [0.08944958448410034, 0.027236949652433395, 0.1295878291130066, 0.05138465389609337, 0.07130204886198044, 0.035294100642204285, 0.03566981106996536, 0.008578842505812645, 0.01562279462814331, 0.033867932856082916, 0.03424595296382904, 0.017296213656663895, 0.02115485817193985, 0.04164561629295349, 0.014376763254404068, 0.026615310460329056, 0.041041940450668335, 0.02423909679055214, 0.020458653569221497, 0.01677688956260681, 0.015200793743133545, 0.009912027046084404, 0.0209527388215065, 0.020692916586995125, 0.010774029418826103, 0.006361091043800116, 0.008167136460542679, 0.004737025126814842, 0.005577609408646822, 0.010003672912716866, 0.01770145073533058, 0.012176871299743652]}