{"loss": [0.5254302024841309, 0.09783118218183517, 0.054867733269929886, 0.03801916912198067, 0.026271328330039978, 0.018727967515587807, 0.01451866328716278, 0.014168833382427692, 0.010364037938416004, 0.008032740093767643, 0.008226302452385426, 0.007057569921016693, 0.005847572814673185, 0.0052640377543866634, 0.004967972636222839, 0.00416710926219821, 0.0039053719956427813, 0.0034135046880692244, 0.0032123832497745752, 0.0027821247931569815, 0.00249633751809597, 0.0022432671394199133, 0.0020401340443640947, 0.0017923410050570965, 0.001649534679017961, 0.0014342321082949638, 0.0013338749995455146, 0.0011756002204492688, 0.0010896041058003902, 0.0009858905104920268, 0.0008990434580482543, 0.000841094006318599], "val_loss": [0.15384681522846222, 0.05065920203924179, 0.14939162135124207, 0.06224019452929497, 0.09513963758945465, 0.08394428342580795, 0.131252720952034, 0.056033018976449966, 0.05989536643028259, 0.0424305722117424, 0.03652580827474594, 0.028668837621808052, 0.03629700839519501, 0.03513078764081001, 0.031907327473163605, 0.035992298275232315, 0.025266047567129135, 0.032059650868177414, 0.02588873915374279, 0.027531595900654793, 0.02590855397284031, 0.028073206543922424, 0.026587756350636482, 0.02712075039744377, 0.025106113404035568, 0.027027685195207596, 0.025750288739800453, 0.025174204260110855, 0.02571554109454155, 0.02534692920744419, 0.025904739275574684, 0.025604546070098877]}