{"loss": [0.45723602175712585, 0.12164153903722763, 0.07075672596693039, 0.03937648609280586, 0.02607186697423458, 0.019307369366288185, 0.014141947031021118, 0.01237416360527277, 0.010791772045195103, 0.008759706281125546, 0.007889495231211185, 0.007429879158735275, 0.006204608827829361, 0.005862278398126364, 0.005472780670970678, 0.005021814722567797, 0.004653353244066238, 0.004433786496520042, 0.004030013922601938, 0.0037190986331552267, 0.003556378884240985, 0.0032668772619217634, 0.002992138499394059, 0.002792817773297429, 0.0025554648600518703, 0.0023507128935307264, 0.0021501558367162943, 0.0019510090351104736, 0.0017857939237728715, 0.001632682397030294, 0.001462713466025889, 0.0013494709273800254], "val_loss": [0.10760265588760376, 0.055032212287187576, 0.059429001063108444, 0.04756917059421539, 0.04665040224790573, 0.057559408247470856, 0.03593628481030464, 0.04473963752388954, 0.03613250330090523, 0.030541060492396355, 0.03981039673089981, 0.03344135731458664, 0.027049684897065163, 0.029609866440296173, 0.027758851647377014, 0.020989740267395973, 0.021563883870840073, 0.019540535286068916, 0.017759181559085846, 0.017943013459444046, 0.015597590245306492, 0.015109195373952389, 0.015195244923233986, 0.013434921391308308, 0.01324879564344883, 0.01227656938135624, 0.01171458512544632, 0.011292179115116596, 0.010722112841904163, 0.010610670782625675, 0.00980023667216301, 0.009616978466510773]}