{"loss": [3.180121421813965, 0.5572090148925781, 0.5481060743331909, 0.4375820755958557, 0.2479541003704071, 0.19465771317481995, 0.09890466928482056, 0.06079454720020294, 0.060175493359565735, 0.0497874841094017, 0.042580313980579376, 0.02892814576625824, 0.023077361285686493, 0.019900789484381676, 0.02211296185851097, 0.020477624610066414, 0.01593439094722271, 0.014501167461276054, 0.012020946480333805, 0.01207690965384245, 0.009724312461912632, 0.010128834284842014, 0.010040981695055962, 0.008334617130458355, 0.009922271594405174, 0.007552642375230789, 0.007800828665494919, 0.0084880655631423, 0.007284952327609062, 0.007569245528429747, 0.007907829247415066, 0.007323702331632376], "val_loss": [0.30260857939720154, 0.3011609613895416, 0.7065306901931763, 0.4501771330833435, 0.037597108632326126, 0.05041738599538803, 0.012926671653985977, 0.01713532954454422, 0.03952199965715408, 0.03051724098622799, 0.020730439573526382, 0.00997248012572527, 0.015165774151682854, 0.029091013595461845, 0.0216995682567358, 0.011381322517991066, 0.010265623219311237, 0.0058084893971681595, 0.007309603504836559, 0.006138078402727842, 0.007499876897782087, 0.009328719228506088, 0.009385536424815655, 0.007137779612094164, 0.007774328347295523, 0.005862758494913578, 0.010964438319206238, 0.008074400015175343, 0.006075024604797363, 0.008847115561366081, 0.0072930376045405865, 0.006228553596884012]}