{"loss": [2.375612497329712, 0.5478312969207764, 0.3558722734451294, 0.2851608395576477, 0.18535536527633667, 0.1043882668018341, 0.053803157061338425, 0.027181116864085197, 0.016962256282567978, 0.016488447785377502, 0.017551537603139877, 0.013524170033633709, 0.01615850254893303, 0.011065913364291191, 0.010415538214147091, 0.008957798592746258, 0.008745985105633736, 0.007764177396893501, 0.005801883060485125, 0.006016424857079983, 0.010946137830615044, 0.02335217222571373, 0.02762042172253132, 0.026992199942469597, 0.023631667718291283, 0.01905778795480728, 0.019810231402516365, 0.013553216122090816, 0.01068911887705326, 0.007859006524085999, 0.00793897733092308, 0.008233058266341686], "val_loss": [0.24596761167049408, 0.06394699960947037, 0.2221337854862213, 0.03729953616857529, 0.018237385898828506, 0.025441545993089676, 0.018949812278151512, 0.007234734483063221, 0.0057298410683870316, 0.01672852598130703, 0.004547785967588425, 0.017240023240447044, 0.006679357960820198, 0.014315035194158554, 0.013069763779640198, 0.007753646466881037, 0.003568373154848814, 0.002995477057993412, 0.0034003648906946182, 0.011440829373896122, 0.005037900526076555, 0.0024895688984543085, 0.012857270427048206, 0.016923798248171806, 0.01287199929356575, 0.025177445262670517, 0.012753496877849102, 0.006707672495394945, 0.004820981062948704, 0.008060848340392113, 0.007520573679357767, 0.005124915391206741]}