{"loss": [0.4305678904056549, 0.09422654658555984, 0.05076377093791962, 0.03450673073530197, 0.025879211723804474, 0.02310854382812977, 0.018507255241274834, 0.016881735995411873, 0.013610769994556904, 0.013933002948760986, 0.011283449828624725, 0.011001710779964924, 0.00928547140210867, 0.00880388356745243, 0.007925710640847683, 0.007233461830765009, 0.006530419457703829, 0.00570769002661109, 0.005338968243449926, 0.004476925823837519, 0.004150280728936195, 0.0032955261413007975, 0.002956775715574622, 0.0024588259402662516, 0.002111218636855483, 0.001813077717088163, 0.0017390567809343338, 0.0014948343159630895, 0.0012524583144113421, 0.0012640015920624137, 0.0011852068128064275, 0.001040946808643639], "val_loss": [0.11748635768890381, 0.04553914815187454, 0.038402263075113297, 0.029215335845947266, 0.029980016872286797, 0.023904556408524513, 0.023545287549495697, 0.023392409086227417, 0.023557106032967567, 0.02338789962232113, 0.02150724083185196, 0.020853236317634583, 0.019313015043735504, 0.018331529572606087, 0.01695643924176693, 0.016236161813139915, 0.015281799249351025, 0.014192858710885048, 0.013310965150594711, 0.012395808473229408, 0.011407439596951008, 0.010137694887816906, 0.009196612983942032, 0.008417696692049503, 0.00737012131139636, 0.007044186815619469, 0.0064023518934845924, 0.005977948196232319, 0.005495552439242601, 0.00553936930373311, 0.0051457639783620834, 0.004661048296838999]}