{"loss": [2.0663576126098633, 0.2743064761161804, 0.16390454769134521, 0.09870433807373047, 0.10842913389205933, 0.05860443413257599, 0.043842464685440063, 0.02765287645161152, 0.01854904368519783, 0.016763055697083473, 0.013940299861133099, 0.01265915296971798, 0.009723035618662834, 0.0071645863354206085, 0.005810294765979052, 0.004082080442458391, 0.004183195997029543, 0.0031431689858436584, 0.0028567654080688953, 0.0025816524866968393, 0.002251205500215292, 0.0017743929056450725, 0.0016818869626149535, 0.001567584928125143, 0.001706406008452177, 0.0016649517929181457, 0.0016261179698631167, 0.0014704775530844927, 0.001521082827821374, 0.0014572660438716412, 0.0013173329643905163, 0.0017031703609973192], "val_loss": [0.3915616273880005, 0.10967633873224258, 0.03864564001560211, 0.1732402741909027, 0.029070446267724037, 0.014424053952097893, 0.021783171221613884, 0.005064971745014191, 0.0039040260016918182, 0.0025448459200561047, 0.003036597277969122, 0.0025701026897877455, 0.0025494021829217672, 0.002250541467219591, 0.002301933942362666, 0.002183306496590376, 0.001971945632249117, 0.0017503767739981413, 0.0017555105732753873, 0.0017087598098441958, 0.0018219032790511847, 0.0017970016924664378, 0.0017553952056914568, 0.0016736475517973304, 0.00163348950445652, 0.001621357281692326, 0.0016039013862609863, 0.001621123170480132, 0.0015769011806696653, 0.001590060186572373, 0.0015438857953995466, 0.0015175549779087305]}