{"loss": [0.5392138361930847, 0.15954677760601044, 0.06411714106798172, 0.03989244997501373, 0.026538437232375145, 0.02118828147649765, 0.01844572275876999, 0.013137812726199627, 0.010273023508489132, 0.009039894677698612, 0.0075996951200068, 0.007215437944978476, 0.006618047598749399, 0.005896566901355982, 0.005258254706859589, 0.005112572573125362, 0.004717980977147818, 0.004304779693484306, 0.004185755271464586, 0.003891661064699292, 0.003710900666192174, 0.003508838592097163, 0.0032990698236972094, 0.0031440926250070333, 0.0029592514038085938, 0.0027614322025328875, 0.002615612931549549, 0.0024461394641548395, 0.0022965024691075087, 0.0021555516868829727, 0.0020182766020298004, 0.0018973540281876922], "val_loss": [0.0929732620716095, 0.19314485788345337, 0.08851399272680283, 0.11156865954399109, 0.15652291476726532, 0.04472177103161812, 0.08837448805570602, 0.08184200525283813, 0.05369526520371437, 0.060669124126434326, 0.03463968634605408, 0.023497598245739937, 0.037706632167100906, 0.04326574504375458, 0.041489772498607635, 0.05045916512608528, 0.04507029056549072, 0.03820335492491722, 0.04145733639597893, 0.03971683979034424, 0.038795050233602524, 0.04229789599776268, 0.03883646801114082, 0.038914330303668976, 0.04018862172961235, 0.03826901316642761, 0.039760489016771317, 0.0379028283059597, 0.037362534552812576, 0.03717104345560074, 0.03534683957695961, 0.03533988818526268]}