{"loss": [3.5784754753112793, 0.6090407967567444, 0.34641408920288086, 0.1513431817293167, 0.09008422493934631, 0.09444288164377213, 0.07834853231906891, 0.0513838529586792, 0.049509912729263306, 0.04612128064036369, 0.08808523416519165, 0.17108336091041565, 0.08755609393119812, 0.09633269160985947, 0.06692984700202942, 0.04564505070447922, 0.057144515216350555, 0.04328472912311554, 0.03567783534526825, 0.03636514022946358, 0.03222630172967911, 0.02615419030189514, 0.02211523987352848, 0.016982046887278557, 0.013640421442687511, 0.014108836650848389, 0.014047311618924141, 0.01518840529024601, 0.019012363627552986, 0.015440672636032104, 0.011800440028309822, 0.008836153894662857], "val_loss": [2.0421392917633057, 1.8300081491470337, 0.3776375651359558, 0.2110016942024231, 0.2165530025959015, 0.198029026389122, 0.2333587259054184, 0.20882472395896912, 0.18252308666706085, 0.19216321408748627, 0.14963878691196442, 0.1347011774778366, 0.14528095722198486, 0.1361914426088333, 0.15751905739307404, 0.17737451195716858, 0.17351366579532623, 0.13733652234077454, 0.18859347701072693, 0.13357645273208618, 0.13921958208084106, 0.11491841077804565, 0.14683955907821655, 0.11150749027729034, 0.10915578901767731, 0.09513616561889648, 0.13902607560157776, 0.09341716021299362, 0.10097898542881012, 0.10622325539588928, 0.08634749799966812, 0.10116346925497055]}