{"loss": [2.0449440479278564, 0.3357468843460083, 0.29556190967559814, 0.25410106778144836, 0.20590341091156006, 0.15604759752750397, 0.12365365028381348, 0.08955454081296921, 0.06533360481262207, 0.05223286896944046, 0.05725448951125145, 0.048637520521879196, 0.044623348861932755, 0.03025445155799389, 0.021832460537552834, 0.01947602815926075, 0.015385516919195652, 0.014101407490670681, 0.011221304535865784, 0.009625812992453575, 0.008900496177375317, 0.00821671448647976, 0.007556703872978687, 0.006827760022133589, 0.0065300012938678265, 0.00591473001986742, 0.005531820468604565, 0.00535481795668602, 0.005108589306473732, 0.004880049265921116, 0.005266139283776283, 0.004781050607562065], "val_loss": [0.10114943981170654, 0.07812462002038956, 0.06896732747554779, 0.05548129603266716, 0.0909513458609581, 0.053995560854673386, 0.24535082280635834, 0.09135199338197708, 0.06499268859624863, 0.09112907201051712, 0.0433795228600502, 0.04371644929051399, 0.015578504651784897, 0.012617750093340874, 0.020205367356538773, 0.020251190289855003, 0.01713927648961544, 0.01585138775408268, 0.01241602934896946, 0.009783288463950157, 0.011265174485743046, 0.009293298237025738, 0.007689919788390398, 0.007987802848219872, 0.007487011607736349, 0.008515586145222187, 0.008006151765584946, 0.007689815945923328, 0.007266077678650618, 0.006764930672943592, 0.007012962829321623, 0.006773773115128279]}