{"loss": [0.4096238613128662, 0.12925855815410614, 0.06356299668550491, 0.04138306900858879, 0.03200005739927292, 0.026665395125746727, 0.016854675486683846, 0.016318468376994133, 0.01447352021932602, 0.011340931057929993, 0.01125083863735199, 0.00973411276936531, 0.008731568232178688, 0.008371503092348576, 0.0070168995298445225, 0.006766159553080797, 0.006034282501786947, 0.005175788886845112, 0.004754041787236929, 0.004043542314320803, 0.0036153923720121384, 0.003131542354822159, 0.0027359051164239645, 0.0024245649110525846, 0.0021470931824296713, 0.001948959194123745, 0.0017570556374266744, 0.001614018459804356, 0.0014698453014716506, 0.0013188145821914077, 0.001202537096105516, 0.0010490273125469685], "val_loss": [0.5446745157241821, 0.07928121089935303, 0.1609649360179901, 0.0431133396923542, 0.09792245179414749, 0.06942328065633774, 0.08365008234977722, 0.10637187957763672, 0.040906552225351334, 0.05934302136301994, 0.03751394525170326, 0.0391804538667202, 0.0534404031932354, 0.02919854037463665, 0.04015978425741196, 0.03705168515443802, 0.03591378405690193, 0.0470053032040596, 0.03510037064552307, 0.04013581573963165, 0.03528793528676033, 0.03613198921084404, 0.03862501680850983, 0.03540751338005066, 0.03855813667178154, 0.03471534699201584, 0.03876202180981636, 0.0355411134660244, 0.03775220364332199, 0.034142814576625824, 0.03689083084464073, 0.033800702542066574]}