{"loss": [1.8712754249572754, 0.23414722084999084, 0.11603274941444397, 0.06908772140741348, 0.042059965431690216, 0.03416573628783226, 0.03483348339796066, 0.04180281609296799, 0.02585212141275406, 0.019668208435177803, 0.016619674861431122, 0.019279994070529938, 0.020084362477064133, 0.013552173972129822, 0.013605153188109398, 0.011660740710794926, 0.0106602031737566, 0.008237037807703018, 0.007612668909132481, 0.008532769046723843, 0.006322047207504511, 0.006145016755908728, 0.005952684674412012, 0.023504862561821938, 0.02952849119901657, 0.028471074998378754, 0.025494195520877838, 0.024887828156352043, 0.028887253254652023, 0.019780311733484268, 0.016425147652626038, 0.016682108864188194], "val_loss": [1.1066172122955322, 0.5735613703727722, 0.44563204050064087, 0.22026324272155762, 0.111135333776474, 0.11847265064716339, 0.10440361499786377, 0.1614234447479248, 0.20051729679107666, 0.2073381394147873, 0.2129557728767395, 0.2058020681142807, 0.2056988626718521, 0.20282603800296783, 0.20888902246952057, 0.2076195329427719, 0.19857411086559296, 0.20167507231235504, 0.22973668575286865, 0.24073940515518188, 0.23557883501052856, 0.23774313926696777, 0.23471274971961975, 0.18458321690559387, 0.1384560465812683, 0.21885880827903748, 0.24295452237129211, 0.2901588976383209, 0.27830347418785095, 0.22502468526363373, 0.24778646230697632, 0.2840424180030823]}