{"loss": [0.534382164478302, 0.1541758030653, 0.09035613387823105, 0.05574270710349083, 0.0416439063847065, 0.03413236141204834, 0.02304324321448803, 0.022386491298675537, 0.01687823422253132, 0.01454154308885336, 0.01087299082428217, 0.007979338988661766, 0.006349366623908281, 0.00615885341539979, 0.005015183240175247, 0.004506839904934168, 0.00398842291906476, 0.0034778339322656393, 0.003101807087659836, 0.002757115289568901, 0.0025528010446578264, 0.0022920737974345684, 0.002049574628472328, 0.0018606266239657998, 0.001660829526372254, 0.0014767679385840893, 0.0013708164915442467, 0.0012514240806922317, 0.0011638200376182795, 0.0010638575768098235, 0.0010218470124527812, 0.0009528881055302918], "val_loss": [0.062283240258693695, 0.01645808294415474, 0.07974465191364288, 0.017010454088449478, 0.04015462100505829, 0.017190244048833847, 0.021839136257767677, 0.010998595505952835, 0.0065428572706878185, 0.0028182801324874163, 0.001584211946465075, 0.0038562575355172157, 0.002355064731091261, 0.003785926615819335, 0.0021198452450335026, 0.002091732807457447, 0.0013275410747155547, 0.0012998853344470263, 0.002378834178671241, 0.0016186756547540426, 0.0009753985214047134, 0.0010750562651082873, 0.0014541278360411525, 0.0009212495642714202, 0.0008060670224949718, 0.000953048758674413, 0.0009715782362036407, 0.0008315513841807842, 0.0008975751115940511, 0.0009084072080440819, 0.0007375338464044034, 0.0006628970731981099]}