{"loss": [0.4932626187801361, 0.1289488524198532, 0.0782184898853302, 0.04565350338816643, 0.035966165363788605, 0.02975776232779026, 0.015484255738556385, 0.016884980723261833, 0.01206623762845993, 0.01017676293849945, 0.009585962630808353, 0.008204924874007702, 0.006998119410127401, 0.006522486452013254, 0.005609267856925726, 0.004848017822951078, 0.004571747500449419, 0.004104985389858484, 0.003709196811541915, 0.0032930125016719103, 0.002938736230134964, 0.0026730860117822886, 0.002371119102463126, 0.0021166165824979544, 0.0018994651036337018, 0.0017201009904965758, 0.0015969439409673214, 0.0014692266704514623, 0.001410466036759317, 0.0013241549022495747, 0.0012725488049909472, 0.0012220990611240268], "val_loss": [0.018766729161143303, 0.1894918531179428, 0.05096597969532013, 0.009988061152398586, 0.014900236390531063, 0.008982653729617596, 0.010365593247115612, 0.005424883216619492, 0.008051537908613682, 0.006162719335407019, 0.007829437963664532, 0.011328690685331821, 0.0076231081038713455, 0.0075429584830999374, 0.0071898577734827995, 0.006539249327033758, 0.008375090546905994, 0.00793534517288208, 0.007666227873414755, 0.008070394396781921, 0.007149611599743366, 0.007887634448707104, 0.007425613235682249, 0.007440556306391954, 0.007233000826090574, 0.006574410479515791, 0.0067537748254835606, 0.006581018678843975, 0.006797955837100744, 0.006449748296290636, 0.0063285380601882935, 0.0061836205422878265]}