{"loss": [1.98433518409729, 0.46528807282447815, 0.3246878981590271, 0.18268978595733643, 0.13611561059951782, 0.09134967625141144, 0.05051904916763306, 0.06850934028625488, 0.04071551561355591, 0.08463988453149796, 0.04513878375291824, 0.06241849809885025, 0.05717708170413971, 0.05923270434141159, 0.035401321947574615, 0.020170992240309715, 0.021324366331100464, 0.014225483871996403, 0.013341407291591167, 0.01208505593240261, 0.010683594271540642, 0.015740439295768738, 0.033438146114349365, 0.03227626532316208, 0.03922615200281143, 0.07088558375835419, 0.05107427388429642, 0.04866562783718109, 0.047656431794166565, 0.03546314686536789, 0.03037014603614807, 0.0332707017660141], "val_loss": [1.6419247388839722, 0.8468661904335022, 0.5517768263816833, 0.07674398273229599, 0.05113276466727257, 0.0573878288269043, 0.0758395791053772, 0.14655287563800812, 0.37703296542167664, 0.21296943724155426, 0.26753050088882446, 0.17819534242153168, 0.14828276634216309, 0.0712231919169426, 0.03371943533420563, 0.05113770812749863, 0.043046094477176666, 0.04135430231690407, 0.05347710847854614, 0.05624784529209137, 0.0474076047539711, 0.05291585251688957, 0.0613439567387104, 0.06322336941957474, 0.04456740990281105, 0.05756803974509239, 0.050765931606292725, 0.06929799914360046, 0.15892565250396729, 0.06872259080410004, 0.09089374542236328, 0.13121755421161652]}