{"loss": [1.6063385009765625, 0.22023776173591614, 0.1174614280462265, 0.07864047586917877, 0.04996286332607269, 0.029244935140013695, 0.019812360405921936, 0.015817511826753616, 0.011199809610843658, 0.012428544461727142, 0.01295465137809515, 0.010964490473270416, 0.009752137586474419, 0.00912154745310545, 0.00909403245896101, 0.007193467579782009, 0.00902683474123478, 0.008414852432906628, 0.0064966678619384766, 0.006328746676445007, 0.00587865337729454, 0.004423515871167183, 0.0035226396284997463, 0.0035687340423464775, 0.004090592730790377, 0.0035365985240787268, 0.003683206159621477, 0.003142835106700659, 0.0036514790263026953, 0.0038630960043519735, 0.0033566162455826998, 0.0031292338389903307], "val_loss": [0.46217334270477295, 0.18357503414154053, 0.059168968349695206, 0.06506470590829849, 0.07380376011133194, 0.10908089578151703, 0.014433640986680984, 0.006918319035321474, 0.014325831085443497, 0.02537992224097252, 0.027928318828344345, 0.011465568095445633, 0.007215710356831551, 0.02941424772143364, 0.01788286678493023, 0.007258142810314894, 0.006922968663275242, 0.02078443020582199, 0.016923582181334496, 0.008288554847240448, 0.007628842256963253, 0.013487188145518303, 0.009328192099928856, 0.005327656865119934, 0.0040125721134245396, 0.01778262108564377, 0.008240634575486183, 0.010134013369679451, 0.0059511070139706135, 0.008051753975450993, 0.014163491316139698, 0.009865554980933666]}