{"loss": [0.4763222634792328, 0.1500130295753479, 0.06420253217220306, 0.03864337131381035, 0.02786845713853836, 0.015508304350078106, 0.012897401116788387, 0.01190043892711401, 0.008948885835707188, 0.008268067613244057, 0.007047064136713743, 0.006563537288457155, 0.0058409604243934155, 0.005234427284449339, 0.004892687778919935, 0.0044389087706804276, 0.004099029116332531, 0.003762022592127323, 0.0034499894827604294, 0.00312735210172832, 0.0027882324066013098, 0.0025767628103494644, 0.002340687206014991, 0.0020430234726518393, 0.0018077663844451308, 0.0016134222969412804, 0.0014018738875165582, 0.00120149168651551, 0.0010488898260518909, 0.0009125860524363816, 0.0008051845361478627, 0.0007111380691640079], "val_loss": [0.2647626996040344, 0.3461427688598633, 0.2855198085308075, 0.3083856701850891, 0.26468634605407715, 0.2798709571361542, 0.27119144797325134, 0.25142374634742737, 0.2551175653934479, 0.24463194608688354, 0.2701960504055023, 0.27575236558914185, 0.27771520614624023, 0.27913662791252136, 0.26893141865730286, 0.27995431423187256, 0.2778170108795166, 0.27838245034217834, 0.2748371362686157, 0.2729845345020294, 0.2770253121852875, 0.2758491039276123, 0.2776339650154114, 0.2732607424259186, 0.2754516303539276, 0.27515897154808044, 0.2767345607280731, 0.2751329839229584, 0.27659520506858826, 0.2769443988800049, 0.2790091037750244, 0.2782112658023834]}