{"loss": [0.4464339017868042, 0.2122391015291214, 0.07560405135154724, 0.048309434205293655, 0.026493603363633156, 0.02116994373500347, 0.01893203891813755, 0.013899807818233967, 0.01296966802328825, 0.01105297077447176, 0.00822735670953989, 0.008379103615880013, 0.007455319166183472, 0.006163162644952536, 0.005959521979093552, 0.0052781724371016026, 0.004687900189310312, 0.004403812810778618, 0.004001777619123459, 0.0037199892103672028, 0.003455512225627899, 0.003137239022180438, 0.002922436222434044, 0.0026734648272395134, 0.002485101344063878, 0.0022696296218782663, 0.0021006055176258087, 0.001932838000357151, 0.0017888626316562295, 0.0016625496791675687, 0.0015480424044653773, 0.0014427554560825229], "val_loss": [0.013040713965892792, 0.028583085164427757, 0.007195908110588789, 0.024496495723724365, 0.005704878829419613, 0.008749191649258137, 0.013925856910645962, 0.014419377781450748, 0.006566915661096573, 0.005792919546365738, 0.006482463795691729, 0.00478347297757864, 0.0035163480788469315, 0.0029179214034229517, 0.002867039991542697, 0.0031927500385791063, 0.003352606436237693, 0.0029602162539958954, 0.0027431370690464973, 0.00268971873447299, 0.0027146756183356047, 0.0027307283598929644, 0.002609194489195943, 0.0025550767313688993, 0.002471113344654441, 0.0024440763518214226, 0.002373939147219062, 0.002328460104763508, 0.0022831023670732975, 0.0022850886452943087, 0.0022255717776715755, 0.0021610420662909746]}