{"loss": [1.2672492265701294, 0.5526399612426758, 0.25289109349250793, 0.11942212283611298, 0.06023797765374184, 0.027623947709798813, 0.020654145628213882, 0.017572280019521713, 0.013566450215876102, 0.010465357452630997, 0.009200639091432095, 0.007853196933865547, 0.006420779507607222, 0.0061089410446584225, 0.0054055675864219666, 0.00450561149045825, 0.00405229814350605, 0.003868041094392538, 0.0035113985650241375, 0.0032495721243321896, 0.003060111775994301, 0.002971614943817258, 0.0028233141638338566, 0.0026633639354258776, 0.002536746906116605, 0.0024307463318109512, 0.0023677062708884478, 0.002371873939409852, 0.0023504053242504597, 0.0022393385879695415, 0.002161250449717045, 0.0021428789477795362], "val_loss": [0.07921421527862549, 0.3969932198524475, 0.155228853225708, 0.04938230663537979, 0.03877248615026474, 0.0297173373401165, 0.01740545779466629, 0.017579851672053337, 0.010620435699820518, 0.014905288815498352, 0.018245888873934746, 0.009621703065931797, 0.01341024786233902, 0.015969064086675644, 0.009265189059078693, 0.009735903702676296, 0.009674247354269028, 0.008545901626348495, 0.008633301593363285, 0.00913422740995884, 0.009352048859000206, 0.009661838412284851, 0.010052547790110111, 0.009638236835598946, 0.009507392533123493, 0.010372593067586422, 0.01148285623639822, 0.012069975025951862, 0.011211489327251911, 0.009938934817910194, 0.00933282170444727, 0.010021520778536797]}