{"loss": [3.21855092048645, 0.36372238397598267, 0.08685129880905151, 0.053902383893728256, 0.03980521485209465, 0.03144374117255211, 0.017768777906894684, 0.01458647008985281, 0.012972278520464897, 0.011912346817553043, 0.008680821396410465, 0.007713687140494585, 0.006116860546171665, 0.0064029693603515625, 0.004924045410007238, 0.004172422923147678, 0.00450360169634223, 0.0035089459270238876, 0.0039718979969620705, 0.004103756509721279, 0.004788659047335386, 0.0059532602317631245, 0.008314674720168114, 0.007034945767372847, 0.006402626633644104, 0.010762841440737247, 0.00891515426337719, 0.005573360249400139, 0.007178802974522114, 0.005645097699016333, 0.03835945576429367, 0.09668789803981781], "val_loss": [0.3344108760356903, 0.1734689325094223, 0.47804713249206543, 0.4990088939666748, 0.4310586750507355, 0.26699382066726685, 0.18812339007854462, 0.20708204805850983, 0.24358363449573517, 0.21139539778232574, 0.1838129311800003, 0.18648433685302734, 0.18899038434028625, 0.21622031927108765, 0.23396703600883484, 0.22650146484375, 0.22164545953273773, 0.224282905459404, 0.2218186855316162, 0.22317443788051605, 0.2239743322134018, 0.2329733520746231, 0.2280779927968979, 0.24061302840709686, 0.235820010304451, 0.22547957301139832, 0.22369138896465302, 0.2481153905391693, 0.22824469208717346, 0.21725313365459442, 0.5287124514579773, 0.6538668870925903]}