{"loss": [0.6283548474311829, 0.13491980731487274, 0.06513161212205887, 0.04591304063796997, 0.02609429322183132, 0.02641872875392437, 0.018562553450465202, 0.013936865143477917, 0.011176876723766327, 0.010867380537092686, 0.008827708661556244, 0.006848341319710016, 0.006929261609911919, 0.005915822461247444, 0.005599712487310171, 0.004796864930540323, 0.00444424943998456, 0.004222740884870291, 0.003817993914708495, 0.0035069596488028765, 0.003201764775440097, 0.002994030946865678, 0.002730635227635503, 0.002524125622585416, 0.0022826632484793663, 0.002118142554536462, 0.001909356564283371, 0.0017612577648833394, 0.001595023088157177, 0.0014554858207702637, 0.0013201269321143627, 0.0012018642155453563], "val_loss": [0.04657098650932312, 0.06534624844789505, 0.03570422902703285, 0.03875216096639633, 0.01596892811357975, 0.009333470836281776, 0.015945443883538246, 0.01928722858428955, 0.008796850219368935, 0.006863492075353861, 0.00888105109333992, 0.009840159676969051, 0.010484605096280575, 0.006414988078176975, 0.007730001583695412, 0.007677692919969559, 0.006703739520162344, 0.006192144937813282, 0.005998910870403051, 0.007075839675962925, 0.006008544936776161, 0.006100754253566265, 0.005824409890919924, 0.006303992588073015, 0.005531457252800465, 0.005562909878790379, 0.005392618011683226, 0.0051343925297260284, 0.004597348161041737, 0.004842663183808327, 0.004696645773947239, 0.004486926831305027]}