{"loss": [0.35347989201545715, 0.1355254203081131, 0.050533488392829895, 0.030024394392967224, 0.025333531200885773, 0.018860746175050735, 0.012769012711942196, 0.012535939924418926, 0.00971334520727396, 0.007849914021790028, 0.0071280659176409245, 0.006504781544208527, 0.005514984484761953, 0.00522397318854928, 0.004453889559954405, 0.004333867225795984, 0.003877018578350544, 0.003623161232098937, 0.0032993305940181017, 0.0030078794807195663, 0.0027763850521296263, 0.002541221445426345, 0.0023682827595621347, 0.002160893054679036, 0.00197202037088573, 0.0018378229578956962, 0.0016870632534846663, 0.001550179091282189, 0.0014504840364679694, 0.0013374668778851628, 0.0012376500526443124, 0.00115877203643322], "val_loss": [1.2512470483779907, 0.07559460401535034, 0.40946170687675476, 0.047056980431079865, 0.1777806580066681, 0.27135470509529114, 0.10383499413728714, 0.20959213376045227, 0.22413049638271332, 0.10010665655136108, 0.14987806975841522, 0.14898252487182617, 0.11686984449625015, 0.10006379336118698, 0.09694979339838028, 0.08149473369121552, 0.06824188679456711, 0.06924871355295181, 0.06706361472606659, 0.04987279325723648, 0.05237969011068344, 0.04858114570379257, 0.044225286692380905, 0.045805882662534714, 0.04789420962333679, 0.04344414174556732, 0.0448358878493309, 0.04370873048901558, 0.042207982391119, 0.04410174861550331, 0.04391265660524368, 0.04254499450325966]}