{"loss": [3.207430839538574, 0.15748834609985352, 0.089541494846344, 0.06732606142759323, 0.0676024928689003, 0.0628557950258255, 0.059300657361745834, 0.05201524496078491, 0.04185602068901062, 0.031224021688103676, 0.019473211839795113, 0.014735705219209194, 0.010226684622466564, 0.010745066218078136, 0.012765340507030487, 0.0108204809948802, 0.010709330439567566, 0.0067155566066503525, 0.006739392876625061, 0.005805945489555597, 0.005568228662014008, 0.005211780313402414, 0.004444409627467394, 0.004398506134748459, 0.0040531703270971775, 0.0038636073004454374, 0.0036061424762010574, 0.003530748886987567, 0.003040541894733906, 0.0029347955714911222, 0.0023837864864617586, 0.002515783766284585], "val_loss": [0.172204852104187, 0.062237225472927094, 0.10035913437604904, 0.0406792014837265, 0.038245536386966705, 0.048336710780858994, 0.06129962205886841, 0.05133853480219841, 0.03078107163310051, 0.02283262088894844, 0.022971345111727715, 0.008291414007544518, 0.004228735808283091, 0.00919389259070158, 0.012345854192972183, 0.008483238518238068, 0.006960581056773663, 0.008587217889726162, 0.006709123961627483, 0.010082452557981014, 0.006342998240143061, 0.011757692322134972, 0.005531341768801212, 0.006710832938551903, 0.003937921486794949, 0.006301899906247854, 0.005672483704984188, 0.0040139746852219105, 0.007204229012131691, 0.003905960125848651, 0.003360401839017868, 0.004312532022595406]}