{"loss": [2.705610990524292, 0.6393963098526001, 0.27701881527900696, 0.23436671495437622, 0.15159308910369873, 0.11640121042728424, 0.08635525405406952, 0.06553980708122253, 0.0519004762172699, 0.042777374386787415, 0.03918253257870674, 0.030110588297247887, 0.026887614279985428, 0.02191876247525215, 0.02131321281194687, 0.01800166629254818, 0.015241382643580437, 0.010804708115756512, 0.009983806870877743, 0.009525543078780174, 0.00955804344266653, 0.008241011761128902, 0.008011702448129654, 0.008634904399514198, 0.008794726803898811, 0.008276456035673618, 0.007692081853747368, 0.006573358550667763, 0.005525270011276007, 0.006093786563724279, 0.007148636505007744, 0.0064635504968464375], "val_loss": [1.2167185544967651, 0.23947831988334656, 0.16053245961666107, 0.07665685564279556, 0.032726310193538666, 0.028299318626523018, 0.03632797673344612, 0.050823453813791275, 0.009246380999684334, 0.011139252223074436, 0.023857494816184044, 0.02176506072282791, 0.01120557077229023, 0.05245809629559517, 0.02365243434906006, 0.011103629134595394, 0.014007862657308578, 0.007964379154145718, 0.0042952983640134335, 0.00346774747595191, 0.004854487255215645, 0.00866173766553402, 0.017017463222146034, 0.016549520194530487, 0.013568810187280178, 0.01000171061605215, 0.0052688270807266235, 0.00350593333132565, 0.005672917701303959, 0.006390823982656002, 0.005734257400035858, 0.0035349875688552856]}