{"loss": [0.3423059284687042, 0.1212543249130249, 0.04536888375878334, 0.03200942650437355, 0.021117115393280983, 0.016265874728560448, 0.010801497846841812, 0.01104488130658865, 0.00712904566898942, 0.006337159778922796, 0.005673322826623917, 0.004151190165430307, 0.004113990347832441, 0.0033936838153749704, 0.0028737534303218126, 0.00262808077968657, 0.0022600004449486732, 0.0020761967170983553, 0.0018312555039301515, 0.0016083762748166919, 0.0014496116200461984, 0.001293392269872129, 0.0011610229266807437, 0.000985718914307654, 0.0009131970000453293, 0.0007898684707470238, 0.0007128982688300312, 0.0006242202362045646, 0.0005523865111172199, 0.000505630043335259, 0.00044828691170550883, 0.0004095537879038602], "val_loss": [0.18177913129329681, 0.005841661244630814, 0.17673726379871368, 0.006117194425314665, 0.027097811922430992, 0.05269164964556694, 0.003460508771240711, 0.010547389276325703, 0.033989325165748596, 0.005031447857618332, 0.006876985542476177, 0.016270766034722328, 0.00572685431689024, 0.0027775904163718224, 0.008428521454334259, 0.006789078935980797, 0.002225983887910843, 0.004410840105265379, 0.004010796546936035, 0.0016833629924803972, 0.0027083745226264, 0.001754470751620829, 0.001183756161481142, 0.0022111008875072002, 0.001095917192287743, 0.0015030313516035676, 0.0013418240705505013, 0.0011951550841331482, 0.0014138204278424382, 0.0010957609629258513, 0.0014263438060879707, 0.000992360757663846]}