{"loss": [0.5379332304000854, 0.10930406302213669, 0.05047063156962395, 0.03083592839539051, 0.025880182161927223, 0.01942594163119793, 0.01446639746427536, 0.013819314539432526, 0.008787121623754501, 0.009361027739942074, 0.006634147372096777, 0.005586331710219383, 0.005236707162111998, 0.004318960476666689, 0.0040954905562102795, 0.0034472960978746414, 0.0031373370438814163, 0.0028404744807630777, 0.002513744868338108, 0.0023355381563305855, 0.0020643898751586676, 0.0019334437092766166, 0.0017262237379327416, 0.0015471357619389892, 0.0014137610560283065, 0.0012843384174630046, 0.001174633507616818, 0.0010629729367792606, 0.0009695995249785483, 0.0008879017550498247, 0.0008085956797003746, 0.0007507442496716976], "val_loss": [0.10882332921028137, 0.17213881015777588, 0.04409560188651085, 0.03860006108880043, 0.08702044188976288, 0.013584863394498825, 0.02792857028543949, 0.013855168595910072, 0.017385881394147873, 0.011833819560706615, 0.00729506416246295, 0.01546373963356018, 0.0077670905739068985, 0.011588109657168388, 0.006344085559248924, 0.005947860423475504, 0.0052198669873178005, 0.005229701288044453, 0.007931704632937908, 0.00482761487364769, 0.006472234148532152, 0.005062594078481197, 0.005783670581877232, 0.0058641270734369755, 0.005556723568588495, 0.005681017879396677, 0.005138503387570381, 0.004891751334071159, 0.004979456774890423, 0.004830005578696728, 0.004955234471708536, 0.004326226189732552]}