{"loss": [3.9603328704833984, 0.6288945078849792, 0.40430936217308044, 0.4527803063392639, 0.447229266166687, 0.27162495255470276, 0.18590047955513, 0.12642911076545715, 0.10623031109571457, 0.1026243045926094, 0.10524219274520874, 0.08199780434370041, 0.06879989057779312, 0.04686308652162552, 0.04108554497361183, 0.03814910724759102, 0.03228089585900307, 0.029120884835720062, 0.029785675927996635, 0.03714530169963837, 0.04120810329914093, 0.047009699046611786, 0.04210963100194931, 0.031007029116153717, 0.02257528528571129, 0.01887156255543232, 0.01995067484676838, 0.014907201752066612, 0.013552309945225716, 0.009496578946709633, 0.010443657636642456, 0.007537507452070713], "val_loss": [1.3561501502990723, 0.9432684183120728, 1.9454443454742432, 1.8291701078414917, 1.263721227645874, 1.1456385850906372, 0.4302748441696167, 0.17980177700519562, 0.1961268037557602, 0.2016284316778183, 0.226744145154953, 0.294252872467041, 0.3364414870738983, 0.2692982852458954, 0.2219153493642807, 0.1736956089735031, 0.08777255564928055, 0.04946887120604515, 0.040359240025281906, 0.029087405651807785, 0.018377352505922318, 0.01878558285534382, 0.02546130307018757, 0.028553159907460213, 0.024568000808358192, 0.015391764231026173, 0.007220974192023277, 0.006163514219224453, 0.010236432775855064, 0.01286378875374794, 0.013545211404561996, 0.012343560345470905]}