{"loss": [2.5919299125671387, 0.5740464925765991, 0.226896733045578, 0.15923604369163513, 0.1331566721200943, 0.11027882248163223, 0.09722624719142914, 0.0988970398902893, 0.08775891363620758, 0.07956808805465698, 0.0754244327545166, 0.06710371375083923, 0.05989489704370499, 0.05245848745107651, 0.04682733863592148, 0.03515887260437012, 0.02695973962545395, 0.022992009297013283, 0.017933586612343788, 0.0185988862067461, 0.01573907397687435, 0.011446239426732063, 0.01236678846180439, 0.011183871887624264, 0.016012391075491905, 0.013085419312119484, 0.011501925066113472, 0.011534320190548897, 0.010854162275791168, 0.013357915915548801, 0.00752193434163928, 0.009911540895700455], "val_loss": [0.7114489078521729, 0.24408748745918274, 0.16447827219963074, 0.21337303519248962, 0.13255050778388977, 0.09153538942337036, 0.11607244610786438, 0.11452572047710419, 0.09911961108446121, 0.11188115924596786, 0.11057145893573761, 0.12193875014781952, 0.12275736778974533, 0.07569941878318787, 0.0903790146112442, 0.12378095835447311, 0.15557613968849182, 0.1553807407617569, 0.1107841283082962, 0.10002098232507706, 0.12821294367313385, 0.15142332017421722, 0.12611430883407593, 0.10101994127035141, 0.09709569066762924, 0.11473540216684341, 0.1368180215358734, 0.10501482337713242, 0.08385279774665833, 0.08678103238344193, 0.11781370639801025, 0.12684617936611176]}