{"loss": [0.398002028465271, 0.1572437733411789, 0.08916576951742172, 0.05486391857266426, 0.03998131677508354, 0.029263200238347054, 0.021213039755821228, 0.017880672588944435, 0.01599329523742199, 0.013394225388765335, 0.012263222597539425, 0.010942071676254272, 0.01004269439727068, 0.009435352869331837, 0.008517452515661716, 0.008032488636672497, 0.007564404513686895, 0.007039674092084169, 0.006534366402775049, 0.006171733140945435, 0.005703148897737265, 0.005322674755007029, 0.004909060895442963, 0.0045136213302612305, 0.004172767046838999, 0.003789531299844384, 0.003482217201963067, 0.0031866023782640696, 0.002915671793743968, 0.00268252263776958, 0.0024707061238586903, 0.0022975874599069357], "val_loss": [0.15410856902599335, 0.16944155097007751, 0.11957164853811264, 0.0499870739877224, 0.029920943081378937, 0.029434192925691605, 0.014307343401014805, 0.012210626155138016, 0.02279474399983883, 0.020755480974912643, 0.01728065498173237, 0.01880483515560627, 0.01965188980102539, 0.021096274256706238, 0.019393345341086388, 0.0167106781154871, 0.016691094264388084, 0.017370253801345825, 0.015482057817280293, 0.014654683880507946, 0.015682023018598557, 0.013856116682291031, 0.012608837336301804, 0.01214725710451603, 0.010950819589197636, 0.010649529285728931, 0.009624840691685677, 0.009413727559149265, 0.00875458586961031, 0.008076549507677555, 0.007847790606319904, 0.007398257032036781]}