{"loss": [1.4071069955825806, 0.136355921626091, 0.10139452666044235, 0.11574987322092056, 0.11564894020557404, 0.11214994639158249, 0.1303514540195465, 0.1274261772632599, 0.12235133349895477, 0.12489034235477448, 0.12366271018981934, 0.1285354048013687, 0.12408420443534851, 0.12223289906978607, 0.12210182100534439, 0.12168769538402557, 0.1230861246585846, 0.12152600288391113, 0.12219657003879547, 0.1276697963476181, 0.1238873302936554, 0.12210866063833237, 0.12260742485523224, 0.12199755758047104, 0.12124252319335938, 0.12136523425579071, 0.1212453693151474, 0.12105568498373032, 0.12084229290485382, 0.120871901512146, 0.12097340077161789, 0.120928555727005], "val_loss": [1.821446418762207, 0.51817387342453, 0.5400540232658386, 0.550214409828186, 0.5034363865852356, 0.6858155727386475, 0.3850310444831848, 0.5793828964233398, 0.27809855341911316, 0.8859332799911499, 0.1666967272758484, 0.41679179668426514, 0.30010923743247986, 0.21732951700687408, 0.42258191108703613, 0.18242420256137848, 0.21541278064250946, 0.19809794425964355, 0.646037220954895, 0.14594408869743347, 0.6987093687057495, 0.2652609646320343, 0.3809962868690491, 0.3643268644809723, 0.25113028287887573, 0.40776169300079346, 0.24953939020633698, 0.37597885727882385, 0.279875785112381, 0.33742305636405945, 0.28299710154533386, 0.33828261494636536]}