{"loss": [0.35724011063575745, 0.06200063228607178, 0.032585348933935165, 0.020644357427954674, 0.01587088219821453, 0.01246392261236906, 0.009837230667471886, 0.00810218509286642, 0.0071175419725477695, 0.006674660835415125, 0.006132647395133972, 0.005541440565139055, 0.0050557758659124374, 0.004620818886905909, 0.004331422969698906, 0.004017934203147888, 0.0036976102273911238, 0.0034175310283899307, 0.0031690557952970266, 0.002842487534508109, 0.002590079791843891, 0.0023505662102252245, 0.002073223004117608, 0.001789742149412632, 0.0015592160634696484, 0.001358782290481031, 0.0011556755052879453, 0.0009934776462614536, 0.0008636611164547503, 0.0008622271125204861, 0.000824583403300494, 0.000669023662339896], "val_loss": [0.8933185338973999, 0.771669328212738, 0.7086377143859863, 0.446586936712265, 0.47906628251075745, 0.4797214865684509, 0.426370769739151, 0.4562169313430786, 0.41845467686653137, 0.4528205990791321, 0.41127216815948486, 0.41014397144317627, 0.3771973252296448, 0.35746288299560547, 0.35970643162727356, 0.3634392321109772, 0.3628700375556946, 0.3526087701320648, 0.34323176741600037, 0.3357866108417511, 0.33868321776390076, 0.3464375138282776, 0.349590003490448, 0.3488045632839203, 0.35308125615119934, 0.3524813652038574, 0.3467879593372345, 0.3477950394153595, 0.3482798635959625, 0.35949259996414185, 0.3731008768081665, 0.3749529719352722]}