{"loss": [0.42579105496406555, 0.1512281894683838, 0.06045573577284813, 0.05413868650794029, 0.04173076152801514, 0.03595152869820595, 0.019504016265273094, 0.013485019095242023, 0.01319800689816475, 0.011081037111580372, 0.008745935745537281, 0.006879669148474932, 0.006630498915910721, 0.005736575927585363, 0.005003826227039099, 0.0041715106926858425, 0.003866601502522826, 0.003413549857214093, 0.003131409175693989, 0.0026991714257746935, 0.0024466777686029673, 0.0021816228982061148, 0.0019221999682486057, 0.0017096135998144746, 0.0015656041214242578, 0.0014163769083097577, 0.0012525449274107814, 0.0011665420606732368, 0.0010913218138739467, 0.00103181682061404, 0.0009401774150319397, 0.0008702910854481161], "val_loss": [0.6817254424095154, 0.12423661351203918, 0.40820059180259705, 0.3634127974510193, 0.1550949066877365, 0.20175887644290924, 0.20344705879688263, 0.10530079901218414, 0.1400955766439438, 0.18194793164730072, 0.19152483344078064, 0.18733438849449158, 0.1779271960258484, 0.17862150073051453, 0.15918098390102386, 0.12321750074625015, 0.1298099011182785, 0.12765765190124512, 0.12024593353271484, 0.12234046310186386, 0.12579239904880524, 0.12725667655467987, 0.11743331700563431, 0.11889538168907166, 0.11627521365880966, 0.11258257180452347, 0.11390327662229538, 0.11503863334655762, 0.11311986297369003, 0.11136304587125778, 0.11201377958059311, 0.10946124792098999]}