{"loss": [1.4439401626586914, 0.16072560846805573, 0.07176689803600311, 0.05148070305585861, 0.0411679744720459, 0.025199780240654945, 0.02091023325920105, 0.023487389087677002, 0.036611951887607574, 0.02072453685104847, 0.02201877161860466, 0.02099110744893551, 0.021247267723083496, 0.021988520398736, 0.029110118746757507, 0.01825765147805214, 0.020787853747606277, 0.024333029985427856, 0.01797495409846306, 0.014608382247388363, 0.01108312327414751, 0.010939070023596287, 0.008122609928250313, 0.007222612388432026, 0.006299198605120182, 0.008219422772526741, 0.010401850566267967, 0.007379228249192238, 0.008428813889622688, 0.007106443401426077, 0.005557178985327482, 0.007307755760848522], "val_loss": [0.8333718180656433, 0.048455752432346344, 0.07796099781990051, 0.053568288683891296, 0.011143784038722515, 0.011138937436044216, 0.006122785620391369, 0.0051009817980229855, 0.014395716600120068, 0.01498223003000021, 0.01686163619160652, 0.01389347855001688, 0.012033725157380104, 0.008340644650161266, 0.007167771924287081, 0.005624381825327873, 0.005269022658467293, 0.009283273480832577, 0.027190856635570526, 0.014802951365709305, 0.007435450796037912, 0.006740147713571787, 0.016032248735427856, 0.019230935722589493, 0.011205220595002174, 0.008068501949310303, 0.009156988933682442, 0.012406433932483196, 0.013588644564151764, 0.00973117258399725, 0.008131307549774647, 0.006176461931318045]}