{"loss": [4.263855934143066, 0.23407897353172302, 0.16311445832252502, 0.09629912674427032, 0.058247074484825134, 0.046134211122989655, 0.04594247043132782, 0.03117106668651104, 0.027100631967186928, 0.024966465309262276, 0.024861779063940048, 0.02116013877093792, 0.016571858897805214, 0.014347104355692863, 0.012439296580851078, 0.010212267749011517, 0.010187390260398388, 0.009200956672430038, 0.008587796241044998, 0.00867658294737339, 0.0077608851715922356, 0.009419835172593594, 0.010844159871339798, 0.009628352709114552, 0.007586224470287561, 0.008558856323361397, 0.008803486824035645, 0.00910140573978424, 0.006585563998669386, 0.005812250077724457, 0.005822975188493729, 0.005091862753033638], "val_loss": [1.4605870246887207, 0.4918701946735382, 0.3360222578048706, 0.11230940371751785, 0.05465153977274895, 0.10110097378492355, 0.09140097349882126, 0.0819786787033081, 0.08979939669370651, 0.09248045086860657, 0.1514798104763031, 0.05549951270222664, 0.04506131634116173, 0.03891174495220184, 0.08242858946323395, 0.09192746132612228, 0.03316016122698784, 0.10004319995641708, 0.0368071049451828, 0.07538976520299911, 0.052272286266088486, 0.12131771445274353, 0.11775995045900345, 0.0904373824596405, 0.05985483154654503, 0.040040139108896255, 0.16428516805171967, 0.05358903110027313, 0.05465227738022804, 0.04157594218850136, 0.06049429997801781, 0.1258390247821808]}