{"loss": [0.45570358633995056, 0.08566700667142868, 0.05141419172286987, 0.02480906806886196, 0.020445499569177628, 0.014624434523284435, 0.013323545455932617, 0.009279015474021435, 0.009618385694921017, 0.007720764726400375, 0.007112717721611261, 0.007068714592605829, 0.0058403462171554565, 0.006012822967022657, 0.005021178629249334, 0.005041590426117182, 0.004505496006458998, 0.00412570359185338, 0.003918918315321207, 0.0034065572544932365, 0.003382377326488495, 0.0029261168092489243, 0.0028268268797546625, 0.0024222962092608213, 0.0023619055282324553, 0.0020935600623488426, 0.001883904100395739, 0.0018038504058495164, 0.0016187350265681744, 0.0015229195123538375, 0.0013355050468817353, 0.0013142387615516782], "val_loss": [0.21931394934654236, 0.07750391960144043, 0.09371280670166016, 0.04696861654520035, 0.06437583267688751, 0.04431769996881485, 0.07015421241521835, 0.03037840686738491, 0.041561201214790344, 0.037252213805913925, 0.03020412288606167, 0.04284418001770973, 0.023224281147122383, 0.03589920699596405, 0.024336041882634163, 0.02890034206211567, 0.02497286908328533, 0.023333484306931496, 0.02451263926923275, 0.020724335685372353, 0.021917026489973068, 0.018157942220568657, 0.01801818236708641, 0.015691470354795456, 0.015042010694742203, 0.01557108573615551, 0.011497210711240768, 0.014004699885845184, 0.011361833661794662, 0.01176842674612999, 0.010689028538763523, 0.009240354411303997]}