{"loss": [0.44434916973114014, 0.08751595765352249, 0.03983747959136963, 0.027744486927986145, 0.017870590090751648, 0.013650896959006786, 0.010282003320753574, 0.008922327309846878, 0.0069962237030267715, 0.005780019331723452, 0.0052695926278829575, 0.004216528031975031, 0.0038343120831996202, 0.003239270066842437, 0.0028942227363586426, 0.0026768699754029512, 0.0023483040276914835, 0.0022559696808457375, 0.0019579341169446707, 0.0019055675948038697, 0.0015758597292006016, 0.001536947675049305, 0.0013115491019561887, 0.0012278413632884622, 0.001072393381036818, 0.0009859210113063455, 0.0008707746746949852, 0.0007822012412361801, 0.0007054915186017752, 0.0006208591512404382, 0.0005777840269729495, 0.0005246633081696928], "val_loss": [0.007704589050263166, 0.017481738701462746, 0.018793795257806778, 0.011852312833070755, 0.004238569177687168, 0.0022692102938890457, 0.002900152700021863, 0.0026360461488366127, 0.002169888699427247, 0.004391667898744345, 0.002605196787044406, 0.0028495904989540577, 0.0021291596349328756, 0.0020933079067617655, 0.002126854844391346, 0.002104334533214569, 0.0018129129894077778, 0.0015008485643193126, 0.0014319161418825388, 0.0013548698043450713, 0.0012411130592226982, 0.001106345676817, 0.001059676636941731, 0.0010157609358429909, 0.0009225706453435123, 0.0008081068517640233, 0.0008053604396991432, 0.000687178282532841, 0.0006567644886672497, 0.0005696933367289603, 0.0005918951355852187, 0.000478064437629655]}