{"loss": [2.3060131072998047, 0.34874069690704346, 0.2726302742958069, 0.21120348572731018, 0.20586726069450378, 0.1611618846654892, 0.1620703637599945, 0.12734101712703705, 0.10549665987491608, 0.08765796571969986, 0.07773355394601822, 0.050441473722457886, 0.04592590034008026, 0.04099820554256439, 0.04247256740927696, 0.04123792052268982, 0.03429177403450012, 0.03402434289455414, 0.03277941793203354, 0.04087647423148155, 0.03241943195462227, 0.03122321516275406, 0.029006823897361755, 0.026533879339694977, 0.03370293602347374, 0.04494922235608101, 0.0877685397863388, 0.0867682695388794, 0.1440545916557312, 0.10783880949020386, 0.08833358436822891, 0.12523843348026276], "val_loss": [1.3565527200698853, 0.7361257672309875, 0.40273886919021606, 0.38281387090682983, 0.08784507215023041, 0.12454589456319809, 0.02995617315173149, 0.050995416939258575, 0.2632926404476166, 0.4503410756587982, 0.2190449982881546, 0.19199325144290924, 0.15274429321289062, 0.08096188306808472, 0.0930941179394722, 0.18458372354507446, 0.09786469489336014, 0.12780176103115082, 0.13422903418540955, 0.058214135468006134, 0.21488656103610992, 0.13439491391181946, 0.12015337496995926, 0.2280355840921402, 0.214808851480484, 0.20045572519302368, 0.029124446213245392, 0.06712210178375244, 0.07456815242767334, 0.15357606112957, 0.969448447227478, 0.3690778613090515]}