{"loss": [2.719038724899292, 0.4483550786972046, 0.29121118783950806, 0.15730758011341095, 0.09338962286710739, 0.05813795328140259, 0.05326731503009796, 0.04006876423954964, 0.041401248425245285, 0.04841211438179016, 0.03929506242275238, 0.041243959218263626, 0.03160855174064636, 0.025065844878554344, 0.021266773343086243, 0.015376790426671505, 0.017229050397872925, 0.015964707359671593, 0.013430826365947723, 0.0117943175137043, 0.011764831840991974, 0.009720996022224426, 0.009181184694170952, 0.008117805235087872, 0.0076256003230810165, 0.0075499690137803555, 0.007209229748696089, 0.0064010280184447765, 0.006001477595418692, 0.0058846562169492245, 0.0052285282872617245, 0.004964029416441917], "val_loss": [0.10517679899930954, 0.15067394077777863, 0.1969931572675705, 0.03267437592148781, 0.032790761440992355, 0.06946638971567154, 0.07459913194179535, 0.07733207941055298, 0.07420475780963898, 0.0897059291601181, 0.05563949793577194, 0.04803086444735527, 0.05349051207304001, 0.054798126220703125, 0.03052283450961113, 0.03300240635871887, 0.0452825203537941, 0.023639483377337456, 0.025540387257933617, 0.030097689479589462, 0.02238376997411251, 0.017665164545178413, 0.023734161630272865, 0.016019025817513466, 0.019450411200523376, 0.024177638813853264, 0.01689913123846054, 0.01766671985387802, 0.01640401780605316, 0.014482490718364716, 0.012831415049731731, 0.0128603745251894]}