{"loss": [0.5744782090187073, 0.2815576493740082, 0.11059052497148514, 0.08627743273973465, 0.05588570237159729, 0.03810998797416687, 0.02967853844165802, 0.023207874968647957, 0.02056117169559002, 0.016316045075654984, 0.014983086846768856, 0.014325916767120361, 0.013237472623586655, 0.011364019475877285, 0.011222184635698795, 0.010127625428140163, 0.00947333499789238, 0.008830249309539795, 0.008111451752483845, 0.007723857183009386, 0.007094303146004677, 0.006562042981386185, 0.006077211815863848, 0.005509565118700266, 0.005051836371421814, 0.004521431867033243, 0.004113537725061178, 0.0036441560368984938, 0.0032483283430337906, 0.002872030483558774, 0.002531873295083642, 0.002223160583525896], "val_loss": [0.6220587491989136, 0.10172908008098602, 0.08998078852891922, 0.4728458821773529, 0.16541510820388794, 0.16766580939292908, 0.2666448652744293, 0.1394864171743393, 0.12818512320518494, 0.1740778237581253, 0.17448531091213226, 0.20417064428329468, 0.22544100880622864, 0.1924898624420166, 0.17056001722812653, 0.17009477317333221, 0.17232562601566315, 0.16585035622119904, 0.16947071254253387, 0.17954592406749725, 0.16553373634815216, 0.16250325739383698, 0.16458353400230408, 0.16175678372383118, 0.16239996254444122, 0.16496801376342773, 0.16139930486679077, 0.16010147333145142, 0.15771885216236115, 0.15465115010738373, 0.15354593098163605, 0.1502884030342102]}