{"loss": [0.5636147856712341, 0.13898701965808868, 0.06563005596399307, 0.043403510004282, 0.027122028172016144, 0.01786787249147892, 0.016682008281350136, 0.013930288143455982, 0.008876857347786427, 0.00856076367199421, 0.007128497119992971, 0.005813851952552795, 0.005329462233930826, 0.0047254436649382114, 0.004135257098823786, 0.0035852317232638597, 0.0030759198125451803, 0.002776010660454631, 0.0024327225983142853, 0.002168141771107912, 0.0019174047047272325, 0.001742541790008545, 0.0015629419358447194, 0.001370367594063282, 0.0012611200800165534, 0.0011265664361417294, 0.0010263127041980624, 0.0009141446207650006, 0.0008456112700514495, 0.0007754322723485529, 0.0007163542322814465, 0.0006778857787139714], "val_loss": [0.06417503952980042, 0.08657484501600266, 0.013126164674758911, 0.007322336547076702, 0.003399508073925972, 0.005523208528757095, 0.01269326452165842, 0.002915408927947283, 0.012855304405093193, 0.0040147737599909306, 0.01118140947073698, 0.0024611754342913628, 0.00326173915527761, 0.0022396561689674854, 0.005494505167007446, 0.002516980515792966, 0.00501082232221961, 0.002012422541156411, 0.002753009321168065, 0.0018770251190289855, 0.004007301293313503, 0.0020903409458696842, 0.0030046592000871897, 0.0018741533858701587, 0.0029277673456817865, 0.0019695861265063286, 0.002363313687965274, 0.0020588706247508526, 0.0019631937611848116, 0.002236382570117712, 0.001815795199945569, 0.002092834794893861]}