{"loss": [1.4673054218292236, 1.0797815322875977, 0.34373706579208374, 0.2854458689689636, 0.1780955195426941, 0.18485623598098755, 0.10544175654649734, 0.07702985405921936, 0.06507983803749084, 0.07293033599853516, 0.07895196229219437, 0.05067361518740654, 0.03690631687641144, 0.027844741940498352, 0.020160479471087456, 0.01810348778963089, 0.012360834516584873, 0.010474346578121185, 0.007021747529506683, 0.009290521964430809, 0.007290184497833252, 0.007480776868760586, 0.005101030692458153, 0.007618878968060017, 0.006113918498158455, 0.0063459984958171844, 0.0056865038350224495, 0.005094834603369236, 0.004448775667697191, 0.0037259750533849, 0.0039960527792572975, 0.005707720760256052], "val_loss": [0.5934585332870483, 1.65315580368042, 0.03022460825741291, 0.07900398224592209, 0.8245182633399963, 0.3929020166397095, 0.08165192604064941, 0.11545249819755554, 0.10199142247438431, 0.004217528272420168, 0.06622009724378586, 0.11716529726982117, 0.02301454357802868, 0.003298687282949686, 0.053403522819280624, 0.030943769961595535, 0.011469789780676365, 0.006454299669712782, 0.003336049383506179, 0.005367363337427378, 0.006569663994014263, 0.0105239637196064, 0.011684136465191841, 0.01045275665819645, 0.00621629785746336, 0.004197477363049984, 0.0034311716444790363, 0.01533615030348301, 0.009318191558122635, 0.00861692987382412, 0.005991522688418627, 0.009309235028922558]}