{"loss": [0.7171640992164612, 0.09519364684820175, 0.05020032823085785, 0.03309464827179909, 0.019926687702536583, 0.015339131467044353, 0.01006323378533125, 0.00989838968962431, 0.0060222395695745945, 0.005094198044389486, 0.004657081328332424, 0.0036110160872340202, 0.0031348371412605047, 0.003010225249454379, 0.0025298602413386106, 0.0020895134657621384, 0.0020364022348076105, 0.0018201008206233382, 0.001628949656151235, 0.001483948901295662, 0.0013143295655027032, 0.0012437753612175584, 0.0011143292067572474, 0.0010230975458398461, 0.0009418886038474739, 0.000865743204485625, 0.0007869035471230745, 0.0007374216802418232, 0.000660823832731694, 0.0006402540602721274, 0.0005712668062187731, 0.0005472154589369893], "val_loss": [0.021581077948212624, 0.0034402802120894194, 0.006135114934295416, 0.00444276537746191, 0.00420577684417367, 0.003537195734679699, 0.0021591978147625923, 0.0014271271647885442, 0.0015649307752028108, 0.001675536623224616, 0.0018809401663020253, 0.0022396601270884275, 0.002181716961786151, 0.0021350861061364412, 0.0019286159658804536, 0.0019399146549403667, 0.0015915865078568459, 0.0014531877823174, 0.0013616374926641583, 0.0012519604060798883, 0.001215834985487163, 0.001207595458254218, 0.001187899149954319, 0.0011276828590780497, 0.0011026153806596994, 0.0010293362429365516, 0.0009728041477501392, 0.0009016986005008221, 0.0008741815690882504, 0.0008549228077754378, 0.0008485711296088994, 0.000826805189717561]}