{"loss": [2.6333913803100586, 0.4693911671638489, 0.24155497550964355, 0.22584860026836395, 0.15754997730255127, 0.12025745958089828, 0.09909886121749878, 0.07472620904445648, 0.05321507155895233, 0.044651828706264496, 0.0476241409778595, 0.034607894718647, 0.029175054281949997, 0.023566730320453644, 0.021007677540183067, 0.01739857718348503, 0.01461193896830082, 0.013946795836091042, 0.013706687837839127, 0.012027323246002197, 0.013423865661025047, 0.01368866115808487, 0.010976745747029781, 0.011748606339097023, 0.010115759447216988, 0.012473196722567081, 0.011557148769497871, 0.010373910889029503, 0.011488988995552063, 0.011796394363045692, 0.01081191934645176, 0.01228426955640316], "val_loss": [1.1055495738983154, 0.25616195797920227, 0.6987627148628235, 0.12675338983535767, 0.20693132281303406, 0.16815370321273804, 0.06960795819759369, 0.05229797959327698, 0.04101303964853287, 0.02723679505288601, 0.020057611167430878, 0.01506664790213108, 0.015208061784505844, 0.019835932180285454, 0.017214614897966385, 0.014499246142804623, 0.010340247303247452, 0.011114794760942459, 0.010894137434661388, 0.010568167082965374, 0.009434766136109829, 0.008694393560290337, 0.01076479721814394, 0.00812487117946148, 0.0077003976330161095, 0.011163941584527493, 0.010030110366642475, 0.008034407161176205, 0.009410307742655277, 0.01047153677791357, 0.008389515802264214, 0.010355401784181595]}