{"loss": [0.465297669172287, 0.16676092147827148, 0.07158135622739792, 0.03233862295746803, 0.03738655522465706, 0.021266767755150795, 0.01789325475692749, 0.01422876212745905, 0.012428764253854752, 0.011284316889941692, 0.007982514798641205, 0.008075137622654438, 0.006245192606002092, 0.005691006314009428, 0.005245296750217676, 0.004497589077800512, 0.004110971000045538, 0.003835967741906643, 0.0033960293512791395, 0.003068933030590415, 0.0028858270961791277, 0.002557945204898715, 0.002329972805455327, 0.0021462293807417154, 0.0019316840916872025, 0.001783906132914126, 0.0016507323598489165, 0.0015064436011016369, 0.0014139782870188355, 0.0013069555861875415, 0.0012334021739661694, 0.001149360672570765], "val_loss": [0.07861974835395813, 0.057735685259103775, 0.05035800114274025, 0.03326449170708656, 0.01678936742246151, 0.02108091115951538, 0.007441727444529533, 0.006792597938328981, 0.009016431868076324, 0.00764912273734808, 0.0054298704490065575, 0.004701476078480482, 0.003963318187743425, 0.004479698836803436, 0.004262805450707674, 0.003800029866397381, 0.003925336990505457, 0.0035999028477817774, 0.0032664681784808636, 0.0033967364579439163, 0.0029672293458133936, 0.0028747066389769316, 0.0028687187004834414, 0.0025317170657217503, 0.002541526686400175, 0.0024322690442204475, 0.0023315700236707926, 0.0023182674776762724, 0.0021083264146000147, 0.00209536449983716, 0.0020175769459456205, 0.002006673952564597]}