{"loss": [3.080357074737549, 0.7860933542251587, 0.5823712944984436, 0.34677737951278687, 0.2412939816713333, 0.10816139727830887, 0.11598619818687439, 0.07965604215860367, 0.047561123967170715, 0.04505472630262375, 0.03919457644224167, 0.04231586679816246, 0.028804272413253784, 0.02746237814426422, 0.024428602308034897, 0.016653716564178467, 0.013653830625116825, 0.014832399785518646, 0.012173192575573921, 0.012176481075584888, 0.011466097086668015, 0.011234576813876629, 0.011782909743487835, 0.014317666180431843, 0.01918921247124672, 0.029303841292858124, 0.019450586289167404, 0.016212429851293564, 0.011286665685474873, 0.012381627224385738, 0.009327751584351063, 0.007997284643352032], "val_loss": [0.15134313702583313, 0.5209676623344421, 0.021010451018810272, 0.03450186178088188, 0.017791343852877617, 0.012807385995984077, 0.012934023514389992, 0.01395553071051836, 0.010828956961631775, 0.00740635534748435, 0.009835773147642612, 0.005147682502865791, 0.016032151877880096, 0.006461151875555515, 0.0044653331860899925, 0.010653888806700706, 0.004760894924402237, 0.004752771463245153, 0.004218406975269318, 0.004079111851751804, 0.004264894872903824, 0.005056498572230339, 0.0038444276433438063, 0.004103990737348795, 0.004009734373539686, 0.004853588528931141, 0.0040532127022743225, 0.004335268400609493, 0.0041046529076993465, 0.004072960000485182, 0.004061725921928883, 0.0042250873520970345]}