{"loss": [0.597876250743866, 0.12599925696849823, 0.06684920936822891, 0.04770291969180107, 0.03734773397445679, 0.029411574825644493, 0.02403973788022995, 0.02113324962556362, 0.019336571916937828, 0.016814133152365685, 0.01589539833366871, 0.013838832266628742, 0.012766419909894466, 0.010898870415985584, 0.009736861102283001, 0.007959631271660328, 0.007017144933342934, 0.0060448721051216125, 0.00537767494097352, 0.0050115869380533695, 0.0061664879322052, 0.009047627449035645, 0.008015996776521206, 0.004709076602011919, 0.004664539359509945, 0.004495343659073114, 0.0035138463135808706, 0.0032561763655394316, 0.003250741632655263, 0.002706645056605339, 0.0024626145604997873, 0.0024373724590986967], "val_loss": [0.05389479547739029, 0.05565869063138962, 0.034439198672771454, 0.020908979699015617, 0.018687840551137924, 0.015457815490663052, 0.021655812859535217, 0.016070151701569557, 0.01860089972615242, 0.01711837761104107, 0.01683076284825802, 0.013532822020351887, 0.012709313072264194, 0.011334159411489964, 0.010611997917294502, 0.009082343429327011, 0.00863694492727518, 0.008128722198307514, 0.007991552352905273, 0.0077650947496294975, 0.008405907079577446, 0.007917370647192001, 0.006506229750812054, 0.006288398988544941, 0.007669392041862011, 0.006521968171000481, 0.006150463130325079, 0.006722394376993179, 0.005817342083901167, 0.005444066133350134, 0.005813724361360073, 0.005185114685446024]}