{"loss": [2.457637071609497, 0.43383610248565674, 0.15363013744354248, 0.10771669447422028, 0.06243603304028511, 0.03706175088882446, 0.03412028029561043, 0.02893366478383541, 0.040936656296253204, 0.04525221884250641, 0.03730149194598198, 0.03175993636250496, 0.03273521736264229, 0.023031922057271004, 0.01590382494032383, 0.014925648458302021, 0.015018509700894356, 0.009796659462153912, 0.012331901118159294, 0.009882129728794098, 0.009801113978028297, 0.006535899825394154, 0.00696022342890501, 0.006643423344939947, 0.0061457837000489235, 0.0061847795732319355, 0.0052629620768129826, 0.005241729784756899, 0.004074953496456146, 0.00410478888079524, 0.004034961108118296, 0.0038371423725038767], "val_loss": [0.13928712904453278, 0.28709349036216736, 0.10713261365890503, 0.15981584787368774, 0.0668310821056366, 0.012855776585638523, 0.06999218463897705, 0.07569104433059692, 0.05400741472840309, 0.02562926523387432, 0.009858698584139347, 0.024159224703907967, 0.01867823489010334, 0.04340251907706261, 0.01569601334631443, 0.011608898639678955, 0.01846371218562126, 0.029884224757552147, 0.0076544019393622875, 0.005693515762686729, 0.006763807497918606, 0.01371943112462759, 0.013113551773130894, 0.005900206975638866, 0.0037327653262764215, 0.0031289083417505026, 0.003564145416021347, 0.006825573742389679, 0.00723849143832922, 0.0058797127567231655, 0.0050494777970016, 0.003039964009076357]}