{"loss": [0.4801788032054901, 0.10603202134370804, 0.05531409755349159, 0.03109806962311268, 0.02668868936598301, 0.02289513684809208, 0.016712605953216553, 0.012831750325858593, 0.010915654711425304, 0.009907174855470657, 0.008067209273576736, 0.0073679666966199875, 0.006748216226696968, 0.006137039512395859, 0.005701438989490271, 0.005057162139564753, 0.004679132252931595, 0.004239258822053671, 0.0038912545423954725, 0.0037244067061692476, 0.0033335599582642317, 0.0031261921394616365, 0.002948400564491749, 0.00264008529484272, 0.002426695777103305, 0.0022544055245816708, 0.002079488942399621, 0.0018447190523147583, 0.0016629317542538047, 0.0015286776470020413, 0.001424508518539369, 0.0013048852561041713], "val_loss": [0.06712895631790161, 0.12045574188232422, 0.07060559839010239, 0.15895825624465942, 0.03853783383965492, 0.052947767078876495, 0.03423763066530228, 0.019061129540205002, 0.029025739058852196, 0.02198553830385208, 0.021561527624726295, 0.02804555743932724, 0.017697608098387718, 0.022162718698382378, 0.01816771924495697, 0.02062067575752735, 0.01724601909518242, 0.019331634044647217, 0.017210425809025764, 0.018497100099921227, 0.01621478982269764, 0.018090959638357162, 0.016596684232354164, 0.01764369010925293, 0.016069162636995316, 0.01643890142440796, 0.016048692166805267, 0.015608503483235836, 0.01594751887023449, 0.015499215573072433, 0.016011618077754974, 0.015876511111855507]}