{"loss": [3.8962178230285645, 0.5134292244911194, 0.21761366724967957, 0.1627107560634613, 0.17210336029529572, 0.10803753137588501, 0.07302822172641754, 0.0429980531334877, 0.048019614070653915, 0.0310511477291584, 0.04682425409555435, 0.024825740605592728, 0.03905504569411278, 0.038576532155275345, 0.027398742735385895, 0.01837085746228695, 0.013984311372041702, 0.017901292070746422, 0.01639510877430439, 0.011093903332948685, 0.011305944994091988, 0.01042710430920124, 0.008405368775129318, 0.008740139193832874, 0.008935544639825821, 0.008425906300544739, 0.007039789576083422, 0.0066570257768034935, 0.007403424009680748, 0.006742012687027454, 0.006179272662848234, 0.006752015091478825], "val_loss": [0.36859071254730225, 0.3675011992454529, 0.19626575708389282, 0.37129610776901245, 0.09267698228359222, 0.14975109696388245, 0.04418867453932762, 0.03641631454229355, 0.02444951981306076, 0.039821475744247437, 0.020407097414135933, 0.0625283271074295, 0.033304404467344284, 0.01543666236102581, 0.0092496732249856, 0.01397003699094057, 0.042694009840488434, 0.040953584015369415, 0.02136741578578949, 0.01138741709291935, 0.007770981173962355, 0.005899743176996708, 0.01461082138121128, 0.023749597370624542, 0.016489604488015175, 0.004535864572972059, 0.004406661726534367, 0.0027700953651219606, 0.0024854920338839293, 0.0027029935736209154, 0.010912598110735416, 0.019323470070958138]}