{"loss": [0.6403034925460815, 0.09677699208259583, 0.05218401551246643, 0.041968781501054764, 0.024967940524220467, 0.02021155320107937, 0.01633794791996479, 0.013547450304031372, 0.010385596193373203, 0.009528139606118202, 0.008123558945953846, 0.00750226154923439, 0.006193527486175299, 0.005860967095941305, 0.0052902549505233765, 0.00468975817784667, 0.0041140783578157425, 0.003837111173197627, 0.0033357206266373396, 0.0028482910711318254, 0.002538486383855343, 0.0022637119982391596, 0.0020584743469953537, 0.0017578699626028538, 0.0015375850489363074, 0.0014345244271680713, 0.001403308822773397, 0.001302993856370449, 0.0012058346765115857, 0.0011301265330985188, 0.0011469131568446755, 0.0011535289231687784], "val_loss": [0.04698638617992401, 0.05091622844338417, 0.02780335582792759, 0.016445621848106384, 0.008629539981484413, 0.010039407759904861, 0.011595106683671474, 0.010110387578606606, 0.009787783958017826, 0.009828053414821625, 0.007077978923916817, 0.006516458932310343, 0.006195174064487219, 0.006391606293618679, 0.0054823351092636585, 0.00540419714525342, 0.004944441840052605, 0.005060072988271713, 0.004585471004247665, 0.004432204179465771, 0.0040893470868468285, 0.003932539839297533, 0.0037788995541632175, 0.0037557478062808514, 0.0036151024978607893, 0.0035012743901461363, 0.0033078824635595083, 0.003193425014615059, 0.0030789850279688835, 0.0029613180086016655, 0.002835026243701577, 0.002712484449148178]}