{"loss": [3.4056975841522217, 0.39888709783554077, 0.28221386671066284, 0.14388948678970337, 0.0994427427649498, 0.077206552028656, 0.06352975964546204, 0.050604209303855896, 0.06666014343500137, 0.1092337965965271, 0.08810741454362869, 0.06966684013605118, 0.07612296938896179, 0.0777396708726883, 0.06334586441516876, 0.08095705509185791, 0.08224096149206161, 0.06284633278846741, 0.046184416860342026, 0.04043058305978775, 0.0466325543820858, 0.059495799243450165, 0.04644220322370529, 0.03804123401641846, 0.029354829341173172, 0.03206057474017143, 0.02186310663819313, 0.016561418771743774, 0.015667632222175598, 0.013975522480905056, 0.01551065407693386, 0.011806956492364407], "val_loss": [0.13666103780269623, 0.1442737579345703, 0.19824349880218506, 0.12994112074375153, 0.10470941662788391, 0.28856295347213745, 0.10816092044115067, 0.07186806946992874, 0.11152292042970657, 0.3180204927921295, 0.15649528801441193, 0.16840389370918274, 0.08498964458703995, 0.10276556760072708, 0.04997480660676956, 0.09260419011116028, 0.16825714707374573, 0.15131619572639465, 0.11639846861362457, 0.06955078989267349, 0.11531656235456467, 0.05410817638039589, 0.08253456652164459, 0.11301650106906891, 0.12069682031869888, 0.12312457710504532, 0.13349168002605438, 0.13007237017154694, 0.1126456931233406, 0.11412347108125687, 0.130914568901062, 0.11049292981624603]}