{"loss": [0.4955277740955353, 0.0830598846077919, 0.04471404850482941, 0.02983071841299534, 0.021470792591571808, 0.016225090250372887, 0.012272569350898266, 0.010785450227558613, 0.00945261213928461, 0.008331351913511753, 0.00657711923122406, 0.006266066338866949, 0.005547632928937674, 0.004755014553666115, 0.004404332023113966, 0.003887967439368367, 0.003712583100423217, 0.0033022610004991293, 0.003042692318558693, 0.0027629018295556307, 0.0026100880932062864, 0.0023640491999685764, 0.0021793970372527838, 0.0019571140874177217, 0.0018093469552695751, 0.0016207159496843815, 0.0014712702250108123, 0.0013252760982140899, 0.001196636469103396, 0.0010845583165064454, 0.0009715731721371412, 0.0008873544284142554], "val_loss": [0.32928019762039185, 0.06721518188714981, 0.0405423678457737, 0.047988876700401306, 0.048860255628824234, 0.0543610043823719, 0.026412157341837883, 0.01655624806880951, 0.009709794074296951, 0.012554161250591278, 0.012945149093866348, 0.021131224930286407, 0.010472427122294903, 0.014543901197612286, 0.008398118428885937, 0.010366363450884819, 0.007042520213872194, 0.007118260487914085, 0.005902513861656189, 0.006193115841597319, 0.005481943488121033, 0.005291501060128212, 0.004215888679027557, 0.004498572554439306, 0.0037296004593372345, 0.004285347182303667, 0.0036344523541629314, 0.0033983371686190367, 0.0032773520797491074, 0.002952157985419035, 0.003314659930765629, 0.0029807807877659798]}