{"loss": [3.566396951675415, 0.746885359287262, 0.2569431662559509, 0.13388974964618683, 0.10848473012447357, 0.08580879867076874, 0.0616532564163208, 0.05306723713874817, 0.04482501745223999, 0.03696529567241669, 0.025952398777008057, 0.02813647873699665, 0.02203938364982605, 0.01758629083633423, 0.014244243502616882, 0.012634112499654293, 0.011911171488463879, 0.010059615597128868, 0.00817327480763197, 0.007100675255060196, 0.006347597111016512, 0.005982891656458378, 0.005166950169950724, 0.0046146889217197895, 0.004236684646457434, 0.003779847174882889, 0.00350553379394114, 0.0032837120816111565, 0.003206233261153102, 0.003230398055166006, 0.00318643799982965, 0.0033637755550444126], "val_loss": [1.0269662141799927, 0.1380949169397354, 1.279871940612793, 2.9724578857421875, 0.7396401166915894, 0.9861464500427246, 0.8601700067520142, 1.2414969205856323, 0.9220834374427795, 0.9729905128479004, 0.7553052306175232, 0.45156335830688477, 0.9212653040885925, 0.6001492142677307, 0.7997066974639893, 0.83598792552948, 0.7296901941299438, 0.7580586671829224, 0.7424529790878296, 0.6628502011299133, 0.7814652919769287, 0.6650377511978149, 0.6657900214195251, 0.7416929602622986, 0.7138531804084778, 0.7192770838737488, 0.7534095644950867, 0.7783143520355225, 0.7304093241691589, 0.7520265579223633, 0.8996302485466003, 0.8645884990692139]}