{"loss": [2.4843719005584717, 0.2146788388490677, 0.17996345460414886, 0.10588560998439789, 0.08724968135356903, 0.04091034457087517, 0.03214683383703232, 0.027866100892424583, 0.022974884137511253, 0.016289671882987022, 0.014572407118976116, 0.013164382427930832, 0.014406142756342888, 0.016575705260038376, 0.010370096191763878, 0.016389667987823486, 0.018915580585598946, 0.0228691678494215, 0.036057837307453156, 0.04253416508436203, 0.026921747252345085, 0.03299734368920326, 0.025034094229340553, 0.029550934210419655, 0.02614518068730831, 0.019559461623430252, 0.014913537539541721, 0.012693304568529129, 0.011391418054699898, 0.008110587485134602, 0.015552508644759655, 0.020723992958664894], "val_loss": [0.35434573888778687, 0.37162989377975464, 0.33155280351638794, 0.20663754642009735, 0.08738420903682709, 0.05782388150691986, 0.028785688802599907, 0.03618772700428963, 0.03913920745253563, 0.03051462396979332, 0.0394548699259758, 0.015006596222519875, 0.016217054799199104, 0.010595896281301975, 0.013586710207164288, 0.021944355219602585, 0.0561017207801342, 0.10177554190158844, 0.06181681528687477, 0.026870740577578545, 0.11232596635818481, 0.0508989617228508, 0.07291141152381897, 0.054306332021951675, 0.02904733084142208, 0.0193476602435112, 0.02218886837363243, 0.010957062244415283, 0.007456417661160231, 0.018653729930520058, 0.014509580098092556, 0.009457096457481384]}