{"loss": [0.5779607892036438, 0.12446405738592148, 0.0635174810886383, 0.04027578607201576, 0.030991217121481895, 0.02372131682932377, 0.01945740543305874, 0.017545126378536224, 0.015583383850753307, 0.013811767101287842, 0.012752332724630833, 0.0119418203830719, 0.011072187684476376, 0.009700357913970947, 0.009221482090651989, 0.008511237800121307, 0.007664696779102087, 0.007148625794798136, 0.006258203182369471, 0.005886106286197901, 0.005093204788863659, 0.004518057685345411, 0.004020224791020155, 0.003321005729958415, 0.002891025273129344, 0.0024794244673103094, 0.0020437054336071014, 0.0017243874026462436, 0.0014990820782259107, 0.0012982129119336605, 0.001133921672590077, 0.0010161260142922401], "val_loss": [0.05980249121785164, 0.023543838411569595, 0.014432660304009914, 0.022525466978549957, 0.01027190126478672, 0.015569956973195076, 0.007080824114382267, 0.01065237820148468, 0.009344588965177536, 0.011135553941130638, 0.003915477078408003, 0.002453315770253539, 0.004476756323128939, 0.0027334396727383137, 0.005086136050522327, 0.0032857602927833796, 0.00201874109916389, 0.0031812223605811596, 0.0017755480948835611, 0.0025071764830499887, 0.0017156273825094104, 0.0014699590392410755, 0.0018618948524817824, 0.001505204476416111, 0.0020868894644081593, 0.0014998491387814283, 0.002163710305467248, 0.0019347906345501542, 0.002438419032841921, 0.0021548469085246325, 0.002600756473839283, 0.002461475320160389]}