{"loss": [0.46346285939216614, 0.07673857361078262, 0.039184749126434326, 0.022425109520554543, 0.02210867404937744, 0.018050407990813255, 0.013936486095190048, 0.012470829300582409, 0.010967024601995945, 0.009402954019606113, 0.008517969399690628, 0.00784691609442234, 0.007114396896213293, 0.006416041869670153, 0.005986121017485857, 0.005413329694420099, 0.0047915964387357235, 0.004416138399392366, 0.0038432145956903696, 0.00344616430811584, 0.003035210072994232, 0.002540470799431205, 0.0022128168493509293, 0.001865775790065527, 0.0015531129902228713, 0.001281547243706882, 0.0010969615541398525, 0.0009198253974318504, 0.0007359164883382618, 0.0006481593591161072, 0.0006060515879653394, 0.0005522298160940409], "val_loss": [0.12321450561285019, 0.020128874108195305, 0.0047664158046245575, 0.035014256834983826, 0.016020523384213448, 0.00616156542673707, 0.010636059567332268, 0.012868214398622513, 0.004435689654201269, 0.003936088178306818, 0.004197363276034594, 0.005339447408914566, 0.004578866995871067, 0.0032669873908162117, 0.004549297969788313, 0.004421432036906481, 0.0039724428206682205, 0.0032408309634774923, 0.0036923992447555065, 0.0029014525935053825, 0.002445813501253724, 0.002119199139997363, 0.002055396093055606, 0.001565853483043611, 0.002146461047232151, 0.0008586975745856762, 0.001663144095800817, 0.0008582327282056212, 0.0006030188524164259, 0.0014619133435189724, 0.0012425390304997563, 0.0006377652171067894]}