{"loss": [4.10701322555542, 0.37230801582336426, 0.20555466413497925, 0.10267184674739838, 0.07895271480083466, 0.0645335242152214, 0.06322938203811646, 0.04030168801546097, 0.039626553654670715, 0.032743923366069794, 0.03182440251111984, 0.02475527673959732, 0.03585376590490341, 0.031019363552331924, 0.02923588640987873, 0.03223978728055954, 0.029144877567887306, 0.028669126331806183, 0.0277668796479702, 0.04307916760444641, 0.04584166407585144, 0.03476279601454735, 0.03804469853639603, 0.036336153745651245, 0.03390038013458252, 0.033516138792037964, 0.029867731034755707, 0.025899944826960564, 0.022841284051537514, 0.026704058051109314, 0.042473237961530685, 0.03302520886063576], "val_loss": [0.1331070065498352, 0.12667149305343628, 0.16006611287593842, 0.13022783398628235, 0.04159068688750267, 0.05322398990392685, 0.0329643189907074, 0.020616061985492706, 0.012958304956555367, 0.014566915109753609, 0.012219851836562157, 0.01002108957618475, 0.02095576748251915, 0.026113038882613182, 0.022986743599176407, 0.01569507271051407, 0.01724308542907238, 0.009608212858438492, 0.01690947450697422, 0.025206133723258972, 0.0448819175362587, 0.03427150100469589, 0.03464971482753754, 0.035489968955516815, 0.01159592717885971, 0.025417190045118332, 0.01613510772585869, 0.021679049357771873, 0.016519512981176376, 0.021126851439476013, 0.062620609998703, 0.04329292103648186]}