{"loss": [0.6174395680427551, 0.2264978289604187, 0.10819921642541885, 0.09343206882476807, 0.05620535835623741, 0.05135158821940422, 0.03124161623418331, 0.023924365639686584, 0.016016699373722076, 0.01482964027673006, 0.010215301997959614, 0.008498416282236576, 0.00781837198883295, 0.00599316181614995, 0.005957342218607664, 0.005103871691972017, 0.00453152833506465, 0.004295832011848688, 0.0038631472270935774, 0.0035968392621725798, 0.0034210067242383957, 0.003174493322148919, 0.0029220895376056433, 0.002752271480858326, 0.002556789666414261, 0.002384923631325364, 0.0022384566254913807, 0.0020869988948106766, 0.0019449737155809999, 0.0018166961381211877, 0.0016936176689341664, 0.001577954855747521], "val_loss": [0.48235541582107544, 0.06833259016275406, 0.5319020748138428, 0.11642517894506454, 0.16509826481342316, 0.11202426254749298, 0.006005135364830494, 0.06633909791707993, 0.014087342657148838, 0.07959236204624176, 0.15656431019306183, 0.059870727360248566, 0.0323294922709465, 0.07369991391897202, 0.016588257625699043, 0.00702691962942481, 0.02497299574315548, 0.010559670627117157, 0.0076462626457214355, 0.0178892370313406, 0.008949566632509232, 0.008650395087897778, 0.01595081388950348, 0.013369445689022541, 0.013072988949716091, 0.017689988017082214, 0.01439924817532301, 0.01523978915065527, 0.01858658157289028, 0.01588602177798748, 0.01902812533080578, 0.018123485147953033]}