{"loss": [6.273707389831543, 0.5019831657409668, 0.2732589542865753, 0.20304466784000397, 0.17338918149471283, 0.18808642029762268, 0.16743016242980957, 0.15155629813671112, 0.16333481669425964, 0.15455655753612518, 0.1513218879699707, 0.14174512028694153, 0.13738501071929932, 0.13456784188747406, 0.13286705315113068, 0.13462847471237183, 0.13811011612415314, 0.13673551380634308, 0.12930287420749664, 0.13162405788898468, 0.1345181167125702, 0.13374073803424835, 0.1316310167312622, 0.13130079209804535, 0.13031527400016785, 0.12805292010307312, 0.1269626021385193, 0.12227243930101395, 0.1200329065322876, 0.12012988328933716, 0.120187908411026, 0.11953115463256836], "val_loss": [2.3799045085906982, 0.2983684241771698, 1.1569476127624512, 0.8561468124389648, 0.6118594408035278, 0.9124171733856201, 0.8460046648979187, 0.6885354518890381, 0.832238495349884, 0.7851289510726929, 0.70878666639328, 0.773852527141571, 0.7380103468894958, 0.7267927527427673, 0.766633927822113, 0.7349423766136169, 0.7375214695930481, 0.7640462517738342, 0.7341247797012329, 0.7455402612686157, 0.7678499817848206, 0.7651743292808533, 0.7485317587852478, 0.7647190690040588, 0.7569777369499207, 0.7302785515785217, 0.7355170249938965, 0.7313835024833679, 0.7164889574050903, 0.7348028421401978, 0.7218161821365356, 0.7269617915153503]}