{"loss": [1.7910844087600708, 0.5397354960441589, 0.23582406342029572, 0.18129490315914154, 0.1402500569820404, 0.11944624781608582, 0.11876298487186432, 0.07397709786891937, 0.05973464623093605, 0.036820802837610245, 0.03129470720887184, 0.025287974625825882, 0.02123641036450863, 0.02237517386674881, 0.01707100123167038, 0.018322767689824104, 0.015693424269557, 0.013683151453733444, 0.011332242749631405, 0.009926307015120983, 0.009340720251202583, 0.010308323428034782, 0.009672957472503185, 0.014515239745378494, 0.02432357892394066, 0.027966853231191635, 0.01692207157611847, 0.017360825091600418, 0.01177075132727623, 0.010623964481055737, 0.008960120379924774, 0.006915486883372068], "val_loss": [0.327661395072937, 0.29110902547836304, 0.2531544268131256, 0.23502758145332336, 0.23253481090068817, 0.1181541159749031, 0.08299732953310013, 0.06818026304244995, 0.07715268433094025, 0.09023521095514297, 0.05254935845732689, 0.04747135937213898, 0.03962630778551102, 0.04358439892530441, 0.05144092068076134, 0.04208894819021225, 0.036107003688812256, 0.030307712033391, 0.028625650331377983, 0.029780030250549316, 0.03007480874657631, 0.028911981731653214, 0.06826309859752655, 0.04057034105062485, 0.026579923927783966, 0.0160124059766531, 0.08171162009239197, 0.07512464374303818, 0.05177096650004387, 0.036319199949502945, 0.027831774204969406, 0.02820749208331108]}