{"loss": [0.5472468733787537, 0.14080865681171417, 0.065749891102314, 0.058853574097156525, 0.034600820392370224, 0.028697211295366287, 0.023050567135214806, 0.014342853799462318, 0.01407296396791935, 0.010842077434062958, 0.007757564075291157, 0.00731279281899333, 0.006215644534677267, 0.004959649406373501, 0.005135817918926477, 0.003982167225331068, 0.0034452714025974274, 0.003092828206717968, 0.002487580757588148, 0.002468789927661419, 0.002443221863359213, 0.001911394065245986, 0.0019370772643014789, 0.0017617071280255914, 0.001411579200066626, 0.0015143982600420713, 0.0013725669123232365, 0.0011233745608478785, 0.0011557426769286394, 0.0010489299893379211, 0.0009106402285397053, 0.0008613643003627658], "val_loss": [0.009868033230304718, 0.25403106212615967, 0.033130813390016556, 0.041627153754234314, 0.11838928610086441, 0.029260070994496346, 0.009059540927410126, 0.02913321554660797, 0.011934971436858177, 0.002246024552732706, 0.021953482180833817, 0.040169961750507355, 0.007811753079295158, 0.004001139663159847, 0.017378993332386017, 0.011918779462575912, 0.007240870501846075, 0.015470418147742748, 0.010236321948468685, 0.003151876153424382, 0.009311291389167309, 0.015470513142645359, 0.008557363413274288, 0.00956431683152914, 0.012710676528513432, 0.007957153022289276, 0.00984989944845438, 0.01409786194562912, 0.0087429815903306, 0.00760406581684947, 0.009497687220573425, 0.007260617800056934]}