{"loss": [2.299226999282837, 0.31780973076820374, 0.2579188942909241, 0.1661062240600586, 0.08820116519927979, 0.05491259694099426, 0.0362495481967926, 0.027258438989520073, 0.02209458127617836, 0.018920691683888435, 0.014901403337717056, 0.012953545898199081, 0.01045169960707426, 0.008994556032121181, 0.00769504439085722, 0.006983406841754913, 0.006637212820351124, 0.005363199859857559, 0.005314737558364868, 0.004624572116881609, 0.003941026516258717, 0.003934914246201515, 0.0036035021767020226, 0.003535107709467411, 0.003531885100528598, 0.0035721452441066504, 0.0036161027383059263, 0.0037204616237431765, 0.003810429945588112, 0.003485805820673704, 0.0047081937082111835, 0.0066342162899672985], "val_loss": [0.03228883445262909, 0.1627863049507141, 0.16151200234889984, 0.02579171396791935, 0.01918513886630535, 0.02808387205004692, 0.03583560883998871, 0.03248853608965874, 0.03099241852760315, 0.022288544103503227, 0.023102879524230957, 0.014492572285234928, 0.015384605154395103, 0.012635613791644573, 0.010217821225523949, 0.015721702948212624, 0.011260597966611385, 0.011823540553450584, 0.01068740151822567, 0.010725291445851326, 0.014559779316186905, 0.012686105445027351, 0.011759051121771336, 0.01252734288573265, 0.01235559768974781, 0.011252479627728462, 0.010620702989399433, 0.011511952616274357, 0.011220032349228859, 0.011726846918463707, 0.01182444579899311, 0.012109697796404362]}