{"loss": [0.40050777792930603, 0.11477143317461014, 0.035654693841934204, 0.028833657503128052, 0.013699091970920563, 0.01156594604253769, 0.0074177212081849575, 0.00781840831041336, 0.0043766614980995655, 0.0057536885142326355, 0.0035961754620075226, 0.0035104025155305862, 0.0033169668167829514, 0.002464404096826911, 0.0026177249383181334, 0.002098263008520007, 0.0021359457168728113, 0.001886210055090487, 0.0018313328037038445, 0.0016498216427862644, 0.0016334089450538158, 0.0015066073974594474, 0.0014514572685584426, 0.0013509163400158286, 0.0013146355049684644, 0.00123511569108814, 0.0011791330762207508, 0.0011240193853154778, 0.0010676198871806264, 0.0010195900686085224, 0.0009683454991318285, 0.0009226732072420418], "val_loss": [1.4474464654922485, 0.6076422929763794, 1.1432982683181763, 0.46336260437965393, 0.5847510695457458, 0.5989255309104919, 0.6291652321815491, 0.6965528130531311, 0.5779134631156921, 0.5472747087478638, 0.4625191390514374, 0.4071749448776245, 0.4923384189605713, 0.4950118064880371, 0.5247512459754944, 0.5285747647285461, 0.5016473531723022, 0.509323239326477, 0.4828851521015167, 0.4843553602695465, 0.4668145775794983, 0.46063485741615295, 0.4628048539161682, 0.4628722071647644, 0.4667584002017975, 0.4630550742149353, 0.4692055583000183, 0.4615449905395508, 0.46529075503349304, 0.4593236446380615, 0.46534204483032227, 0.4543898105621338]}