{"loss": [3.707172155380249, 0.27522748708724976, 0.19966107606887817, 0.1667778193950653, 0.16136527061462402, 0.13935112953186035, 0.12013491243124008, 0.08923572301864624, 0.069054014980793, 0.05660564452409744, 0.05168092995882034, 0.042035121470689774, 0.029555588960647583, 0.028694480657577515, 0.03955862671136856, 0.033508285880088806, 0.020365122705698013, 0.01828470453619957, 0.01404033973813057, 0.01290208287537098, 0.012508584186434746, 0.011728407815098763, 0.00962984748184681, 0.007825497537851334, 0.005572661757469177, 0.004716048017144203, 0.004116435535252094, 0.003696356900036335, 0.0031923693604767323, 0.0025746894534677267, 0.0023231646046042442, 0.002162393881008029], "val_loss": [0.285736620426178, 0.21222881972789764, 0.1808614879846573, 0.0341736301779747, 0.0619790218770504, 0.030248397961258888, 0.023005006834864616, 0.025831546634435654, 0.01840919442474842, 0.026668615639209747, 0.021167587488889694, 0.030138572677969933, 0.030610889196395874, 0.017012042924761772, 0.04087641090154648, 0.01676488108932972, 0.032312892377376556, 0.022028522565960884, 0.020107604563236237, 0.023839836940169334, 0.02035216987133026, 0.01745528168976307, 0.024816518649458885, 0.014160161837935448, 0.026556266471743584, 0.017054961994290352, 0.023772647604346275, 0.020056013017892838, 0.022478487342596054, 0.019882598891854286, 0.019067194312810898, 0.01964198425412178]}