{"loss": [0.555245578289032, 0.07449165731668472, 0.06583785265684128, 0.029233092442154884, 0.02575044333934784, 0.018025532364845276, 0.015474710613489151, 0.010348188690841198, 0.007380044553428888, 0.007227304857224226, 0.005791308358311653, 0.00586387375369668, 0.00446676230058074, 0.0043007018975913525, 0.00386035512201488, 0.0035337740555405617, 0.003200903534889221, 0.0029568886384367943, 0.0026829775888472795, 0.0024829579051584005, 0.0023393742740154266, 0.0021430589258670807, 0.0020279071759432554, 0.0018757967045530677, 0.0017183931777253747, 0.001629097037948668, 0.001488439622335136, 0.0013889794936403632, 0.001306917518377304, 0.0012074452824890614, 0.0011227363720536232, 0.0010589990997686982], "val_loss": [0.040308479219675064, 0.013425578363239765, 0.010132757015526295, 0.008367933332920074, 0.008231259882450104, 0.008420020341873169, 0.005342384334653616, 0.004408387001603842, 0.0034366243053227663, 0.003421447705477476, 0.0029170846100896597, 0.0033014342188835144, 0.0025885645300149918, 0.002404129598289728, 0.0024993019178509712, 0.002368856919929385, 0.0022748555056750774, 0.002095084637403488, 0.0017736435402184725, 0.0017032731557264924, 0.0016688049072399735, 0.0016475411830469966, 0.0015790173783898354, 0.0015764170093461871, 0.001572983805090189, 0.0015557375736534595, 0.001483077765442431, 0.0014015398919582367, 0.0013513697776943445, 0.0013311925576999784, 0.0012738016666844487, 0.0012237009359523654]}