{"loss": [0.7202474474906921, 0.10756679624319077, 0.05366044119000435, 0.03547132760286331, 0.028569020330905914, 0.018306877464056015, 0.015951137989759445, 0.011127258650958538, 0.00994668249040842, 0.008749703876674175, 0.007714154198765755, 0.006264889612793922, 0.005681052803993225, 0.005071151535958052, 0.004609121475368738, 0.003953506704419851, 0.0035777585580945015, 0.0031160078942775726, 0.0028041203040629625, 0.0023776942398399115, 0.0021281286608427763, 0.0018458942649886012, 0.0016277687391266227, 0.0014182101003825665, 0.001280668773688376, 0.0011266345391049981, 0.0010161112295463681, 0.0009259755606763065, 0.0008602294255979359, 0.0008017514483071864, 0.0007499515195377171, 0.0007098249043338001], "val_loss": [0.024998096749186516, 0.05929955095052719, 0.008663452230393887, 0.003886730642989278, 0.006464540958404541, 0.003674466861411929, 0.0023783294018357992, 0.0026855324395000935, 0.004421459045261145, 0.002828366355970502, 0.0028582261875271797, 0.0017871353775262833, 0.0017903539119288325, 0.0021165965590626, 0.0021000865381211042, 0.0016869197133928537, 0.0015216338215395808, 0.0014673146652057767, 0.0015398317482322454, 0.0013125023106113076, 0.0012491943780332804, 0.0011699976166710258, 0.0011547566391527653, 0.0010399622842669487, 0.000997543684206903, 0.0009782192064449191, 0.0009540296159684658, 0.0009326527360826731, 0.0009061103337444365, 0.0008918968960642815, 0.0008840197115205228, 0.0008643536129966378]}