{"loss": [5.854209899902344, 0.6923816800117493, 0.7367603182792664, 0.40863022208213806, 0.29410257935523987, 0.3035028874874115, 0.1637415885925293, 0.16049297153949738, 0.13112716376781464, 0.11165553331375122, 0.10158548504114151, 0.10675004869699478, 0.09666690230369568, 0.08861231803894043, 0.12329912930727005, 0.2220287322998047, 0.20365838706493378, 0.16989701986312866, 0.13607075810432434, 0.10990723222494125, 0.08673905581235886, 0.07045459002256393, 0.06317243725061417, 0.06375857442617416, 0.0617281012237072, 0.056343529373407364, 0.0490514375269413, 0.04783971235156059, 0.054173052310943604, 0.04847034811973572, 0.04228147864341736, 0.04166733846068382], "val_loss": [0.4814222753047943, 0.636260986328125, 0.46369868516921997, 0.14158077538013458, 0.5009638071060181, 0.24332772195339203, 0.20207835733890533, 0.1860484778881073, 0.26127752661705017, 0.3076384365558624, 0.31068217754364014, 0.289088636636734, 0.2066042423248291, 0.1497509926557541, 0.2925243079662323, 0.14794959127902985, 0.09780356287956238, 0.09402744472026825, 0.15147645771503448, 0.12244893610477448, 0.12430621683597565, 0.137687087059021, 0.14955730736255646, 0.16704964637756348, 0.09747553616762161, 0.06053220480680466, 0.03973250836133957, 0.03724519535899162, 0.08851361274719238, 0.08771442621946335, 0.0869653970003128, 0.06318381428718567]}