{"loss": [2.781046152114868, 0.5411598086357117, 0.3593502938747406, 0.1804913878440857, 0.11577971279621124, 0.1167922392487526, 0.0625447928905487, 0.05456962436437607, 0.04322056099772453, 0.030159074813127518, 0.0310139711946249, 0.022280210629105568, 0.019197138026356697, 0.02261536940932274, 0.01586272194981575, 0.013664411380887032, 0.013302793726325035, 0.00998865719884634, 0.00918241310864687, 0.009613032452762127, 0.008061450906097889, 0.007626890670508146, 0.008096267469227314, 0.008338479325175285, 0.0070801228284835815, 0.008446382358670235, 0.00810905359685421, 0.00939369946718216, 0.008023387752473354, 0.006515563931316137, 0.006256371736526489, 0.005838705692440271], "val_loss": [1.134204626083374, 0.9777851700782776, 0.9051170945167542, 0.8042542338371277, 0.5639542937278748, 0.24949033558368683, 0.18598052859306335, 0.135100856423378, 0.13635703921318054, 0.16312351822853088, 0.23519228398799896, 0.29869338870048523, 0.2935376465320587, 0.45252853631973267, 0.26191994547843933, 0.19296351075172424, 0.11242929100990295, 0.09529854357242584, 0.10302754491567612, 0.08944879472255707, 0.0926116555929184, 0.09494021534919739, 0.10307031124830246, 0.08277519792318344, 0.0854407548904419, 0.08279053121805191, 0.10110641270875931, 0.09224189072847366, 0.06742013990879059, 0.07472490519285202, 0.07363922148942947, 0.0904020443558693]}