{"loss": [0.4695087671279907, 0.11475428193807602, 0.0504348985850811, 0.04140573740005493, 0.03283059969544411, 0.024193719029426575, 0.01782992295920849, 0.014932788908481598, 0.01336961891502142, 0.010706833563745022, 0.009241956286132336, 0.0075531923212111, 0.006807645317167044, 0.005968878045678139, 0.005167739000171423, 0.004250425845384598, 0.004019764717668295, 0.0035392309073358774, 0.003134890226647258, 0.002852911129593849, 0.002412269124761224, 0.0022796739358454943, 0.0020236291456967592, 0.001887308550067246, 0.0017302626511082053, 0.0015873718075454235, 0.0014476040378212929, 0.0013274465454742312, 0.0011995005188509822, 0.0011003748513758183, 0.0009777271188795567, 0.0008956982637755573], "val_loss": [0.33392348885536194, 0.057854216545820236, 0.3339134752750397, 0.06818657368421555, 0.11587455123662949, 0.11524128168821335, 0.07322017103433609, 0.18555141985416412, 0.11204981803894043, 0.08828302472829819, 0.10217980295419693, 0.06915253400802612, 0.10482025146484375, 0.08348897844552994, 0.06500443816184998, 0.07207269221544266, 0.056435465812683105, 0.0719560980796814, 0.057715658098459244, 0.058200158178806305, 0.054391615092754364, 0.05425574257969856, 0.055313609540462494, 0.05190552398562431, 0.05403653159737587, 0.05361971631646156, 0.05676109343767166, 0.055720359086990356, 0.05754314735531807, 0.05740299075841904, 0.0591399222612381, 0.05774468183517456]}