{"loss": [1.3982486724853516, 0.2999518811702728, 0.099119633436203, 0.06368743628263474, 0.04956407845020294, 0.027194960042834282, 0.018464045599102974, 0.012417268007993698, 0.013865661807358265, 0.014337904751300812, 0.008710097521543503, 0.00953004416078329, 0.008016491308808327, 0.006857598200440407, 0.005585907492786646, 0.004569259472191334, 0.004518791101872921, 0.004547452088445425, 0.003763553686439991, 0.003197771031409502, 0.002504150616005063, 0.0026576737873256207, 0.002762420102953911, 0.002488067839294672, 0.0024671985302120447, 0.0024270399007946253, 0.002486208686605096, 0.0024817914236336946, 0.0025604218244552612, 0.0020171257201582193, 0.0017657141434028745, 0.001696122926659882], "val_loss": [0.7976245284080505, 0.16526775062084198, 0.12263950705528259, 0.04230436310172081, 0.041367143392562866, 0.017574137076735497, 0.00988323986530304, 0.00424087094143033, 0.004130067303776741, 0.004240014590322971, 0.004846394527703524, 0.006058218888938427, 0.004909822251647711, 0.004027096554636955, 0.005069680046290159, 0.011087567545473576, 0.005962941329926252, 0.004479316994547844, 0.005414086394011974, 0.0038717356510460377, 0.002966734115034342, 0.005565642844885588, 0.0020999768748879433, 0.008016077801585197, 0.0024139168672263622, 0.0035253982059657574, 0.001870668143965304, 0.0018983314512297511, 0.0035555807407945395, 0.0018392478814348578, 0.002804101910442114, 0.0021550620440393686]}