{"loss": [0.2251625806093216, 0.0717705562710762, 0.021670455113053322, 0.014135128818452358, 0.013170848600566387, 0.007114699576050043, 0.007348952349275351, 0.003169327974319458, 0.004406458232551813, 0.0020624231547117233, 0.0023382119834423065, 0.0016695130616426468, 0.001189082395285368, 0.0011270117247477174, 0.000806082971394062, 0.0007343816687352955, 0.0005791275762021542, 0.0005128734628669918, 0.00047189780161716044, 0.00037438925937749445, 0.0003866868501063436, 0.00032330231624655426, 0.00031583753298036754, 0.000291142932837829, 0.00027475503156892955, 0.00026324857026338577, 0.0002516899548936635, 0.0002401461242698133, 0.00022925819212105125, 0.0002227883815066889, 0.0002147503982996568, 0.00020708341617137194], "val_loss": [1.2472740411758423, 0.8136416673660278, 0.6036444902420044, 0.9960060715675354, 1.2228525876998901, 1.2645132541656494, 1.5517632961273193, 1.870513916015625, 1.8642299175262451, 1.7672091722488403, 1.8458032608032227, 1.8815019130706787, 1.723447322845459, 1.6462488174438477, 1.7544212341308594, 1.7798404693603516, 1.7018358707427979, 1.7118690013885498, 1.737484335899353, 1.6879173517227173, 1.6641860008239746, 1.641672134399414, 1.5898325443267822, 1.592310905456543, 1.5974198579788208, 1.5656521320343018, 1.565210223197937, 1.5690374374389648, 1.556029200553894, 1.5527595281600952, 1.5410375595092773, 1.5378291606903076]}