{"loss": [0.5114237666130066, 0.15634097158908844, 0.09643232822418213, 0.05358022823929787, 0.04477404057979584, 0.026689106598496437, 0.022414008155465126, 0.018548039719462395, 0.014272783882915974, 0.011914043687283993, 0.010641499422490597, 0.009077842347323895, 0.007718875538557768, 0.006750499363988638, 0.005487779621034861, 0.004603865090757608, 0.003982922527939081, 0.00341223762370646, 0.0028719138354063034, 0.0026000288780778646, 0.0023462858516722918, 0.0020877437200397253, 0.0019367514178156853, 0.0018370114266872406, 0.0017533289501443505, 0.0016639186069369316, 0.001585328602232039, 0.0015308012953028083, 0.0014435555785894394, 0.001376347616314888, 0.0013210963224992156, 0.001274623442441225], "val_loss": [0.18021424114704132, 0.01823859103024006, 0.009259522892534733, 0.04145525023341179, 0.007932369597256184, 0.007399503141641617, 0.011232913471758366, 0.002282528905197978, 0.006091573275625706, 0.002764329547062516, 0.0016956104664132, 0.003762690117582679, 0.0016036602901294827, 0.001547010149806738, 0.0023440502118319273, 0.001063724048435688, 0.0014299576869234443, 0.0014261862961575389, 0.000847548944875598, 0.00134299136698246, 0.0009278194629587233, 0.0007322646561078727, 0.0011270353570580482, 0.0006995720905251801, 0.000762309180572629, 0.0007960943621583283, 0.0006466173799708486, 0.0007742640445940197, 0.0006204468663781881, 0.0006847970653325319, 0.0006323616835288703, 0.0005960912676528096]}