{"loss": [3.3298726081848145, 0.3235863149166107, 0.23115849494934082, 0.16293931007385254, 0.16822533309459686, 0.13551980257034302, 0.16768015921115875, 0.13037177920341492, 0.1148754209280014, 0.10220374166965485, 0.09838803112506866, 0.09435701370239258, 0.0920371487736702, 0.08599445223808289, 0.0879727303981781, 0.08455353230237961, 0.08124542981386185, 0.07776480168104172, 0.07436701655387878, 0.07262808829545975, 0.07599750906229019, 0.07564959675073624, 0.07635647803544998, 0.07432059198617935, 0.07301586866378784, 0.07212454080581665, 0.06982455402612686, 0.06944938749074936, 0.06911066919565201, 0.0689527615904808, 0.06841251999139786, 0.06841213256120682], "val_loss": [3.325483798980713, 0.8377748131752014, 0.28979188203811646, 0.4439484477043152, 0.35687685012817383, 0.37316054105758667, 0.3879193067550659, 0.5704457759857178, 0.4189055263996124, 0.3605591356754303, 0.312328577041626, 0.3390774726867676, 0.36730197072029114, 0.21040114760398865, 0.2332455813884735, 0.3355981111526489, 0.2582987844944, 0.17324185371398926, 0.15013039112091064, 0.15444152057170868, 0.15515409409999847, 0.17105470597743988, 0.08357012271881104, 0.22103120386600494, 0.11850838363170624, 0.10340389609336853, 0.0709395483136177, 0.05881359800696373, 0.07074862718582153, 0.05411658436059952, 0.0590222030878067, 0.06371258944272995]}