{"loss": [0.43723392486572266, 0.09707030653953552, 0.04531028866767883, 0.03790600970387459, 0.025617798790335655, 0.02210181951522827, 0.015891149640083313, 0.014383564703166485, 0.011357667855918407, 0.010127282701432705, 0.008764798752963543, 0.007506564259529114, 0.006779700517654419, 0.0059801749885082245, 0.005137208383530378, 0.004406594671308994, 0.003836711635813117, 0.003254269016906619, 0.002878909232094884, 0.0025364968460053205, 0.002191434847190976, 0.0019204154377803206, 0.0017890859162434936, 0.0017382114892825484, 0.0014835014007985592, 0.0013531827135011554, 0.0012264392571523786, 0.0011113432701677084, 0.0009722891263663769, 0.0008725114166736603, 0.0008231359533965588, 0.0008369811694137752], "val_loss": [0.05641694739460945, 0.11120302230119705, 0.014097372069954872, 0.02753353677690029, 0.016508175060153008, 0.015806099399924278, 0.010460949502885342, 0.013079306110739708, 0.011302206665277481, 0.010290158912539482, 0.009443254210054874, 0.010294771753251553, 0.008709142915904522, 0.009060570038855076, 0.008165818639099598, 0.007569183595478535, 0.006540016736835241, 0.006639484781771898, 0.0059036253951489925, 0.005826946347951889, 0.005259151104837656, 0.005255301482975483, 0.0046023293398320675, 0.004654834978282452, 0.004132727161049843, 0.004009693395346403, 0.003732777200639248, 0.0034629025030881166, 0.0033747858833521605, 0.0030844993889331818, 0.0029941287357360125, 0.0028495765291154385]}