{"loss": [5.391613960266113, 0.8197986483573914, 0.2584838569164276, 0.22167426347732544, 0.1905326098203659, 0.14136971533298492, 0.18253523111343384, 0.17577826976776123, 0.1307598203420639, 0.10532431304454803, 0.06528816372156143, 0.053608499467372894, 0.04536554217338562, 0.035251881927251816, 0.026192449033260345, 0.02110576257109642, 0.01900489628314972, 0.016076862812042236, 0.01621893420815468, 0.014600560069084167, 0.017363956198096275, 0.011996515095233917, 0.013723510317504406, 0.012792102992534637, 0.011825702153146267, 0.011285580694675446, 0.009577339515089989, 0.008515830151736736, 0.008467297069728374, 0.007487079594284296, 0.0064981598407030106, 0.006139775738120079], "val_loss": [2.0588252544403076, 1.237109661102295, 1.284345269203186, 0.9422071576118469, 0.9982342720031738, 0.6980841755867004, 1.8400872945785522, 0.472082257270813, 0.7241246104240417, 0.4819278419017792, 0.3705228865146637, 0.5068528056144714, 0.4229743778705597, 0.31063148379325867, 0.23498016595840454, 0.1668040007352829, 0.1553838700056076, 0.1616809219121933, 0.1805964708328247, 0.2321070432662964, 0.17760556936264038, 0.21279330551624298, 0.1400327831506729, 0.1787215918302536, 0.1348995417356491, 0.14322277903556824, 0.13719581067562103, 0.16063939034938812, 0.15168851613998413, 0.1668170690536499, 0.1726778745651245, 0.17740730941295624]}