{"loss": [0.39641740918159485, 0.09042767435312271, 0.0536256767809391, 0.03637775406241417, 0.025004403665661812, 0.015959350392222404, 0.01420945581048727, 0.010768507607281208, 0.007996464148163795, 0.008634230121970177, 0.006062861066311598, 0.005662070587277412, 0.004692764487117529, 0.004006995353847742, 0.0034178821370005608, 0.0029919713269919157, 0.0027427012100815773, 0.0021573312114924192, 0.0019800004083663225, 0.001679638517089188, 0.0013755629770457745, 0.0012979096500203013, 0.0011334560113027692, 0.0009558224119246006, 0.0008913991041481495, 0.0008537228568457067, 0.0007723350427113473, 0.0007237096433527768, 0.000694858084898442, 0.0006668277201242745, 0.0006299384986050427, 0.0005933924694545567], "val_loss": [0.25114989280700684, 0.010098903439939022, 0.12441156804561615, 0.003007188905030489, 0.0038262070156633854, 0.037373874336481094, 0.0012851752107962966, 0.001473445212468505, 0.016970276832580566, 0.002890147967264056, 0.0016254563815891743, 0.010236701928079128, 0.0042062741704285145, 0.0008581658476032317, 0.0036097124684602022, 0.002102241851389408, 0.0005831688176840544, 0.0021237123291939497, 0.0016436049481853843, 0.0010028686374425888, 0.0024610606487840414, 0.0015202162321656942, 0.0010187376756221056, 0.001586180878803134, 0.0009500145679339767, 0.0011064120335504413, 0.001240657758899033, 0.0009379133698530495, 0.001260545221157372, 0.0010300931753590703, 0.001013539731502533, 0.0010491330176591873]}