{"loss": [2.115630865097046, 0.2284439206123352, 0.11263499408960342, 0.06466006487607956, 0.051230259239673615, 0.09041909873485565, 0.0993465855717659, 0.07838135957717896, 0.07481089979410172, 0.0664902999997139, 0.052570998668670654, 0.04090476781129837, 0.038132622838020325, 0.029372230172157288, 0.02447451278567314, 0.02191122993826866, 0.029961908236145973, 0.02891320362687111, 0.026967234909534454, 0.022766513749957085, 0.015950920060276985, 0.01284685917198658, 0.011034916155040264, 0.009229019284248352, 0.00805092416703701, 0.007631170563399792, 0.007083323318511248, 0.006737993098795414, 0.005818608682602644, 0.005710951052606106, 0.005129113793373108, 0.0044286176562309265], "val_loss": [0.6820180416107178, 0.40058115124702454, 0.1633068323135376, 0.16375988721847534, 0.06509644538164139, 0.2534102201461792, 0.3065240979194641, 0.4842338263988495, 0.3909203112125397, 0.3594855070114136, 0.3123912215232849, 0.29974493384361267, 0.2736911475658417, 0.2914187014102936, 0.3001754581928253, 0.2986162602901459, 0.38174089789390564, 0.3122301399707794, 0.2749623954296112, 0.2799506187438965, 0.3332250118255615, 0.3039575219154358, 0.2829820513725281, 0.28096213936805725, 0.2322794646024704, 0.21102623641490936, 0.23165756464004517, 0.22301557660102844, 0.2352731078863144, 0.2325424998998642, 0.21901115775108337, 0.21074579656124115]}