{"loss": [0.5306276082992554, 0.09576267004013062, 0.04619571194052696, 0.029400071129202843, 0.020103318616747856, 0.014550539664924145, 0.01205174345523119, 0.009866277687251568, 0.008093331940472126, 0.007455419283360243, 0.006539026740938425, 0.006075525190681219, 0.005084826610982418, 0.0045251138508319855, 0.004040258936583996, 0.0035754411946982145, 0.003225830616429448, 0.002722032368183136, 0.0024008823093026876, 0.002021295018494129, 0.0017169989878311753, 0.001447448506951332, 0.0012129718670621514, 0.0010668827453628182, 0.0009325719438493252, 0.0008573359227739275, 0.0008090959745459259, 0.0007483006338588893, 0.0007129815057851374, 0.0006678742356598377, 0.000616897305008024, 0.0005808842834085226], "val_loss": [0.268569678068161, 0.007774587720632553, 0.020787231624126434, 0.00515836151316762, 0.0035980059765279293, 0.002975382376462221, 0.0020553835202008486, 0.0012458742130547762, 0.0025197083596140146, 0.0009365016012452543, 0.005030647851526737, 0.0007661441923119128, 0.0012303134426474571, 0.0005036809016019106, 0.00038279782165773213, 0.0008147332118824124, 0.00033526605693623424, 0.0004546627460513264, 0.0004893238074146211, 0.00022990988509263843, 0.0005183044704608619, 0.0004518457571975887, 0.00029587396420538425, 0.0004477633337955922, 0.00048407845315523446, 0.00040824917959980667, 0.0003573728317860514, 0.0004177125229034573, 0.00043987136450596154, 0.00034212038735859096, 0.00032789635588414967, 0.00037705039721913636]}