{"loss": [2.1462790966033936, 0.5307325720787048, 0.3610536754131317, 0.24998971819877625, 0.23589955270290375, 0.17481811344623566, 0.15827244520187378, 0.1542762666940689, 0.10358668118715286, 0.07404092699289322, 0.06740961223840714, 0.06383612751960754, 0.059964410960674286, 0.05737742409110069, 0.05560426414012909, 0.05433611944317818, 0.05637171119451523, 0.061763714998960495, 0.07332544773817062, 0.080013208091259, 0.0681278333067894, 0.05206090211868286, 0.05577392131090164, 0.04806293174624443, 0.04664437100291252, 0.04502987489104271, 0.03954778611660004, 0.038885217159986496, 0.037238944321870804, 0.03649308532476425, 0.03729011490941048, 0.03619680926203728], "val_loss": [0.11769367754459381, 0.02821209467947483, 0.05936302989721298, 0.059204064309597015, 0.44592148065567017, 0.2185649275779724, 1.3218884468078613, 0.10567867755889893, 0.10312582552433014, 0.048635635524988174, 0.07190703600645065, 0.030917977914214134, 0.021996013820171356, 0.01774311251938343, 0.031359702348709106, 0.025535838678479195, 0.0253096055239439, 0.042557086795568466, 0.0492292083799839, 0.03325033560395241, 0.014324556104838848, 0.014143016189336777, 0.013566791079938412, 0.023238258436322212, 0.023059021681547165, 0.015241851098835468, 0.013815393671393394, 0.014846005477011204, 0.016923213377594948, 0.01940862275660038, 0.01916220225393772, 0.01720837503671646]}