{"loss": [2.350308656692505, 0.5602307915687561, 0.1288912296295166, 0.06823013722896576, 0.049925047904253006, 0.036530014127492905, 0.02975853532552719, 0.025883715599775314, 0.021319368854165077, 0.01933228224515915, 0.017173364758491516, 0.01742946170270443, 0.014724434353411198, 0.012812988832592964, 0.011456797830760479, 0.010482504963874817, 0.01149037480354309, 0.01154675055295229, 0.01172687765210867, 0.011299073696136475, 0.008801416493952274, 0.007677101064473391, 0.010929839685559273, 0.012094647623598576, 0.009251341223716736, 0.008599760942161083, 0.012133852578699589, 0.008948946371674538, 0.008670317009091377, 0.0119450893253088, 0.0074683986604213715, 0.00825501699000597], "val_loss": [0.06825542449951172, 0.015799671411514282, 0.026385195553302765, 0.0221939105540514, 0.018850145861506462, 0.015363589860498905, 0.008538327179849148, 0.011752581223845482, 0.010865157470107079, 0.009681806899607182, 0.01626223884522915, 0.00852776039391756, 0.0071702818386256695, 0.006377240177243948, 0.006797815207391977, 0.007077744230628014, 0.009686622768640518, 0.015556856989860535, 0.012640709057450294, 0.0064463866874575615, 0.005912790074944496, 0.01659850776195526, 0.019261088222265244, 0.008057828061282635, 0.0074164909310638905, 0.010778699070215225, 0.0047693876549601555, 0.01215839758515358, 0.02285999432206154, 0.005228464491665363, 0.008880671113729477, 0.008816733956336975]}