{"loss": [0.5647327303886414, 0.17121624946594238, 0.09997048228979111, 0.07069277763366699, 0.04207389056682587, 0.04230879247188568, 0.02625822089612484, 0.027775678783655167, 0.020280707627534866, 0.017726609483361244, 0.017451509833335876, 0.012404591776430607, 0.014898363500833511, 0.012042434886097908, 0.011923578567802906, 0.011519886553287506, 0.009572496637701988, 0.009994159452617168, 0.008649555966258049, 0.008784929290413857, 0.008142097853124142, 0.0075473058968782425, 0.007430612575262785, 0.006744091864675283, 0.0066230264492332935, 0.006005238741636276, 0.005850006826221943, 0.005383077543228865, 0.0051224250346422195, 0.004728659056127071, 0.004477575421333313, 0.0041948468424379826], "val_loss": [0.1261274665594101, 0.1245209202170372, 0.06458639353513718, 0.06850562989711761, 0.038623929023742676, 0.0319623127579689, 0.03804479166865349, 0.028095321729779243, 0.029021088033914566, 0.026618454605340958, 0.024677783250808716, 0.02219436503946781, 0.025978880003094673, 0.022964149713516235, 0.022449005395174026, 0.02041667141020298, 0.0173652321100235, 0.017750654369592667, 0.01712687872350216, 0.01796862855553627, 0.016432849690318108, 0.014635414816439152, 0.013393783941864967, 0.012497848831117153, 0.012083752080798149, 0.010834132321178913, 0.009899131022393703, 0.009209583513438702, 0.008433814160525799, 0.007687258068472147, 0.0063161179423332214, 0.0059883990325033665]}