{"loss": [0.5154741406440735, 0.19084125757217407, 0.0707789957523346, 0.0499085932970047, 0.05185883492231369, 0.03347403556108475, 0.021488802507519722, 0.02937227487564087, 0.01748608984053135, 0.017571432515978813, 0.01614328846335411, 0.009975142776966095, 0.01063680648803711, 0.011199770495295525, 0.008448117412626743, 0.007601788267493248, 0.007628291845321655, 0.0065101576037704945, 0.006239855196326971, 0.0057157427072525024, 0.004964239429682493, 0.004853280261158943, 0.004314374644309282, 0.004040906205773354, 0.003911992534995079, 0.003426152281463146, 0.0031529890839010477, 0.002930937334895134, 0.002660976257175207, 0.0024359228555113077, 0.002231747377663851, 0.002043241634964943], "val_loss": [0.0809343233704567, 0.13267531991004944, 0.0797819122672081, 0.03844554349780083, 0.026473190635442734, 0.048571985214948654, 0.022483129054307938, 0.09772671014070511, 0.08999449014663696, 0.14524410665035248, 0.12050213664770126, 0.10035420209169388, 0.1389969289302826, 0.11356060206890106, 0.12951737642288208, 0.10094524174928665, 0.08160921186208725, 0.06623504310846329, 0.07467541098594666, 0.0776531919836998, 0.09261951595544815, 0.09668411314487457, 0.06631752848625183, 0.0852048397064209, 0.08311916142702103, 0.08697822690010071, 0.10623367875814438, 0.0876542255282402, 0.09232401847839355, 0.09090685099363327, 0.08433423191308975, 0.09588809311389923]}