{"loss": [0.4338727295398712, 0.09857535362243652, 0.057476598769426346, 0.03285021707415581, 0.025619691237807274, 0.021892042830586433, 0.014240256510674953, 0.012786418199539185, 0.010451718233525753, 0.009580456651747227, 0.008886628784239292, 0.007251746952533722, 0.006820149719715118, 0.005910497158765793, 0.005754722282290459, 0.005209038034081459, 0.004836646374315023, 0.004482937511056662, 0.004110515117645264, 0.0037355569656938314, 0.003492688061669469, 0.0031307858880609274, 0.0028383482713252306, 0.0025926358066499233, 0.0022838006261736155, 0.0019995763432234526, 0.0018106073839589953, 0.0015660248463973403, 0.0013880153419449925, 0.0012218685587868094, 0.0011012001195922494, 0.0010017761960625648], "val_loss": [0.008695499040186405, 0.013934371992945671, 0.01249849796295166, 0.021471641957759857, 0.015001397579908371, 0.003472900250926614, 0.06937328726053238, 0.0019087949767708778, 0.00267085712403059, 0.01183255109935999, 0.005260110832750797, 0.0015908281784504652, 0.0019773216918110847, 0.004334398545324802, 0.0008774861926212907, 0.000915584503673017, 0.0027352585457265377, 0.0008213166147470474, 0.0009959711460396647, 0.0007215168443508446, 0.0012395852245390415, 0.0007235828088596463, 0.0006793102947995067, 0.0006562522612512112, 0.0006041116430424154, 0.0005533827352337539, 0.0004813524428755045, 0.00047114051994867623, 0.0004534540930762887, 0.00041981448885053396, 0.00040951190749183297, 0.0004087449633516371]}