{"loss": [0.6101584434509277, 0.12504346668720245, 0.07700276374816895, 0.06075936183333397, 0.0490330271422863, 0.03975149989128113, 0.03189622238278389, 0.0283927321434021, 0.024368569254875183, 0.020894890651106834, 0.018638458102941513, 0.01692165620625019, 0.015408165752887726, 0.013960297219455242, 0.012753100134432316, 0.011477426625788212, 0.010388067923486233, 0.009486776776611805, 0.00859627965837717, 0.007741991896182299, 0.007010503206402063, 0.006195181515067816, 0.00560026615858078, 0.0048925504088401794, 0.004364048596471548, 0.003956543747335672, 0.0034464839845895767, 0.003091784892603755, 0.0028908976819366217, 0.002623889595270157, 0.0023342364002019167, 0.0021135397255420685], "val_loss": [0.04529466852545738, 0.11870255321264267, 0.030091041699051857, 0.05815674364566803, 0.02037832885980606, 0.024153927341103554, 0.01665029674768448, 0.01649361662566662, 0.007152122911065817, 0.00848658662289381, 0.003783795516937971, 0.0052091446705162525, 0.0033769900910556316, 0.004725104197859764, 0.0026240467559546232, 0.002231078688055277, 0.0019359856378287077, 0.0017213101964443922, 0.0015434010419994593, 0.0017384187085554004, 0.0013011971022933722, 0.0013065963285043836, 0.0013270950876176357, 0.0011605146573856473, 0.0011444509727880359, 0.001293842331506312, 0.001307211583480239, 0.0011262409389019012, 0.0011550955241546035, 0.0011167408665642142, 0.001014168607071042, 0.000982525758445263]}