{"loss": [0.4972729980945587, 0.08450918644666672, 0.03890741989016533, 0.023298412561416626, 0.01913445070385933, 0.014552726410329342, 0.011007164604961872, 0.009249984286725521, 0.008390748873353004, 0.007857813499867916, 0.005901578813791275, 0.006180528551340103, 0.005277156829833984, 0.004721054341644049, 0.004577367566525936, 0.00414787232875824, 0.0038223739247769117, 0.0035387829411774874, 0.00324858701787889, 0.003051996463909745, 0.0027922969311475754, 0.0025284539442509413, 0.0023218293208628893, 0.0021346283610910177, 0.0019340277649462223, 0.0017656426643952727, 0.0016298805130645633, 0.0015348367160186172, 0.0014185784384608269, 0.0013910556444898248, 0.0012996295699849725, 0.00122978410217911], "val_loss": [0.08765396475791931, 0.04942145571112633, 0.020504342392086983, 0.04586908221244812, 0.0077926889061927795, 0.022915683686733246, 0.034962598234415054, 0.003762664506211877, 0.01720435544848442, 0.004391296301037073, 0.002690553432330489, 0.008217436261475086, 0.005780166946351528, 0.00383964367210865, 0.010389628820121288, 0.005375725217163563, 0.00394405098631978, 0.00571903632953763, 0.0031475985888391733, 0.003959269262850285, 0.005727449432015419, 0.003251059912145138, 0.005125121679157019, 0.00314085534773767, 0.0035626068711280823, 0.0038474644534289837, 0.0032216242980211973, 0.004387867636978626, 0.0031885758507996798, 0.003736887825652957, 0.0036569933872669935, 0.0033647813834249973]}