{"loss": [0.37460803985595703, 0.18679295480251312, 0.0780901163816452, 0.04436429217457771, 0.03185378015041351, 0.027956634759902954, 0.023341171443462372, 0.01804162561893463, 0.016607122495770454, 0.014841747470200062, 0.01354596484452486, 0.012707669287919998, 0.011694992892444134, 0.010756521485745907, 0.009938330389559269, 0.00909153837710619, 0.008510029874742031, 0.007866540923714638, 0.0072012715972959995, 0.006518691778182983, 0.005918334703892469, 0.0053144716657698154, 0.00470638507977128, 0.0041864365339279175, 0.0036868767347186804, 0.0032914660405367613, 0.002829073928296566, 0.0024619142059236765, 0.002117626601830125, 0.001867759390734136, 0.001677623949944973, 0.0014967097667977214], "val_loss": [0.576752781867981, 0.07892861217260361, 0.04813462123274803, 0.026588430628180504, 0.016424279659986496, 0.01297498494386673, 0.014771702699363232, 0.017238708212971687, 0.009987350553274155, 0.008341646753251553, 0.011297030374407768, 0.009236056357622147, 0.008299672044813633, 0.00811378750950098, 0.006273865699768066, 0.006575819104909897, 0.007086373399943113, 0.005102891940623522, 0.005127021577209234, 0.00597596587613225, 0.006409757770597935, 0.005730695091187954, 0.0050016604363918304, 0.0059677790850400925, 0.006016643717885017, 0.005800607614219189, 0.005015309900045395, 0.005007313098758459, 0.005011212546378374, 0.005010972730815411, 0.005044127814471722, 0.00505977775901556]}