{"loss": [0.4212540090084076, 0.17849679291248322, 0.09675348550081253, 0.04831095412373543, 0.029772793874144554, 0.022407451644539833, 0.015953658148646355, 0.012925864197313786, 0.01090919692069292, 0.00886183325201273, 0.008494208566844463, 0.006924863904714584, 0.006587442010641098, 0.005572408437728882, 0.005052994471043348, 0.004646837245672941, 0.004137373995035887, 0.003748170332983136, 0.0033699169289320707, 0.0030515165999531746, 0.002774776192381978, 0.002448407933115959, 0.0022231244947761297, 0.0020204500760883093, 0.0017788502154871821, 0.001696497667580843, 0.0014604550087824464, 0.0014584463788196445, 0.0012738227378576994, 0.001267248415388167, 0.0011755720479413867, 0.0011098418617621064], "val_loss": [0.02684102952480316, 0.016312533989548683, 0.00510789779946208, 0.010930003598332405, 0.014938373118638992, 0.021474165841937065, 0.004184290301054716, 0.006179407238960266, 0.005995915271341801, 0.002584773814305663, 0.0057057542726397514, 0.0019578298088163137, 0.0031579353380948305, 0.004008406773209572, 0.0017365154344588518, 0.002423049183562398, 0.0016443569911643863, 0.002498161979019642, 0.002267710631713271, 0.0016363583272323012, 0.0024605505168437958, 0.001410902594216168, 0.0019404254853725433, 0.0014654075494036078, 0.0018585248617455363, 0.0014403259847313166, 0.0015444967430084944, 0.0014306155499070883, 0.0014057938242331147, 0.0014714141143485904, 0.0012890223879367113, 0.0013748332858085632]}