{"loss": [0.609271764755249, 0.07023397833108902, 0.05202864482998848, 0.03213505819439888, 0.025114163756370544, 0.016685841605067253, 0.015155148692429066, 0.010656199418008327, 0.009930736385285854, 0.008216124027967453, 0.007840893231332302, 0.006732551380991936, 0.006168115884065628, 0.005151090677827597, 0.004886929411441088, 0.00429563457146287, 0.004001048859208822, 0.003636864712461829, 0.003250714624300599, 0.0029693858232349157, 0.0026153598446398973, 0.0023843536619096994, 0.0020987489260733128, 0.0018826950108632445, 0.0016807840438559651, 0.001507244654931128, 0.001341300900094211, 0.0012355716899037361, 0.001136460225097835, 0.0010462914360687137, 0.0009678353671915829, 0.0009108910453505814], "val_loss": [0.07246121764183044, 0.20319007337093353, 0.05422895401716232, 0.050192516297101974, 0.040042344480752945, 0.023633792996406555, 0.01289988961070776, 0.011544862762093544, 0.0114768510684371, 0.013156067579984665, 0.01147899404168129, 0.009388087317347527, 0.00789741799235344, 0.007706177420914173, 0.007948266342282295, 0.00747568579390645, 0.007267708424478769, 0.007303770165890455, 0.007404371164739132, 0.006349119823426008, 0.0059208027087152, 0.005895373877137899, 0.0059935045428574085, 0.005954937543720007, 0.005660592578351498, 0.0052162157371640205, 0.005104252137243748, 0.0051797665655612946, 0.005151677411049604, 0.004852519370615482, 0.004620188381522894, 0.004523423966020346]}