{"loss": [0.30740562081336975, 0.09780605882406235, 0.034328311681747437, 0.026739081367850304, 0.01937374658882618, 0.014398491941392422, 0.009875779040157795, 0.006728053092956543, 0.005958044435828924, 0.004275616258382797, 0.004397970158606768, 0.004263496492058039, 0.0025144366081804037, 0.0026305243372917175, 0.002022579312324524, 0.0018771878676488996, 0.0015962003963068128, 0.0014831493608653545, 0.0011975759407505393, 0.001206555520184338, 0.0010615630308166146, 0.0009378946851938963, 0.0008255477878265083, 0.000782363407779485, 0.0007112943567335606, 0.0006349694449454546, 0.0005883505218662322, 0.0005427329451777041, 0.0004994399496354163, 0.00045847310684621334, 0.00043156262836419046, 0.00040239468216896057], "val_loss": [1.3250187635421753, 0.5199126601219177, 0.7315635681152344, 0.5469374656677246, 0.4263811707496643, 0.6050006151199341, 0.4488770365715027, 1.001989722251892, 0.6978431344032288, 0.8943532109260559, 0.4353857934474945, 0.35701167583465576, 0.3004179000854492, 0.24140310287475586, 0.27402421832084656, 0.2683148682117462, 0.20301911234855652, 0.21119838953018188, 0.24937815964221954, 0.19799180328845978, 0.19034749269485474, 0.17790797352790833, 0.1676148623228073, 0.1728849709033966, 0.16145719587802887, 0.1667693853378296, 0.16144143044948578, 0.1612086445093155, 0.16085492074489594, 0.16121341288089752, 0.1612280011177063, 0.16138888895511627]}