{"loss": [0.3698089122772217, 0.08999112248420715, 0.039017971605062485, 0.029399478808045387, 0.017291359603405, 0.013914577662944794, 0.009485125541687012, 0.008969295769929886, 0.007337203714996576, 0.006965607404708862, 0.005776356440037489, 0.005341691430658102, 0.004609857220202684, 0.004252114798873663, 0.0037269529420882463, 0.003409508615732193, 0.003048868151381612, 0.0027100087609142065, 0.0023962005507200956, 0.002161619020625949, 0.0019063837826251984, 0.001678486936725676, 0.0014964501606300473, 0.0013584966072812676, 0.0012311553582549095, 0.0011425524717196822, 0.001060535665601492, 0.0009757311199791729, 0.000913793221116066, 0.0008527860045433044, 0.0008007255382835865, 0.000753606203943491], "val_loss": [0.33211749792099, 0.09993807226419449, 0.23167772591114044, 0.0756126195192337, 0.1234317198395729, 0.05586693808436394, 0.027251115068793297, 0.02759021520614624, 0.01518725510686636, 0.013166874647140503, 0.006844525691121817, 0.011503481306135654, 0.011924611404538155, 0.012373783625662327, 0.010226157493889332, 0.010936951264739037, 0.011876202188432217, 0.01187965553253889, 0.012500113807618618, 0.011506366543471813, 0.011532936245203018, 0.012359870597720146, 0.01242140680551529, 0.01191150862723589, 0.011020716279745102, 0.009904135949909687, 0.01007026806473732, 0.00898285023868084, 0.008399748243391514, 0.007739530876278877, 0.007291241083294153, 0.0074468255043029785]}