{"loss": [0.4616890251636505, 0.0944453701376915, 0.06462536752223969, 0.05005316063761711, 0.03249898552894592, 0.026453465223312378, 0.020903049036860466, 0.018509455025196075, 0.015113414265215397, 0.013289414346218109, 0.011576280929148197, 0.009577959775924683, 0.008305969648063183, 0.006774523761123419, 0.006325350608676672, 0.005116059444844723, 0.004420147277414799, 0.0035643905866891146, 0.003055879846215248, 0.0025550106074661016, 0.0020360341295599937, 0.0016446491936221719, 0.0013913650764152408, 0.0011286266380921006, 0.0009252362069673836, 0.0008283990318886936, 0.0007513127638958395, 0.0006787707097828388, 0.0005822009989060462, 0.0005347999394871294, 0.0004928327980451286, 0.000495799642521888], "val_loss": [0.581147313117981, 0.3228394687175751, 0.261665403842926, 0.14856673777103424, 0.14853209257125854, 0.11043541878461838, 0.13263271749019623, 0.10625685006380081, 0.12570373713970184, 0.11458317935466766, 0.10632258653640747, 0.13445377349853516, 0.11066119372844696, 0.14191381633281708, 0.14317664504051208, 0.1293758600950241, 0.14963148534297943, 0.13528531789779663, 0.1480686515569687, 0.14484845101833344, 0.14627961814403534, 0.15455685555934906, 0.14616402983665466, 0.1555343121290207, 0.15335030853748322, 0.15894682705402374, 0.15890879929065704, 0.164284810423851, 0.16653622686862946, 0.16545207798480988, 0.1668408364057541, 0.16925443708896637]}