{"loss": [0.5361051559448242, 0.11259784549474716, 0.046188581734895706, 0.029171006754040718, 0.018963748589158058, 0.014831670559942722, 0.01152079552412033, 0.010327126830816269, 0.0071443491615355015, 0.005533508490771055, 0.005053582135587931, 0.0046569895930588245, 0.0038362741470336914, 0.003373320447281003, 0.0031794754322618246, 0.0028870003297924995, 0.002558479318395257, 0.0024404393043369055, 0.0022427698131650686, 0.002078427467495203, 0.00195879559032619, 0.0017648885259404778, 0.0016779013676568866, 0.0015186703531071544, 0.0014177667908370495, 0.0012985679786652327, 0.0011927195591852069, 0.001104924944229424, 0.001010664040222764, 0.0009394713561050594, 0.0008605619077570736, 0.0008035728242248297], "val_loss": [0.09459032863378525, 0.1067192479968071, 0.014452597126364708, 0.01583714783191681, 0.009300396777689457, 0.01940770447254181, 0.006767971906810999, 0.00437118811532855, 0.005783477798104286, 0.007603463716804981, 0.0035216151736676693, 0.0031831550877541304, 0.003919852431863546, 0.0038622505962848663, 0.002696630544960499, 0.0026288649532943964, 0.002342857886105776, 0.0026409351266920567, 0.0020646024495363235, 0.0018904024036601186, 0.0017927450826391578, 0.0016458680620416999, 0.001628453261218965, 0.0013742184964939952, 0.0013159108348190784, 0.0011418730719015002, 0.0010353249963372946, 0.0009438596316613257, 0.0008641343447379768, 0.0007865890511311591, 0.0007250718190334737, 0.0006698996294289827]}