{"loss": [0.5416345000267029, 0.12289705127477646, 0.06420446932315826, 0.04922438785433769, 0.03476153686642647, 0.027807092294096947, 0.021507972851395607, 0.018449140712618828, 0.015430302359163761, 0.014740978367626667, 0.011698856018483639, 0.011685840785503387, 0.010253851301968098, 0.009708844125270844, 0.008665511384606361, 0.007966634817421436, 0.007102819159626961, 0.0065977261401712894, 0.0060438960790634155, 0.005290328059345484, 0.004873881582170725, 0.004414872732013464, 0.0037411542143672705, 0.0035041728988289833, 0.003166573354974389, 0.002749100560322404, 0.0023882826790213585, 0.002203366719186306, 0.0020278675947338343, 0.001805624458938837, 0.0015848473412916064, 0.0013991151936352253], "val_loss": [0.11530814319849014, 0.10015403479337692, 0.02609073743224144, 0.04960811510682106, 0.023752102628350258, 0.012213494628667831, 0.020828286185860634, 0.01321982592344284, 0.016836002469062805, 0.013390419073402882, 0.010696876794099808, 0.010185202583670616, 0.010073835961520672, 0.011068692430853844, 0.00958503969013691, 0.007830345071852207, 0.00785624235868454, 0.007916687987744808, 0.007542440202087164, 0.006476753391325474, 0.005830916576087475, 0.005906956735998392, 0.005543941631913185, 0.005340608302503824, 0.0047923726961016655, 0.004550210665911436, 0.004221638664603233, 0.004279143642634153, 0.003927790094166994, 0.0036534282844513655, 0.003500899998471141, 0.003484622575342655]}