{"loss": [0.5347465872764587, 0.0919036790728569, 0.03657764941453934, 0.03089839220046997, 0.021739790216088295, 0.014826384373009205, 0.01153845340013504, 0.01037316769361496, 0.008521170355379581, 0.007239673286676407, 0.006606834474951029, 0.0055460017174482346, 0.005147987976670265, 0.004457538481801748, 0.0038494074251502752, 0.003524086670950055, 0.0029744096100330353, 0.0026284996420145035, 0.0023638829588890076, 0.0021145252976566553, 0.001781576662324369, 0.00163347611669451, 0.0014820167561993003, 0.0013387436047196388, 0.0012403541477397084, 0.0011384283425286412, 0.0010709029156714678, 0.0009945291094481945, 0.0009107665973715484, 0.0008491647895425558, 0.0007892451249063015, 0.0007306535262614489], "val_loss": [0.01744759827852249, 0.03250860422849655, 0.0200947318226099, 0.024748707190155983, 0.013711231760680676, 0.005338685121387243, 0.00797125231474638, 0.013438437134027481, 0.006366590969264507, 0.004716330673545599, 0.00828460231423378, 0.010279718786478043, 0.005710483528673649, 0.003928312566131353, 0.005602060817182064, 0.005707403179258108, 0.003930323291569948, 0.0036093294620513916, 0.0053956094197928905, 0.005175653379410505, 0.0047541591338813305, 0.005231122486293316, 0.005093517247587442, 0.004306850489228964, 0.004608962219208479, 0.005222035571932793, 0.004648084286600351, 0.004487918224185705, 0.004864001180976629, 0.004577403422445059, 0.004440417047590017, 0.004542435985058546]}