{"loss": [0.4673345983028412, 0.0892179012298584, 0.04798014834523201, 0.028056547045707703, 0.016368383541703224, 0.01505227666348219, 0.011072029359638691, 0.011463521979749203, 0.0074208565056324005, 0.007991485297679901, 0.005890317261219025, 0.005954486783593893, 0.005000507924705744, 0.0047237505204975605, 0.004347060341387987, 0.003940399270504713, 0.003669869853183627, 0.0033629012759774923, 0.0031027242075651884, 0.0029005480464547873, 0.0025934267323464155, 0.002377032767981291, 0.002155856927856803, 0.001934357569552958, 0.0017328150570392609, 0.0015559130115434527, 0.0013724890304729342, 0.0012373789213597775, 0.0011023490224033594, 0.0009894623653963208, 0.0009134995634667575, 0.0008379595819860697], "val_loss": [0.015806371346116066, 0.011309254914522171, 0.04342285543680191, 0.011304689571261406, 0.008711175993084908, 0.0072509231977164745, 0.007488673087209463, 0.00611030263826251, 0.005974597297608852, 0.0060415430925786495, 0.005762886255979538, 0.005163420923054218, 0.004930911120027304, 0.005193314049392939, 0.0046614897437393665, 0.004610696341842413, 0.004609835799783468, 0.004660235717892647, 0.004306252580136061, 0.004085743334144354, 0.003928915597498417, 0.003734711790457368, 0.003527748631313443, 0.0033720831852406263, 0.0032465439289808273, 0.0030800311360508204, 0.002922120038419962, 0.002800299320369959, 0.00263596186414361, 0.0024496647529304028, 0.002298520179465413, 0.002158459508791566]}