{"loss": [0.40506646037101746, 0.13241605460643768, 0.03624412789940834, 0.030075155198574066, 0.014117513783276081, 0.01102460641413927, 0.008752334862947464, 0.007569924462586641, 0.005368210840970278, 0.005024281330406666, 0.004266446456313133, 0.003835448296740651, 0.003684013383463025, 0.003184281988069415, 0.002903572516515851, 0.002707698382437229, 0.0025546152610331774, 0.002369847847148776, 0.0022450683172792196, 0.0021286930423229933, 0.0020120677072554827, 0.00191094062756747, 0.0018146132351830602, 0.0017225934425368905, 0.0016461285995319486, 0.0015594993019476533, 0.0014911243924871087, 0.001419010222889483, 0.0013457696186378598, 0.001286494079977274, 0.0012100125895813107, 0.0011631028028205037], "val_loss": [0.42104703187942505, 0.0963924378156662, 0.38183414936065674, 0.28909817337989807, 0.06404118239879608, 0.1493302285671234, 0.18351320922374725, 0.13595761358737946, 0.18300387263298035, 0.15706436336040497, 0.19018153846263885, 0.12920111417770386, 0.14080850780010223, 0.1533411592245102, 0.12537260353565216, 0.11390615999698639, 0.10182588547468185, 0.12135565280914307, 0.1010989099740982, 0.10892585664987564, 0.10117325186729431, 0.09791567176580429, 0.08500123023986816, 0.09055447578430176, 0.08238329738378525, 0.08512608706951141, 0.07990934699773788, 0.08326198160648346, 0.0744304433465004, 0.08402016758918762, 0.07625100761651993, 0.08455159515142441]}