{"loss": [0.5818302035331726, 0.16138429939746857, 0.0743296667933464, 0.04566369950771332, 0.028905607759952545, 0.02788218855857849, 0.01686832122504711, 0.01613921858370304, 0.010696269571781158, 0.011130422353744507, 0.007927398197352886, 0.006987677421420813, 0.0063074990175664425, 0.00570716941729188, 0.004902709275484085, 0.0038670282810926437, 0.003749024122953415, 0.003303596982732415, 0.0029173120856285095, 0.002685324288904667, 0.0023036112543195486, 0.002131284913048148, 0.0019354360410943627, 0.0018163584172725677, 0.0016760596772655845, 0.0015444358577951789, 0.0014357916079461575, 0.0013165473937988281, 0.0012354091741144657, 0.0011264426866546273, 0.0010552458697929978, 0.0009571111877448857], "val_loss": [0.333667516708374, 0.09098841995000839, 0.06285136193037033, 0.06663919985294342, 0.002779550850391388, 0.014531614258885384, 0.0219737496227026, 0.019827308133244514, 0.006067520938813686, 0.003827465232461691, 0.01603616401553154, 0.003224481362849474, 0.0019788495264947414, 0.007795598357915878, 0.007463595364242792, 0.0014575534733012319, 0.0024778281804174185, 0.003581110155209899, 0.0007134358747862279, 0.0010366225615143776, 0.0009731092141009867, 0.000854767975397408, 0.0010383112821727991, 0.0010502415243536234, 0.0007839390309527516, 0.0007047465187497437, 0.0005848332075402141, 0.0005877611692994833, 0.0006309268064796925, 0.0006436770781874657, 0.0006593433208763599, 0.0006147776730358601]}