{"loss": [0.4201028645038605, 0.11647260189056396, 0.06084864214062691, 0.03279232978820801, 0.0177412461489439, 0.016885904595255852, 0.013345916755497456, 0.00853657629340887, 0.0070710512809455395, 0.006535748019814491, 0.005099395755678415, 0.004648810252547264, 0.004396667703986168, 0.003399789100512862, 0.0034105817321687937, 0.0029687632340937853, 0.002647251123562455, 0.002514244057238102, 0.0023099714890122414, 0.002079328754916787, 0.0019718948751688004, 0.0017968417378142476, 0.0016460656188428402, 0.0015225993702188134, 0.0014211315428838134, 0.0013213191414251924, 0.0012024943716824055, 0.0011367257684469223, 0.0010550208389759064, 0.0009777283994480968, 0.0009295036434195936, 0.0008689162787050009], "val_loss": [0.5698573589324951, 0.13207371532917023, 0.21049875020980835, 0.09656865894794464, 0.11506284773349762, 0.14087359607219696, 0.11052649468183517, 0.14636985957622528, 0.07785989344120026, 0.14473335444927216, 0.12018280476331711, 0.14720527827739716, 0.11531224846839905, 0.1622571349143982, 0.1160312369465828, 0.1360701471567154, 0.11778189241886139, 0.12583917379379272, 0.1151374951004982, 0.12405738234519958, 0.1101214736700058, 0.10835697501897812, 0.11408037692308426, 0.10551697015762329, 0.10370809584856033, 0.09976490586996078, 0.09899231791496277, 0.09845548123121262, 0.09407936036586761, 0.09322907030582428, 0.09273631125688553, 0.0906447023153305]}