{"loss": [0.42158034443855286, 0.1090373769402504, 0.032897207885980606, 0.020625382661819458, 0.021472463384270668, 0.006390213500708342, 0.009109051898121834, 0.005204465705901384, 0.004701007157564163, 0.00316665624268353, 0.0034897432196885347, 0.0023121125996112823, 0.0021979373414069414, 0.001646657008677721, 0.001540966215543449, 0.0013721931027248502, 0.0010859610047191381, 0.0010225416626781225, 0.0008691154071129858, 0.0008438620716333389, 0.0007216481026262045, 0.0006561340414918959, 0.0006342561100609601, 0.0005724372458644211, 0.0005423476686701179, 0.0005122681031934917, 0.0004844892246183008, 0.0004653350042644888, 0.0004460166674107313, 0.00042796810157597065, 0.0004115051997359842, 0.00039663261850364506], "val_loss": [1.9027442932128906, 0.7637637853622437, 0.4704461693763733, 0.6536110639572144, 0.8170539140701294, 0.9051827788352966, 1.0920569896697998, 1.1523714065551758, 1.0108511447906494, 0.9815889596939087, 1.1509387493133545, 1.3062020540237427, 1.2997490167617798, 1.2552413940429688, 1.2623471021652222, 1.2568588256835938, 1.2270694971084595, 1.2401808500289917, 1.2691855430603027, 1.2543489933013916, 1.2321081161499023, 1.2313176393508911, 1.223402500152588, 1.214705228805542, 1.2074761390686035, 1.1814517974853516, 1.1644947528839111, 1.1656898260116577, 1.1583600044250488, 1.1509026288986206, 1.1422092914581299, 1.1261683702468872]}