{"loss": [0.7345268726348877, 0.11336752027273178, 0.06490634381771088, 0.06318478286266327, 0.03548293188214302, 0.03640512377023697, 0.02302323281764984, 0.02455158904194832, 0.015695543959736824, 0.015439383685588837, 0.012395883910357952, 0.011007590219378471, 0.009227357804775238, 0.007111602462828159, 0.007123097777366638, 0.006297427229583263, 0.005877429619431496, 0.0054635778069496155, 0.005127706564962864, 0.004819249734282494, 0.004476707894355059, 0.004166346043348312, 0.003924831748008728, 0.0037060966715216637, 0.003388660494238138, 0.0032817116007208824, 0.003032408654689789, 0.002920054132118821, 0.0026886691339313984, 0.0026716706342995167, 0.002495416207239032, 0.0023845224641263485], "val_loss": [0.12845325469970703, 0.38334518671035767, 0.10974375903606415, 0.07672712206840515, 0.045402273535728455, 0.032302819192409515, 0.010223197750747204, 0.006729953456670046, 0.015360563062131405, 0.012576784938573837, 0.012224597856402397, 0.009307094849646091, 0.008622894063591957, 0.0131536815315485, 0.017275821417570114, 0.025676755234599113, 0.03476596251130104, 0.03374655172228813, 0.03550155833363533, 0.035051312297582626, 0.030588287860155106, 0.03149522468447685, 0.02974393405020237, 0.028081132099032402, 0.02840474061667919, 0.02586205303668976, 0.026444654911756516, 0.026687877252697945, 0.02642682194709778, 0.027300454676151276, 0.02580941468477249, 0.02609611302614212]}