{"loss": [0.45247960090637207, 0.15172605216503143, 0.10412555187940598, 0.07389434427022934, 0.05586372688412666, 0.0356493704020977, 0.031064413487911224, 0.022640211507678032, 0.01779559999704361, 0.01719765178859234, 0.013634923845529556, 0.0111304996535182, 0.010143373161554337, 0.009503865614533424, 0.007982171140611172, 0.007477508392184973, 0.006579678039997816, 0.00586676737293601, 0.005442919209599495, 0.00474027032032609, 0.0043737380765378475, 0.0038081230595707893, 0.003486758330836892, 0.0030936356633901596, 0.0028033405542373657, 0.002515569096431136, 0.0023124106228351593, 0.0021124875638633966, 0.0019797987770289183, 0.001837843214161694, 0.0017516479128971696, 0.0016575847985222936], "val_loss": [1.2238655090332031, 0.8388963937759399, 0.7472524642944336, 0.6959269642829895, 0.241224467754364, 0.6274077892303467, 0.5085225105285645, 0.325804203748703, 0.5393275022506714, 0.5478572845458984, 0.28694289922714233, 0.2655322849750519, 0.3776949644088745, 0.2407780885696411, 0.17155703902244568, 0.2602533996105194, 0.2835085093975067, 0.25823676586151123, 0.29196155071258545, 0.3184642195701599, 0.2748478949069977, 0.23441040515899658, 0.2499437928199768, 0.23832619190216064, 0.2406572550535202, 0.2694002687931061, 0.2787180542945862, 0.2659913897514343, 0.27220767736434937, 0.25966134667396545, 0.256904274225235, 0.2662101984024048]}