{"loss": [0.4508741796016693, 0.10419455915689468, 0.05859006941318512, 0.035464633256196976, 0.026498647406697273, 0.021682733669877052, 0.015463446266949177, 0.01295450795441866, 0.012804453261196613, 0.01098739355802536, 0.009096921421587467, 0.008486338891088963, 0.007815889082849026, 0.0067794788628816605, 0.006203364115208387, 0.005658780690282583, 0.0051413183100521564, 0.004668754525482655, 0.004048917908221483, 0.00370191503316164, 0.0032833076547831297, 0.002934286603704095, 0.0025986831169575453, 0.0022875864524394274, 0.002042879816144705, 0.0018211273709312081, 0.0016515670577064157, 0.0014815783360973, 0.0013872617855668068, 0.0012683855602517724, 0.0011757673928514123, 0.0011193915270268917], "val_loss": [0.04992790147662163, 0.08476255089044571, 0.027548417448997498, 0.040632203221321106, 0.015977969393134117, 0.0159349013119936, 0.016147948801517487, 0.021066462621092796, 0.013756060972809792, 0.014494459144771099, 0.012807188555598259, 0.012699614278972149, 0.011158180423080921, 0.011046011932194233, 0.009943661279976368, 0.00953873060643673, 0.008688600733876228, 0.008020262233912945, 0.007372845895588398, 0.00693469075486064, 0.006342877633869648, 0.006164253689348698, 0.005458405707031488, 0.005114743020385504, 0.004811204969882965, 0.004702914040535688, 0.00448076194152236, 0.004300958942621946, 0.004158280324190855, 0.004009337164461613, 0.0038633374497294426, 0.003860138589516282]}