{"loss": [0.5323723554611206, 0.09232719987630844, 0.04320209100842476, 0.03021678328514099, 0.018817594274878502, 0.017326483502984047, 0.013485025614500046, 0.009365413337945938, 0.009189113043248653, 0.006974952295422554, 0.007045355159789324, 0.00603026757016778, 0.005147899966686964, 0.005063162650913, 0.00420802878215909, 0.004230213351547718, 0.0034861222375184298, 0.0034906137734651566, 0.0029163153376430273, 0.002851850586012006, 0.0024149694945663214, 0.0023272361140698195, 0.0019793196115642786, 0.0018701418302953243, 0.001608491875231266, 0.0014773191651329398, 0.001306234858930111, 0.0011762069771066308, 0.0010356674902141094, 0.0009430853533558547, 0.0008367603295482695, 0.0007439043838530779], "val_loss": [0.054344505071640015, 0.03279672935605049, 0.00687649380415678, 0.011377941817045212, 0.005241462495177984, 0.004691760055720806, 0.0050370339304208755, 0.0062864492647349834, 0.00565717788413167, 0.004134878516197205, 0.004123506601899862, 0.005385024473071098, 0.007174959871917963, 0.007807314395904541, 0.006538141053169966, 0.0062754456885159016, 0.005655465181916952, 0.005439341999590397, 0.0045883250422775745, 0.004284743685275316, 0.0040867566131055355, 0.004115045070648193, 0.0037642267998307943, 0.003446168964728713, 0.0031945195514708757, 0.0030413728673011065, 0.0029009729623794556, 0.002648908644914627, 0.0024650178384035826, 0.002316302852705121, 0.002148905536159873, 0.0020019449293613434]}