{"loss": [0.5230414867401123, 0.11706820130348206, 0.06666094809770584, 0.03724544867873192, 0.021510228514671326, 0.01773218996822834, 0.013860970735549927, 0.010045342147350311, 0.008311026729643345, 0.006887467112392187, 0.005723199341446161, 0.00524869142100215, 0.0038765936624258757, 0.0037238176446408033, 0.0031457282602787018, 0.0028937116730958223, 0.0027037765830755234, 0.0024488347116857767, 0.002334080869331956, 0.0019350374350324273, 0.001852160319685936, 0.0016111306613311172, 0.0015609688125550747, 0.0013495669700205326, 0.001289965701289475, 0.0011935667134821415, 0.0010677971877157688, 0.0010200600372627378, 0.0009172193822450936, 0.0008624449255876243, 0.0007964873220771551, 0.000761958712246269], "val_loss": [0.06869552284479141, 0.08775192499160767, 0.014935645274817944, 0.01176780927926302, 0.009506345726549625, 0.00818275660276413, 0.005954418331384659, 0.005901000928133726, 0.00419977493584156, 0.0034513957798480988, 0.003524571657180786, 0.0032254133839160204, 0.0036667187232524157, 0.0031560109928250313, 0.003355547320097685, 0.00293148634955287, 0.0028847192879766226, 0.002556842751801014, 0.0022952603176236153, 0.002212774707004428, 0.002086163032799959, 0.002110380446538329, 0.001859745942056179, 0.0018313496839255095, 0.001711935386992991, 0.0015806867741048336, 0.001561175798997283, 0.001463809865526855, 0.0013525725807994604, 0.001322542317211628, 0.0012357007944956422, 0.0011541900457814336]}